2026-06-05 06:03:25.635 [INFO ] loginUser ::::: null
2026-06-05 06:03:32.542 [WARN ] Creation of SecureRandom instance for session ID generation using [SHA1PRNG] took [706] milliseconds.
2026-06-05 06:03:32.556 [INFO ] loginUser ::::: test
2026-06-05 06:04:03.459 [INFO ] loginUser ::::: test
2026-06-05 06:04:34.728 [INFO ] Closing JPA EntityManagerFactory for persistence unit 'default'
2026-06-05 06:04:34.732 [INFO ] HikariPool-1 - Shutdown initiated...
2026-06-05 06:04:34.737 [INFO ] HikariPool-1 - Shutdown completed.
2026-06-05 06:05:03.717 [INFO ] Starting RadarWebApplication using Java 11.0.2 on haems with PID 7256 (C:\0003_kimsn\kimsn\radar-web\build\classes\java\main started by imeahmik in C:\0003_kimsn\kimsn)
2026-06-05 06:05:03.737 [DEBUG] Running with Spring Boot v2.7.12, Spring v5.3.27
2026-06-05 06:05:03.740 [INFO ] No active profile set, falling back to 1 default profile: "default"
2026-06-05 06:05:04.337 [INFO ] Devtools property defaults active! Set 'spring.devtools.add-properties' to 'false' to disable
2026-06-05 06:05:04.337 [INFO ] For additional web related logging consider setting the 'logging.level.web' property to 'DEBUG'
2026-06-05 06:05:06.128 [INFO ] Bootstrapping Spring Data JPA repositories in DEFAULT mode.
2026-06-05 06:05:06.521 [INFO ] Finished Spring Data repository scanning in 366 ms. Found 24 JPA repository interfaces.
2026-06-05 06:05:08.628 [INFO ] Tomcat initialized with port(s): 8700 (http)
2026-06-05 06:05:08.656 [INFO ] Initializing ProtocolHandler ["http-nio-8700"]
2026-06-05 06:05:08.657 [INFO ] Starting service [Tomcat]
2026-06-05 06:05:08.657 [INFO ] Starting Servlet engine: [Apache Tomcat/9.0.75]
2026-06-05 06:05:09.042 [INFO ] Initializing Spring embedded WebApplicationContext
2026-06-05 06:05:09.042 [INFO ] Root WebApplicationContext: initialization completed in 4702 ms
2026-06-05 06:05:09.215 [WARN ] Cannot deserialize session attribute [SPRING_SECURITY_CONTEXT] for session [F4C729F8BD8236749C8BA12700A8C257]
2026-06-05 06:05:09.294 [INFO ] HikariPool-1 - Starting...
2026-06-05 06:05:10.194 [INFO ] HikariPool-1 - Start completed.
2026-06-05 06:05:10.400 [INFO ] HHH000204: Processing PersistenceUnitInfo [name: default]
2026-06-05 06:05:10.584 [INFO ] HHH000412: Hibernate ORM core version 5.6.15.Final
2026-06-05 06:05:11.055 [INFO ] HCANN000001: Hibernate Commons Annotations {5.1.2.Final}
2026-06-05 06:05:11.569 [INFO ] HHH000400: Using dialect: org.hibernate.dialect.MySQL8Dialect
2026-06-05 06:05:13.253 [INFO ] HHH000490: Using JtaPlatform implementation: [org.hibernate.engine.transaction.jta.platform.internal.NoJtaPlatform]
2026-06-05 06:05:13.275 [INFO ] Initialized JPA EntityManagerFactory for persistence unit 'default'
2026-06-05 06:05:15.354 [INFO ] Will secure any request with [org.springframework.security.web.session.DisableEncodeUrlFilter@59aba013, org.springframework.security.web.context.request.async.WebAsyncManagerIntegrationFilter@383ecfb4, org.springframework.security.web.context.SecurityContextPersistenceFilter@595ec67a, org.springframework.security.web.header.HeaderWriterFilter@3fd53a3b, org.springframework.security.web.authentication.logout.LogoutFilter@7e6bbb1, org.springframework.security.web.authentication.UsernamePasswordAuthenticationFilter@68a10221, org.springframework.security.web.savedrequest.RequestCacheAwareFilter@5adfcd62, org.springframework.security.web.servletapi.SecurityContextHolderAwareRequestFilter@5cd8ef59, org.springframework.security.web.authentication.AnonymousAuthenticationFilter@58ee7298, org.springframework.security.web.session.SessionManagementFilter@599ba66f, org.springframework.security.web.access.ExceptionTranslationFilter@5d9a7dba, org.springframework.security.web.access.intercept.FilterSecurityInterceptor@3a22251a]
2026-06-05 06:05:15.662 [WARN ] spring.jpa.open-in-view is enabled by default. Therefore, database queries may be performed during view rendering. Explicitly configure spring.jpa.open-in-view to disable this warning
2026-06-05 06:05:17.406 [INFO ] LiveReload server is running on port 35729
2026-06-05 06:05:17.437 [INFO ] Starting ProtocolHandler ["http-nio-8700"]
2026-06-05 06:05:17.480 [INFO ] Tomcat started on port(s): 8700 (http) with context path ''
2026-06-05 06:05:17.503 [INFO ] Started RadarWebApplication in 14.773 seconds (JVM running for 17.399)
2026-06-05 06:05:18.128 [INFO ] Initializing Spring DispatcherServlet 'dispatcherServlet'
2026-06-05 06:05:18.129 [INFO ] Initializing Servlet 'dispatcherServlet'
2026-06-05 06:05:18.130 [INFO ] Completed initialization in 1 ms
2026-06-05 06:05:18.349 [INFO ] loginUser ::::: test
2026-06-05 06:05:51.881 [INFO ] loginUser ::::: test
2026-06-04 21:06:22.243 [INFO ] loginUser ::::: test
2026-06-04 21:06:52.896 [INFO ] loginUser ::::: test
2026-06-04 21:06:56.880 [INFO ] Closing JPA EntityManagerFactory for persistence unit 'default'
2026-06-04 21:06:56.885 [INFO ] HikariPool-1 - Shutdown initiated...
2026-06-04 21:06:56.891 [INFO ] HikariPool-1 - Shutdown completed.
2026-06-04 21:07:22.285 [INFO ] Starting RadarWebApplication using Java 11.0.2 on haems with PID 21484 (C:\0003_kimsn\kimsn\radar-web\build\classes\java\main started by imeahmik in C:\0003_kimsn\kimsn)
2026-06-04 21:07:22.299 [DEBUG] Running with Spring Boot v2.7.12, Spring v5.3.27
2026-06-04 21:07:22.301 [INFO ] No active profile set, falling back to 1 default profile: "default"
2026-06-04 21:07:22.646 [INFO ] Devtools property defaults active! Set 'spring.devtools.add-properties' to 'false' to disable
2026-06-04 21:07:22.646 [INFO ] For additional web related logging consider setting the 'logging.level.web' property to 'DEBUG'
2026-06-04 21:07:24.014 [INFO ] Bootstrapping Spring Data JPA repositories in DEFAULT mode.
2026-06-04 21:07:24.335 [INFO ] Finished Spring Data repository scanning in 302 ms. Found 24 JPA repository interfaces.
2026-06-04 21:07:26.148 [INFO ] Tomcat initialized with port(s): 8700 (http)
2026-06-04 21:07:26.168 [INFO ] Initializing ProtocolHandler ["http-nio-8700"]
2026-06-04 21:07:26.169 [INFO ] Starting service [Tomcat]
2026-06-04 21:07:26.169 [INFO ] Starting Servlet engine: [Apache Tomcat/9.0.75]
2026-06-04 21:07:26.675 [INFO ] Initializing Spring embedded WebApplicationContext
2026-06-04 21:07:26.675 [INFO ] Root WebApplicationContext: initialization completed in 4028 ms
2026-06-04 21:07:27.164 [INFO ] HikariPool-1 - Starting...
2026-06-04 21:07:28.239 [INFO ] HikariPool-1 - Start completed.
2026-06-04 21:07:28.451 [INFO ] HHH000204: Processing PersistenceUnitInfo [name: default]
2026-06-04 21:07:28.666 [INFO ] HHH000412: Hibernate ORM core version 5.6.15.Final
2026-06-04 21:07:29.078 [INFO ] HCANN000001: Hibernate Commons Annotations {5.1.2.Final}
2026-06-04 21:07:29.429 [INFO ] HHH000400: Using dialect: org.hibernate.dialect.MySQL8Dialect
2026-06-04 21:07:30.951 [INFO ] HHH000490: Using JtaPlatform implementation: [org.hibernate.engine.transaction.jta.platform.internal.NoJtaPlatform]
2026-06-04 21:07:30.980 [INFO ] Initialized JPA EntityManagerFactory for persistence unit 'default'
2026-06-04 21:07:32.618 [INFO ] Will secure any request with [org.springframework.security.web.session.DisableEncodeUrlFilter@14678bce, org.springframework.security.web.context.request.async.WebAsyncManagerIntegrationFilter@1f206507, org.springframework.security.web.context.SecurityContextPersistenceFilter@6b295f6a, org.springframework.security.web.header.HeaderWriterFilter@12676818, org.springframework.security.web.authentication.logout.LogoutFilter@5c25cc42, org.springframework.security.web.authentication.UsernamePasswordAuthenticationFilter@5836d135, org.springframework.security.web.savedrequest.RequestCacheAwareFilter@44177b90, org.springframework.security.web.servletapi.SecurityContextHolderAwareRequestFilter@58f07136, org.springframework.security.web.authentication.AnonymousAuthenticationFilter@7171a0af, org.springframework.security.web.session.SessionManagementFilter@1cee4ddd, org.springframework.security.web.access.ExceptionTranslationFilter@7a077d65, org.springframework.security.web.access.intercept.FilterSecurityInterceptor@3fddb573]
2026-06-04 21:07:32.917 [WARN ] spring.jpa.open-in-view is enabled by default. Therefore, database queries may be performed during view rendering. Explicitly configure spring.jpa.open-in-view to disable this warning
2026-06-04 21:07:33.920 [INFO ] LiveReload server is running on port 35729
2026-06-04 21:07:33.940 [INFO ] Starting ProtocolHandler ["http-nio-8700"]
2026-06-04 21:07:33.975 [INFO ] Tomcat started on port(s): 8700 (http) with context path ''
2026-06-04 21:07:33.987 [INFO ] Started RadarWebApplication in 12.549 seconds (JVM running for 15.506)
2026-06-04 21:07:34.937 [INFO ] Initializing Spring DispatcherServlet 'dispatcherServlet'
2026-06-04 21:07:34.937 [INFO ] Initializing Servlet 'dispatcherServlet'
2026-06-04 21:07:34.940 [INFO ] Completed initialization in 3 ms
2026-06-04 21:07:35.136 [INFO ] loginUser ::::: test
2026-06-04 21:08:08.075 [INFO ] loginUser ::::: test
2026-06-04 21:08:39.037 [INFO ] loginUser ::::: test
2026-06-04 21:09:10.686 [INFO ] loginUser ::::: test
2026-06-04 21:09:41.703 [INFO ] loginUser ::::: test
2026-06-04 21:10:12.946 [INFO ] loginUser ::::: test
2026-06-04 21:10:20.515 [INFO ] Closing JPA EntityManagerFactory for persistence unit 'default'
2026-06-04 21:10:20.518 [INFO ] HikariPool-1 - Shutdown initiated...
2026-06-04 21:10:20.521 [INFO ] HikariPool-1 - Shutdown completed.
2026-06-04 21:10:49.691 [INFO ] Starting RadarWebApplication using Java 11.0.2 on haems with PID 28160 (C:\0003_kimsn\kimsn\radar-web\build\classes\java\main started by imeahmik in C:\0003_kimsn\kimsn)
2026-06-04 21:10:49.704 [DEBUG] Running with Spring Boot v2.7.12, Spring v5.3.27
2026-06-04 21:10:49.707 [INFO ] No active profile set, falling back to 1 default profile: "default"
2026-06-04 21:10:50.069 [INFO ] Devtools property defaults active! Set 'spring.devtools.add-properties' to 'false' to disable
2026-06-04 21:10:50.070 [INFO ] For additional web related logging consider setting the 'logging.level.web' property to 'DEBUG'
2026-06-04 21:10:51.381 [INFO ] Bootstrapping Spring Data JPA repositories in DEFAULT mode.
2026-06-04 21:10:51.700 [INFO ] Finished Spring Data repository scanning in 302 ms. Found 24 JPA repository interfaces.
2026-06-04 21:10:53.150 [INFO ] Tomcat initialized with port(s): 8700 (http)
2026-06-04 21:10:53.163 [INFO ] Initializing ProtocolHandler ["http-nio-8700"]
2026-06-04 21:10:53.163 [INFO ] Starting service [Tomcat]
2026-06-04 21:10:53.164 [INFO ] Starting Servlet engine: [Apache Tomcat/9.0.75]
2026-06-04 21:10:53.364 [INFO ] Initializing Spring embedded WebApplicationContext
2026-06-04 21:10:53.364 [INFO ] Root WebApplicationContext: initialization completed in 3293 ms
2026-06-04 21:10:53.493 [INFO ] HikariPool-1 - Starting...
2026-06-04 21:10:54.252 [INFO ] HikariPool-1 - Start completed.
2026-06-04 21:10:54.392 [INFO ] HHH000204: Processing PersistenceUnitInfo [name: default]
2026-06-04 21:10:54.563 [INFO ] HHH000412: Hibernate ORM core version 5.6.15.Final
2026-06-04 21:10:54.930 [INFO ] HCANN000001: Hibernate Commons Annotations {5.1.2.Final}
2026-06-04 21:10:55.325 [INFO ] HHH000400: Using dialect: org.hibernate.dialect.MySQL8Dialect
2026-06-04 21:10:56.827 [INFO ] HHH000490: Using JtaPlatform implementation: [org.hibernate.engine.transaction.jta.platform.internal.NoJtaPlatform]
2026-06-04 21:10:56.856 [INFO ] Initialized JPA EntityManagerFactory for persistence unit 'default'
2026-06-04 21:10:58.492 [INFO ] Will secure any request with [org.springframework.security.web.session.DisableEncodeUrlFilter@5078f81d, org.springframework.security.web.context.request.async.WebAsyncManagerIntegrationFilter@100439c0, org.springframework.security.web.context.SecurityContextPersistenceFilter@5abb80ce, org.springframework.security.web.header.HeaderWriterFilter@4f2c80d1, org.springframework.security.web.authentication.logout.LogoutFilter@6b59f717, org.springframework.security.web.authentication.UsernamePasswordAuthenticationFilter@23ce69b1, org.springframework.security.web.savedrequest.RequestCacheAwareFilter@42be48d9, org.springframework.security.web.servletapi.SecurityContextHolderAwareRequestFilter@265ac275, org.springframework.security.web.authentication.AnonymousAuthenticationFilter@40d75990, org.springframework.security.web.session.SessionManagementFilter@25ff7493, org.springframework.security.web.access.ExceptionTranslationFilter@7bfe23cf, org.springframework.security.web.access.intercept.FilterSecurityInterceptor@4f23b2b9]
2026-06-04 21:10:58.735 [WARN ] spring.jpa.open-in-view is enabled by default. Therefore, database queries may be performed during view rendering. Explicitly configure spring.jpa.open-in-view to disable this warning
2026-06-04 21:10:59.769 [INFO ] LiveReload server is running on port 35729
2026-06-04 21:10:59.799 [INFO ] Starting ProtocolHandler ["http-nio-8700"]
2026-06-04 21:10:59.829 [INFO ] Tomcat started on port(s): 8700 (http) with context path ''
2026-06-04 21:10:59.838 [INFO ] Started RadarWebApplication in 11.005 seconds (JVM running for 14.232)
2026-06-04 21:11:13.425 [INFO ] Initializing Spring DispatcherServlet 'dispatcherServlet'
2026-06-04 21:11:13.426 [INFO ] Initializing Servlet 'dispatcherServlet'
2026-06-04 21:11:13.427 [INFO ] Completed initialization in 1 ms
2026-06-04 21:11:13.597 [INFO ] loginUser ::::: test
2026-06-04 21:11:47.022 [INFO ] loginUser ::::: test
2026-06-04 21:12:17.916 [INFO ] loginUser ::::: test
2026-06-04 21:12:34.058 [INFO ] Closing JPA EntityManagerFactory for persistence unit 'default'
2026-06-04 21:12:34.061 [INFO ] HikariPool-1 - Shutdown initiated...
2026-06-04 21:12:34.064 [INFO ] HikariPool-1 - Shutdown completed.
2026-06-04 21:13:02.147 [INFO ] Starting RadarWebApplication using Java 11.0.2 on haems with PID 16852 (C:\0003_kimsn\kimsn\radar-web\build\classes\java\main started by imeahmik in C:\0003_kimsn\kimsn)
2026-06-04 21:13:02.169 [DEBUG] Running with Spring Boot v2.7.12, Spring v5.3.27
2026-06-04 21:13:02.172 [INFO ] No active profile set, falling back to 1 default profile: "default"
2026-06-04 21:13:03.043 [INFO ] Devtools property defaults active! Set 'spring.devtools.add-properties' to 'false' to disable
2026-06-04 21:13:03.044 [INFO ] For additional web related logging consider setting the 'logging.level.web' property to 'DEBUG'
2026-06-04 21:13:05.655 [INFO ] Bootstrapping Spring Data JPA repositories in DEFAULT mode.
2026-06-04 21:13:06.089 [INFO ] Finished Spring Data repository scanning in 416 ms. Found 24 JPA repository interfaces.
2026-06-04 21:13:07.600 [INFO ] Tomcat initialized with port(s): 8700 (http)
2026-06-04 21:13:07.618 [INFO ] Initializing ProtocolHandler ["http-nio-8700"]
2026-06-04 21:13:07.618 [INFO ] Starting service [Tomcat]
2026-06-04 21:13:07.619 [INFO ] Starting Servlet engine: [Apache Tomcat/9.0.75]
2026-06-04 21:13:07.884 [INFO ] Initializing Spring embedded WebApplicationContext
2026-06-04 21:13:07.884 [INFO ] Root WebApplicationContext: initialization completed in 4838 ms
2026-06-04 21:13:08.036 [INFO ] HikariPool-1 - Starting...
2026-06-04 21:13:08.784 [INFO ] HikariPool-1 - Start completed.
2026-06-04 21:13:09.005 [INFO ] HHH000204: Processing PersistenceUnitInfo [name: default]
2026-06-04 21:13:09.218 [INFO ] HHH000412: Hibernate ORM core version 5.6.15.Final
2026-06-04 21:13:09.693 [INFO ] HCANN000001: Hibernate Commons Annotations {5.1.2.Final}
2026-06-04 21:13:10.036 [INFO ] HHH000400: Using dialect: org.hibernate.dialect.MySQL8Dialect
2026-06-04 21:13:11.760 [INFO ] HHH000490: Using JtaPlatform implementation: [org.hibernate.engine.transaction.jta.platform.internal.NoJtaPlatform]
2026-06-04 21:13:11.783 [INFO ] Initialized JPA EntityManagerFactory for persistence unit 'default'
2026-06-04 21:13:13.603 [INFO ] Will secure any request with [org.springframework.security.web.session.DisableEncodeUrlFilter@7c618453, org.springframework.security.web.context.request.async.WebAsyncManagerIntegrationFilter@75176f25, org.springframework.security.web.context.SecurityContextPersistenceFilter@63f21c6e, org.springframework.security.web.header.HeaderWriterFilter@1152316d, org.springframework.security.web.authentication.logout.LogoutFilter@4676d354, org.springframework.security.web.authentication.UsernamePasswordAuthenticationFilter@67b76307, org.springframework.security.web.savedrequest.RequestCacheAwareFilter@5428ae23, org.springframework.security.web.servletapi.SecurityContextHolderAwareRequestFilter@ca2bee, org.springframework.security.web.authentication.AnonymousAuthenticationFilter@29e485db, org.springframework.security.web.session.SessionManagementFilter@7d9a449c, org.springframework.security.web.access.ExceptionTranslationFilter@5ae30236, org.springframework.security.web.access.intercept.FilterSecurityInterceptor@176101c2]
2026-06-04 21:13:13.836 [WARN ] spring.jpa.open-in-view is enabled by default. Therefore, database queries may be performed during view rendering. Explicitly configure spring.jpa.open-in-view to disable this warning
2026-06-04 21:13:15.392 [INFO ] LiveReload server is running on port 35729
2026-06-04 21:13:15.413 [INFO ] Starting ProtocolHandler ["http-nio-8700"]
2026-06-04 21:13:15.439 [INFO ] Tomcat started on port(s): 8700 (http) with context path ''
2026-06-04 21:13:15.450 [INFO ] Started RadarWebApplication in 14.636 seconds (JVM running for 18.101)
2026-06-04 21:13:26.702 [INFO ] Initializing Spring DispatcherServlet 'dispatcherServlet'
2026-06-04 21:13:26.704 [INFO ] Initializing Servlet 'dispatcherServlet'
2026-06-04 21:13:26.706 [INFO ] Completed initialization in 2 ms
2026-06-04 21:13:26.955 [INFO ] loginUser ::::: test
2026-06-04 21:14:01.039 [INFO ] loginUser ::::: test
2026-06-04 21:14:31.580 [INFO ] loginUser ::::: test
2026-06-04 21:15:02.262 [INFO ] loginUser ::::: test
2026-06-04 21:15:32.967 [INFO ] loginUser ::::: test
2026-06-04 21:16:03.728 [INFO ] loginUser ::::: test
2026-06-04 21:16:34.131 [INFO ] loginUser ::::: test
2026-06-04 21:17:04.774 [INFO ] loginUser ::::: test
2026-06-04 21:17:35.273 [INFO ] loginUser ::::: test
2026-06-04 21:18:05.978 [INFO ] loginUser ::::: test
2026-06-04 21:18:36.629 [INFO ] loginUser ::::: test
2026-06-04 21:19:07.364 [INFO ] loginUser ::::: test
2026-06-04 21:19:38.864 [INFO ] loginUser ::::: test
2026-06-04 21:19:49.286 [INFO ] Closing JPA EntityManagerFactory for persistence unit 'default'
2026-06-04 21:19:49.289 [INFO ] HikariPool-1 - Shutdown initiated...
2026-06-04 21:19:49.292 [INFO ] HikariPool-1 - Shutdown completed.
2026-06-04 21:20:16.870 [INFO ] Starting RadarWebApplication using Java 11.0.2 on haems with PID 17328 (C:\0003_kimsn\kimsn\radar-web\build\classes\java\main started by imeahmik in C:\0003_kimsn\kimsn)
2026-06-04 21:20:16.889 [DEBUG] Running with Spring Boot v2.7.12, Spring v5.3.27
2026-06-04 21:20:16.891 [INFO ] No active profile set, falling back to 1 default profile: "default"
2026-06-04 21:20:17.345 [INFO ] Devtools property defaults active! Set 'spring.devtools.add-properties' to 'false' to disable
2026-06-04 21:20:17.346 [INFO ] For additional web related logging consider setting the 'logging.level.web' property to 'DEBUG'
2026-06-04 21:20:18.855 [INFO ] Bootstrapping Spring Data JPA repositories in DEFAULT mode.
2026-06-04 21:20:19.210 [INFO ] Finished Spring Data repository scanning in 340 ms. Found 24 JPA repository interfaces.
2026-06-04 21:20:21.811 [INFO ] Tomcat initialized with port(s): 8700 (http)
2026-06-04 21:20:21.843 [INFO ] Initializing ProtocolHandler ["http-nio-8700"]
2026-06-04 21:20:21.844 [INFO ] Starting service [Tomcat]
2026-06-04 21:20:21.844 [INFO ] Starting Servlet engine: [Apache Tomcat/9.0.75]
2026-06-04 21:20:22.232 [INFO ] Initializing Spring embedded WebApplicationContext
2026-06-04 21:20:22.232 [INFO ] Root WebApplicationContext: initialization completed in 4885 ms
2026-06-04 21:20:22.462 [INFO ] HikariPool-1 - Starting...
2026-06-04 21:20:23.691 [INFO ] HikariPool-1 - Start completed.
2026-06-04 21:20:24.154 [INFO ] HHH000204: Processing PersistenceUnitInfo [name: default]
2026-06-04 21:20:24.330 [INFO ] HHH000412: Hibernate ORM core version 5.6.15.Final
2026-06-04 21:20:24.843 [INFO ] HCANN000001: Hibernate Commons Annotations {5.1.2.Final}
2026-06-04 21:20:25.362 [INFO ] HHH000400: Using dialect: org.hibernate.dialect.MySQL8Dialect
2026-06-04 21:20:27.951 [INFO ] HHH000490: Using JtaPlatform implementation: [org.hibernate.engine.transaction.jta.platform.internal.NoJtaPlatform]
2026-06-04 21:20:27.981 [INFO ] Initialized JPA EntityManagerFactory for persistence unit 'default'
2026-06-04 21:20:30.992 [INFO ] Will secure any request with [org.springframework.security.web.session.DisableEncodeUrlFilter@8b425c2, org.springframework.security.web.context.request.async.WebAsyncManagerIntegrationFilter@325734b0, org.springframework.security.web.context.SecurityContextPersistenceFilter@4aa6e63a, org.springframework.security.web.header.HeaderWriterFilter@34f02b71, org.springframework.security.web.authentication.logout.LogoutFilter@506f7a38, org.springframework.security.web.authentication.UsernamePasswordAuthenticationFilter@369f1f1d, org.springframework.security.web.savedrequest.RequestCacheAwareFilter@14ca16d5, org.springframework.security.web.servletapi.SecurityContextHolderAwareRequestFilter@1134ffed, org.springframework.security.web.authentication.AnonymousAuthenticationFilter@7cfeb210, org.springframework.security.web.session.SessionManagementFilter@705dc504, org.springframework.security.web.access.ExceptionTranslationFilter@66c36eaa, org.springframework.security.web.access.intercept.FilterSecurityInterceptor@168bab6e]
2026-06-04 21:20:31.711 [WARN ] spring.jpa.open-in-view is enabled by default. Therefore, database queries may be performed during view rendering. Explicitly configure spring.jpa.open-in-view to disable this warning
2026-06-04 21:20:33.489 [INFO ] LiveReload server is running on port 35729
2026-06-04 21:20:33.512 [INFO ] Starting ProtocolHandler ["http-nio-8700"]
2026-06-04 21:20:33.548 [INFO ] Tomcat started on port(s): 8700 (http) with context path ''
2026-06-04 21:20:33.562 [INFO ] Started RadarWebApplication in 17.747 seconds (JVM running for 22.705)
2026-06-04 21:20:52.884 [INFO ] Initializing Spring DispatcherServlet 'dispatcherServlet'
2026-06-04 21:20:52.884 [INFO ] Initializing Servlet 'dispatcherServlet'
2026-06-04 21:20:52.885 [INFO ] Completed initialization in 1 ms
2026-06-04 21:20:53.019 [INFO ] loginUser ::::: test
2026-06-04 21:20:53.259 [WARN ] HikariPool-1 - Failed to validate connection com.mysql.cj.jdbc.ConnectionImpl@591794af (No operations allowed after connection closed.). Possibly consider using a shorter maxLifetime value.
2026-06-04 21:20:55.426 [ERROR] [THYMELEAF][http-nio-8700-exec-1] Exception processing template "views/main/main": An error happened during template parsing (template: "class path resource [templates/views/main/main.html]")
org.thymeleaf.exceptions.TemplateInputException: An error happened during template parsing (template: "class path resource [templates/views/main/main.html]")
	at org.thymeleaf.templateparser.markup.AbstractMarkupTemplateParser.parse(AbstractMarkupTemplateParser.java:241) ~[thymeleaf-3.0.15.RELEASE.jar:3.0.15.RELEASE]
	at org.thymeleaf.templateparser.markup.AbstractMarkupTemplateParser.parseStandalone(AbstractMarkupTemplateParser.java:100) ~[thymeleaf-3.0.15.RELEASE.jar:3.0.15.RELEASE]
	at org.thymeleaf.engine.TemplateManager.parseAndProcess(TemplateManager.java:666) ~[thymeleaf-3.0.15.RELEASE.jar:3.0.15.RELEASE]
	at org.thymeleaf.TemplateEngine.process(TemplateEngine.java:1098) ~[thymeleaf-3.0.15.RELEASE.jar:3.0.15.RELEASE]
	at org.thymeleaf.TemplateEngine.process(TemplateEngine.java:1072) ~[thymeleaf-3.0.15.RELEASE.jar:3.0.15.RELEASE]
	at org.thymeleaf.spring5.view.ThymeleafView.renderFragment(ThymeleafView.java:366) ~[thymeleaf-spring5-3.0.15.RELEASE.jar:3.0.15.RELEASE]
	at org.thymeleaf.spring5.view.ThymeleafView.render(ThymeleafView.java:190) ~[thymeleaf-spring5-3.0.15.RELEASE.jar:3.0.15.RELEASE]
	at org.springframework.web.servlet.DispatcherServlet.render(DispatcherServlet.java:1406) ~[spring-webmvc-5.3.27.jar:5.3.27]
	at org.springframework.web.servlet.DispatcherServlet.processDispatchResult(DispatcherServlet.java:1150) ~[spring-webmvc-5.3.27.jar:5.3.27]
	at org.springframework.web.servlet.DispatcherServlet.doDispatch(DispatcherServlet.java:1089) ~[spring-webmvc-5.3.27.jar:5.3.27]
	at org.springframework.web.servlet.DispatcherServlet.doService(DispatcherServlet.java:965) ~[spring-webmvc-5.3.27.jar:5.3.27]
	at org.springframework.web.servlet.FrameworkServlet.processRequest(FrameworkServlet.java:1006) ~[spring-webmvc-5.3.27.jar:5.3.27]
	at org.springframework.web.servlet.FrameworkServlet.doGet(FrameworkServlet.java:898) ~[spring-webmvc-5.3.27.jar:5.3.27]
	at javax.servlet.http.HttpServlet.service(HttpServlet.java:529) ~[tomcat-embed-core-9.0.75.jar:4.0.FR]
	at org.springframework.web.servlet.FrameworkServlet.service(FrameworkServlet.java:883) ~[spring-webmvc-5.3.27.jar:5.3.27]
	at javax.servlet.http.HttpServlet.service(HttpServlet.java:623) ~[tomcat-embed-core-9.0.75.jar:4.0.FR]
	at org.apache.catalina.core.ApplicationFilterChain.internalDoFilter(ApplicationFilterChain.java:209) ~[tomcat-embed-core-9.0.75.jar:9.0.75]
	at org.apache.catalina.core.ApplicationFilterChain.doFilter(ApplicationFilterChain.java:153) ~[tomcat-embed-core-9.0.75.jar:9.0.75]
	at org.apache.tomcat.websocket.server.WsFilter.doFilter(WsFilter.java:51) ~[tomcat-embed-websocket-9.0.75.jar:9.0.75]
	at org.apache.catalina.core.ApplicationFilterChain.internalDoFilter(ApplicationFilterChain.java:178) ~[tomcat-embed-core-9.0.75.jar:9.0.75]
	at org.apache.catalina.core.ApplicationFilterChain.doFilter(ApplicationFilterChain.java:153) ~[tomcat-embed-core-9.0.75.jar:9.0.75]
	at org.springframework.security.web.FilterChainProxy$VirtualFilterChain.doFilter(FilterChainProxy.java:337) ~[spring-security-web-5.7.8.jar:5.7.8]
	at org.springframework.security.web.access.intercept.FilterSecurityInterceptor.invoke(FilterSecurityInterceptor.java:115) ~[spring-security-web-5.7.8.jar:5.7.8]
	at org.springframework.security.web.access.intercept.FilterSecurityInterceptor.doFilter(FilterSecurityInterceptor.java:81) ~[spring-security-web-5.7.8.jar:5.7.8]
	at org.springframework.security.web.FilterChainProxy$VirtualFilterChain.doFilter(FilterChainProxy.java:346) ~[spring-security-web-5.7.8.jar:5.7.8]
	at org.springframework.security.web.access.ExceptionTranslationFilter.doFilter(ExceptionTranslationFilter.java:122) ~[spring-security-web-5.7.8.jar:5.7.8]
	at org.springframework.security.web.access.ExceptionTranslationFilter.doFilter(ExceptionTranslationFilter.java:116) ~[spring-security-web-5.7.8.jar:5.7.8]
	at org.springframework.security.web.FilterChainProxy$VirtualFilterChain.doFilter(FilterChainProxy.java:346) ~[spring-security-web-5.7.8.jar:5.7.8]
	at org.springframework.security.web.session.SessionManagementFilter.doFilter(SessionManagementFilter.java:126) ~[spring-security-web-5.7.8.jar:5.7.8]
	at org.springframework.security.web.session.SessionManagementFilter.doFilter(SessionManagementFilter.java:81) ~[spring-security-web-5.7.8.jar:5.7.8]
	at org.springframework.security.web.FilterChainProxy$VirtualFilterChain.doFilter(FilterChainProxy.java:346) ~[spring-security-web-5.7.8.jar:5.7.8]
	at org.springframework.security.web.authentication.AnonymousAuthenticationFilter.doFilter(AnonymousAuthenticationFilter.java:109) ~[spring-security-web-5.7.8.jar:5.7.8]
	at org.springframework.security.web.FilterChainProxy$VirtualFilterChain.doFilter(FilterChainProxy.java:346) ~[spring-security-web-5.7.8.jar:5.7.8]
	at org.springframework.security.web.servletapi.SecurityContextHolderAwareRequestFilter.doFilter(SecurityContextHolderAwareRequestFilter.java:149) ~[spring-security-web-5.7.8.jar:5.7.8]
	at org.springframework.security.web.FilterChainProxy$VirtualFilterChain.doFilter(FilterChainProxy.java:346) ~[spring-security-web-5.7.8.jar:5.7.8]
	at org.springframework.security.web.savedrequest.RequestCacheAwareFilter.doFilter(RequestCacheAwareFilter.java:63) ~[spring-security-web-5.7.8.jar:5.7.8]
	at org.springframework.security.web.FilterChainProxy$VirtualFilterChain.doFilter(FilterChainProxy.java:346) ~[spring-security-web-5.7.8.jar:5.7.8]
	at org.springframework.security.web.authentication.AbstractAuthenticationProcessingFilter.doFilter(AbstractAuthenticationProcessingFilter.java:223) ~[spring-security-web-5.7.8.jar:5.7.8]
	at org.springframework.security.web.authentication.AbstractAuthenticationProcessingFilter.doFilter(AbstractAuthenticationProcessingFilter.java:217) ~[spring-security-web-5.7.8.jar:5.7.8]
	at org.springframework.security.web.FilterChainProxy$VirtualFilterChain.doFilter(FilterChainProxy.java:346) ~[spring-security-web-5.7.8.jar:5.7.8]
	at org.springframework.security.web.authentication.logout.LogoutFilter.doFilter(LogoutFilter.java:103) ~[spring-security-web-5.7.8.jar:5.7.8]
	at org.springframework.security.web.authentication.logout.LogoutFilter.doFilter(LogoutFilter.java:89) ~[spring-security-web-5.7.8.jar:5.7.8]
	at org.springframework.security.web.FilterChainProxy$VirtualFilterChain.doFilter(FilterChainProxy.java:346) ~[spring-security-web-5.7.8.jar:5.7.8]
	at org.springframework.security.web.header.HeaderWriterFilter.doHeadersAfter(HeaderWriterFilter.java:90) ~[spring-security-web-5.7.8.jar:5.7.8]
	at org.springframework.security.web.header.HeaderWriterFilter.doFilterInternal(HeaderWriterFilter.java:75) ~[spring-security-web-5.7.8.jar:5.7.8]
	at org.springframework.web.filter.OncePerRequestFilter.doFilter(OncePerRequestFilter.java:117) ~[spring-web-5.3.27.jar:5.3.27]
	at org.springframework.security.web.FilterChainProxy$VirtualFilterChain.doFilter(FilterChainProxy.java:346) ~[spring-security-web-5.7.8.jar:5.7.8]
	at org.springframework.security.web.context.SecurityContextPersistenceFilter.doFilter(SecurityContextPersistenceFilter.java:112) ~[spring-security-web-5.7.8.jar:5.7.8]
	at org.springframework.security.web.context.SecurityContextPersistenceFilter.doFilter(SecurityContextPersistenceFilter.java:82) ~[spring-security-web-5.7.8.jar:5.7.8]
	at org.springframework.security.web.FilterChainProxy$VirtualFilterChain.doFilter(FilterChainProxy.java:346) ~[spring-security-web-5.7.8.jar:5.7.8]
	at org.springframework.security.web.context.request.async.WebAsyncManagerIntegrationFilter.doFilterInternal(WebAsyncManagerIntegrationFilter.java:55) ~[spring-security-web-5.7.8.jar:5.7.8]
	at org.springframework.web.filter.OncePerRequestFilter.doFilter(OncePerRequestFilter.java:117) ~[spring-web-5.3.27.jar:5.3.27]
	at org.springframework.security.web.FilterChainProxy$VirtualFilterChain.doFilter(FilterChainProxy.java:346) ~[spring-security-web-5.7.8.jar:5.7.8]
	at org.springframework.security.web.session.DisableEncodeUrlFilter.doFilterInternal(DisableEncodeUrlFilter.java:42) ~[spring-security-web-5.7.8.jar:5.7.8]
	at org.springframework.web.filter.OncePerRequestFilter.doFilter(OncePerRequestFilter.java:117) ~[spring-web-5.3.27.jar:5.3.27]
	at org.springframework.security.web.FilterChainProxy$VirtualFilterChain.doFilter(FilterChainProxy.java:346) ~[spring-security-web-5.7.8.jar:5.7.8]
	at org.springframework.security.web.FilterChainProxy.doFilterInternal(FilterChainProxy.java:221) ~[spring-security-web-5.7.8.jar:5.7.8]
	at org.springframework.security.web.FilterChainProxy.doFilter(FilterChainProxy.java:186) ~[spring-security-web-5.7.8.jar:5.7.8]
	at org.springframework.web.filter.DelegatingFilterProxy.invokeDelegate(DelegatingFilterProxy.java:354) ~[spring-web-5.3.27.jar:5.3.27]
	at org.springframework.web.filter.DelegatingFilterProxy.doFilter(DelegatingFilterProxy.java:267) ~[spring-web-5.3.27.jar:5.3.27]
	at org.apache.catalina.core.ApplicationFilterChain.internalDoFilter(ApplicationFilterChain.java:178) ~[tomcat-embed-core-9.0.75.jar:9.0.75]
	at org.apache.catalina.core.ApplicationFilterChain.doFilter(ApplicationFilterChain.java:153) ~[tomcat-embed-core-9.0.75.jar:9.0.75]
	at org.springframework.web.filter.RequestContextFilter.doFilterInternal(RequestContextFilter.java:100) ~[spring-web-5.3.27.jar:5.3.27]
	at org.springframework.web.filter.OncePerRequestFilter.doFilter(OncePerRequestFilter.java:117) ~[spring-web-5.3.27.jar:5.3.27]
	at org.apache.catalina.core.ApplicationFilterChain.internalDoFilter(ApplicationFilterChain.java:178) ~[tomcat-embed-core-9.0.75.jar:9.0.75]
	at org.apache.catalina.core.ApplicationFilterChain.doFilter(ApplicationFilterChain.java:153) ~[tomcat-embed-core-9.0.75.jar:9.0.75]
	at org.springframework.web.filter.FormContentFilter.doFilterInternal(FormContentFilter.java:93) ~[spring-web-5.3.27.jar:5.3.27]
	at org.springframework.web.filter.OncePerRequestFilter.doFilter(OncePerRequestFilter.java:117) ~[spring-web-5.3.27.jar:5.3.27]
	at org.apache.catalina.core.ApplicationFilterChain.internalDoFilter(ApplicationFilterChain.java:178) ~[tomcat-embed-core-9.0.75.jar:9.0.75]
	at org.apache.catalina.core.ApplicationFilterChain.doFilter(ApplicationFilterChain.java:153) ~[tomcat-embed-core-9.0.75.jar:9.0.75]
	at org.springframework.web.filter.CharacterEncodingFilter.doFilterInternal(CharacterEncodingFilter.java:201) ~[spring-web-5.3.27.jar:5.3.27]
	at org.springframework.web.filter.OncePerRequestFilter.doFilter(OncePerRequestFilter.java:117) ~[spring-web-5.3.27.jar:5.3.27]
	at org.apache.catalina.core.ApplicationFilterChain.internalDoFilter(ApplicationFilterChain.java:178) ~[tomcat-embed-core-9.0.75.jar:9.0.75]
	at org.apache.catalina.core.ApplicationFilterChain.doFilter(ApplicationFilterChain.java:153) ~[tomcat-embed-core-9.0.75.jar:9.0.75]
	at org.apache.catalina.core.StandardWrapperValve.invoke(StandardWrapperValve.java:167) ~[tomcat-embed-core-9.0.75.jar:9.0.75]
	at org.apache.catalina.core.StandardContextValve.invoke(StandardContextValve.java:90) ~[tomcat-embed-core-9.0.75.jar:9.0.75]
	at org.apache.catalina.authenticator.AuthenticatorBase.invoke(AuthenticatorBase.java:481) ~[tomcat-embed-core-9.0.75.jar:9.0.75]
	at org.apache.catalina.core.StandardHostValve.invoke(StandardHostValve.java:130) ~[tomcat-embed-core-9.0.75.jar:9.0.75]
	at org.apache.catalina.valves.ErrorReportValve.invoke(ErrorReportValve.java:93) ~[tomcat-embed-core-9.0.75.jar:9.0.75]
	at org.apache.catalina.core.StandardEngineValve.invoke(StandardEngineValve.java:74) ~[tomcat-embed-core-9.0.75.jar:9.0.75]
	at org.apache.catalina.connector.CoyoteAdapter.service(CoyoteAdapter.java:343) ~[tomcat-embed-core-9.0.75.jar:9.0.75]
	at org.apache.coyote.http11.Http11Processor.service(Http11Processor.java:390) ~[tomcat-embed-core-9.0.75.jar:9.0.75]
	at org.apache.coyote.AbstractProcessorLight.process(AbstractProcessorLight.java:63) ~[tomcat-embed-core-9.0.75.jar:9.0.75]
	at org.apache.coyote.AbstractProtocol$ConnectionHandler.process(AbstractProtocol.java:926) ~[tomcat-embed-core-9.0.75.jar:9.0.75]
	at org.apache.tomcat.util.net.NioEndpoint$SocketProcessor.doRun(NioEndpoint.java:1791) ~[tomcat-embed-core-9.0.75.jar:9.0.75]
	at org.apache.tomcat.util.net.SocketProcessorBase.run(SocketProcessorBase.java:52) ~[tomcat-embed-core-9.0.75.jar:9.0.75]
	at org.apache.tomcat.util.threads.ThreadPoolExecutor.runWorker(ThreadPoolExecutor.java:1191) ~[tomcat-embed-core-9.0.75.jar:9.0.75]
	at org.apache.tomcat.util.threads.ThreadPoolExecutor$Worker.run(ThreadPoolExecutor.java:659) ~[tomcat-embed-core-9.0.75.jar:9.0.75]
	at org.apache.tomcat.util.threads.TaskThread$WrappingRunnable.run(TaskThread.java:61) ~[tomcat-embed-core-9.0.75.jar:9.0.75]
	at java.lang.Thread.run(Thread.java:834) ~[?:?]
Caused by: org.attoparser.ParseException: Exception evaluating SpringEL expression: "sList.gubun == 1 && Integer(sList.siteNum) > 40000 && Integer(sList.siteNum) < 50000" (template: "layout/header" - line 119, col 83)
	at org.attoparser.MarkupParser.parseDocument(MarkupParser.java:393) ~[attoparser-2.0.5.RELEASE.jar:2.0.5.RELEASE]
	at org.attoparser.MarkupParser.parse(MarkupParser.java:257) ~[attoparser-2.0.5.RELEASE.jar:2.0.5.RELEASE]
	at org.thymeleaf.templateparser.markup.AbstractMarkupTemplateParser.parse(AbstractMarkupTemplateParser.java:230) ~[thymeleaf-3.0.15.RELEASE.jar:3.0.15.RELEASE]
	... 89 more
Caused by: org.thymeleaf.exceptions.TemplateProcessingException: Exception evaluating SpringEL expression: "sList.gubun == 1 && Integer(sList.siteNum) > 40000 && Integer(sList.siteNum) < 50000" (template: "layout/header" - line 119, col 83)
	at org.thymeleaf.spring5.expression.SPELVariableExpressionEvaluator.evaluate(SPELVariableExpressionEvaluator.java:292) ~[thymeleaf-spring5-3.0.15.RELEASE.jar:3.0.15.RELEASE]
	at org.thymeleaf.standard.expression.VariableExpression.executeVariableExpression(VariableExpression.java:166) ~[thymeleaf-3.0.15.RELEASE.jar:3.0.15.RELEASE]
	at org.thymeleaf.standard.expression.SimpleExpression.executeSimple(SimpleExpression.java:66) ~[thymeleaf-3.0.15.RELEASE.jar:3.0.15.RELEASE]
	at org.thymeleaf.standard.expression.Expression.execute(Expression.java:109) ~[thymeleaf-3.0.15.RELEASE.jar:3.0.15.RELEASE]
	at org.thymeleaf.standard.expression.Expression.execute(Expression.java:138) ~[thymeleaf-3.0.15.RELEASE.jar:3.0.15.RELEASE]
	at org.thymeleaf.standard.expression.Expression.execute(Expression.java:125) ~[thymeleaf-3.0.15.RELEASE.jar:3.0.15.RELEASE]
	at org.thymeleaf.standard.processor.StandardIfTagProcessor.isVisible(StandardIfTagProcessor.java:59) ~[thymeleaf-3.0.15.RELEASE.jar:3.0.15.RELEASE]
	at org.thymeleaf.standard.processor.AbstractStandardConditionalVisibilityTagProcessor.doProcess(AbstractStandardConditionalVisibilityTagProcessor.java:61) ~[thymeleaf-3.0.15.RELEASE.jar:3.0.15.RELEASE]
	at org.thymeleaf.processor.element.AbstractAttributeTagProcessor.doProcess(AbstractAttributeTagProcessor.java:74) ~[thymeleaf-3.0.15.RELEASE.jar:3.0.15.RELEASE]
	at org.thymeleaf.processor.element.AbstractElementTagProcessor.process(AbstractElementTagProcessor.java:95) ~[thymeleaf-3.0.15.RELEASE.jar:3.0.15.RELEASE]
	at org.thymeleaf.util.ProcessorConfigurationUtils$ElementTagProcessorWrapper.process(ProcessorConfigurationUtils.java:633) ~[thymeleaf-3.0.15.RELEASE.jar:3.0.15.RELEASE]
	at org.thymeleaf.engine.ProcessorTemplateHandler.handleOpenElement(ProcessorTemplateHandler.java:1314) ~[thymeleaf-3.0.15.RELEASE.jar:3.0.15.RELEASE]
	at org.thymeleaf.engine.OpenElementTag.beHandled(OpenElementTag.java:205) ~[thymeleaf-3.0.15.RELEASE.jar:3.0.15.RELEASE]
	at org.thymeleaf.engine.Model.process(Model.java:282) ~[thymeleaf-3.0.15.RELEASE.jar:3.0.15.RELEASE]
	at org.thymeleaf.engine.Model.process(Model.java:290) ~[thymeleaf-3.0.15.RELEASE.jar:3.0.15.RELEASE]
	at org.thymeleaf.engine.IteratedGatheringModelProcessable.processIterationModel(IteratedGatheringModelProcessable.java:367) ~[thymeleaf-3.0.15.RELEASE.jar:3.0.15.RELEASE]
	at org.thymeleaf.engine.IteratedGatheringModelProcessable.process(IteratedGatheringModelProcessable.java:221) ~[thymeleaf-3.0.15.RELEASE.jar:3.0.15.RELEASE]
	at org.thymeleaf.engine.ProcessorTemplateHandler.handleCloseElement(ProcessorTemplateHandler.java:1640) ~[thymeleaf-3.0.15.RELEASE.jar:3.0.15.RELEASE]
	at org.thymeleaf.engine.CloseElementTag.beHandled(CloseElementTag.java:139) ~[thymeleaf-3.0.15.RELEASE.jar:3.0.15.RELEASE]
	at org.thymeleaf.engine.Model.process(Model.java:282) ~[thymeleaf-3.0.15.RELEASE.jar:3.0.15.RELEASE]
	at org.thymeleaf.engine.Model.process(Model.java:290) ~[thymeleaf-3.0.15.RELEASE.jar:3.0.15.RELEASE]
	at org.thymeleaf.engine.IteratedGatheringModelProcessable.processIterationModel(IteratedGatheringModelProcessable.java:367) ~[thymeleaf-3.0.15.RELEASE.jar:3.0.15.RELEASE]
	at org.thymeleaf.engine.IteratedGatheringModelProcessable.process(IteratedGatheringModelProcessable.java:293) ~[thymeleaf-3.0.15.RELEASE.jar:3.0.15.RELEASE]
	at org.thymeleaf.engine.ProcessorTemplateHandler.handleCloseElement(ProcessorTemplateHandler.java:1640) ~[thymeleaf-3.0.15.RELEASE.jar:3.0.15.RELEASE]
	at org.thymeleaf.engine.CloseElementTag.beHandled(CloseElementTag.java:139) ~[thymeleaf-3.0.15.RELEASE.jar:3.0.15.RELEASE]
	at org.thymeleaf.engine.Model.process(Model.java:282) ~[thymeleaf-3.0.15.RELEASE.jar:3.0.15.RELEASE]
	at org.thymeleaf.engine.ProcessorTemplateHandler.handleOpenElement(ProcessorTemplateHandler.java:1587) ~[thymeleaf-3.0.15.RELEASE.jar:3.0.15.RELEASE]
	at org.thymeleaf.engine.OpenElementTag.beHandled(OpenElementTag.java:205) ~[thymeleaf-3.0.15.RELEASE.jar:3.0.15.RELEASE]
	at org.thymeleaf.engine.Model.process(Model.java:282) ~[thymeleaf-3.0.15.RELEASE.jar:3.0.15.RELEASE]
	at org.thymeleaf.engine.ProcessorTemplateHandler.handleOpenElement(ProcessorTemplateHandler.java:1587) ~[thymeleaf-3.0.15.RELEASE.jar:3.0.15.RELEASE]
	at org.thymeleaf.engine.OpenElementTag.beHandled(OpenElementTag.java:205) ~[thymeleaf-3.0.15.RELEASE.jar:3.0.15.RELEASE]
	at org.thymeleaf.engine.Model.process(Model.java:282) ~[thymeleaf-3.0.15.RELEASE.jar:3.0.15.RELEASE]
	at org.thymeleaf.engine.Model.process(Model.java:290) ~[thymeleaf-3.0.15.RELEASE.jar:3.0.15.RELEASE]
	at org.thymeleaf.engine.GatheringModelProcessable.process(GatheringModelProcessable.java:78) ~[thymeleaf-3.0.15.RELEASE.jar:3.0.15.RELEASE]
	at org.thymeleaf.engine.ProcessorTemplateHandler.handleCloseElement(ProcessorTemplateHandler.java:1640) ~[thymeleaf-3.0.15.RELEASE.jar:3.0.15.RELEASE]
	at org.thymeleaf.engine.TemplateHandlerAdapterMarkupHandler.handleCloseElementEnd(TemplateHandlerAdapterMarkupHandler.java:388) ~[thymeleaf-3.0.15.RELEASE.jar:3.0.15.RELEASE]
	at org.thymeleaf.templateparser.markup.InlinedOutputExpressionMarkupHandler$InlineMarkupAdapterPreProcessorHandler.handleCloseElementEnd(InlinedOutputExpressionMarkupHandler.java:322) ~[thymeleaf-3.0.15.RELEASE.jar:3.0.15.RELEASE]
	at org.thymeleaf.standard.inline.OutputExpressionInlinePreProcessorHandler.handleCloseElementEnd(OutputExpressionInlinePreProcessorHandler.java:220) ~[thymeleaf-3.0.15.RELEASE.jar:3.0.15.RELEASE]
	at org.thymeleaf.templateparser.markup.InlinedOutputExpressionMarkupHandler.handleCloseElementEnd(InlinedOutputExpressionMarkupHandler.java:164) ~[thymeleaf-3.0.15.RELEASE.jar:3.0.15.RELEASE]
	at org.attoparser.HtmlElement.handleCloseElementEnd(HtmlElement.java:169) ~[attoparser-2.0.5.RELEASE.jar:2.0.5.RELEASE]
	at org.attoparser.HtmlMarkupHandler.handleCloseElementEnd(HtmlMarkupHandler.java:412) ~[attoparser-2.0.5.RELEASE.jar:2.0.5.RELEASE]
	at org.attoparser.MarkupEventProcessorHandler.handleCloseElementEnd(MarkupEventProcessorHandler.java:473) ~[attoparser-2.0.5.RELEASE.jar:2.0.5.RELEASE]
	at org.attoparser.ParsingElementMarkupUtil.parseCloseElement(ParsingElementMarkupUtil.java:201) ~[attoparser-2.0.5.RELEASE.jar:2.0.5.RELEASE]
	at org.attoparser.MarkupParser.parseBuffer(MarkupParser.java:725) ~[attoparser-2.0.5.RELEASE.jar:2.0.5.RELEASE]
	at org.attoparser.MarkupParser.parseDocument(MarkupParser.java:301) ~[attoparser-2.0.5.RELEASE.jar:2.0.5.RELEASE]
	at org.attoparser.MarkupParser.parse(MarkupParser.java:257) ~[attoparser-2.0.5.RELEASE.jar:2.0.5.RELEASE]
	at org.thymeleaf.templateparser.markup.AbstractMarkupTemplateParser.parse(AbstractMarkupTemplateParser.java:230) ~[thymeleaf-3.0.15.RELEASE.jar:3.0.15.RELEASE]
	... 89 more
Caused by: org.springframework.expression.spel.SpelEvaluationException: EL1004E: Method call: Method Integer(java.lang.String) cannot be found on type org.thymeleaf.spring5.expression.SPELContextMapWrapper
	at org.springframework.expression.spel.ast.MethodReference.findAccessorForMethod(MethodReference.java:225) ~[spring-expression-5.3.27.jar:5.3.27]
	at org.springframework.expression.spel.ast.MethodReference.getValueInternal(MethodReference.java:135) ~[spring-expression-5.3.27.jar:5.3.27]
	at org.springframework.expression.spel.ast.MethodReference.getValueInternal(MethodReference.java:95) ~[spring-expression-5.3.27.jar:5.3.27]
	at org.springframework.expression.spel.ast.OpGT.getValueInternal(OpGT.java:47) ~[spring-expression-5.3.27.jar:5.3.27]
	at org.springframework.expression.spel.ast.OpGT.getValueInternal(OpGT.java:37) ~[spring-expression-5.3.27.jar:5.3.27]
	at org.springframework.expression.spel.ast.SpelNodeImpl.getValue(SpelNodeImpl.java:212) ~[spring-expression-5.3.27.jar:5.3.27]
	at org.springframework.expression.spel.ast.OpAnd.getBooleanValue(OpAnd.java:57) ~[spring-expression-5.3.27.jar:5.3.27]
	at org.springframework.expression.spel.ast.OpAnd.getValueInternal(OpAnd.java:52) ~[spring-expression-5.3.27.jar:5.3.27]
	at org.springframework.expression.spel.ast.SpelNodeImpl.getValue(SpelNodeImpl.java:212) ~[spring-expression-5.3.27.jar:5.3.27]
	at org.springframework.expression.spel.ast.OpAnd.getBooleanValue(OpAnd.java:57) ~[spring-expression-5.3.27.jar:5.3.27]
	at org.springframework.expression.spel.ast.OpAnd.getValueInternal(OpAnd.java:48) ~[spring-expression-5.3.27.jar:5.3.27]
	at org.springframework.expression.spel.ast.SpelNodeImpl.getValue(SpelNodeImpl.java:114) ~[spring-expression-5.3.27.jar:5.3.27]
	at org.springframework.expression.spel.standard.SpelExpression.getValue(SpelExpression.java:338) ~[spring-expression-5.3.27.jar:5.3.27]
	at org.thymeleaf.spring5.expression.SPELVariableExpressionEvaluator.evaluate(SPELVariableExpressionEvaluator.java:265) ~[thymeleaf-spring5-3.0.15.RELEASE.jar:3.0.15.RELEASE]
	at org.thymeleaf.standard.expression.VariableExpression.executeVariableExpression(VariableExpression.java:166) ~[thymeleaf-3.0.15.RELEASE.jar:3.0.15.RELEASE]
	at org.thymeleaf.standard.expression.SimpleExpression.executeSimple(SimpleExpression.java:66) ~[thymeleaf-3.0.15.RELEASE.jar:3.0.15.RELEASE]
	at org.thymeleaf.standard.expression.Expression.execute(Expression.java:109) ~[thymeleaf-3.0.15.RELEASE.jar:3.0.15.RELEASE]
	at org.thymeleaf.standard.expression.Expression.execute(Expression.java:138) ~[thymeleaf-3.0.15.RELEASE.jar:3.0.15.RELEASE]
	at org.thymeleaf.standard.expression.Expression.execute(Expression.java:125) ~[thymeleaf-3.0.15.RELEASE.jar:3.0.15.RELEASE]
	at org.thymeleaf.standard.processor.StandardIfTagProcessor.isVisible(StandardIfTagProcessor.java:59) ~[thymeleaf-3.0.15.RELEASE.jar:3.0.15.RELEASE]
	at org.thymeleaf.standard.processor.AbstractStandardConditionalVisibilityTagProcessor.doProcess(AbstractStandardConditionalVisibilityTagProcessor.java:61) ~[thymeleaf-3.0.15.RELEASE.jar:3.0.15.RELEASE]
	at org.thymeleaf.processor.element.AbstractAttributeTagProcessor.doProcess(AbstractAttributeTagProcessor.java:74) ~[thymeleaf-3.0.15.RELEASE.jar:3.0.15.RELEASE]
	at org.thymeleaf.processor.element.AbstractElementTagProcessor.process(AbstractElementTagProcessor.java:95) ~[thymeleaf-3.0.15.RELEASE.jar:3.0.15.RELEASE]
	at org.thymeleaf.util.ProcessorConfigurationUtils$ElementTagProcessorWrapper.process(ProcessorConfigurationUtils.java:633) ~[thymeleaf-3.0.15.RELEASE.jar:3.0.15.RELEASE]
	at org.thymeleaf.engine.ProcessorTemplateHandler.handleOpenElement(ProcessorTemplateHandler.java:1314) ~[thymeleaf-3.0.15.RELEASE.jar:3.0.15.RELEASE]
	at org.thymeleaf.engine.OpenElementTag.beHandled(OpenElementTag.java:205) ~[thymeleaf-3.0.15.RELEASE.jar:3.0.15.RELEASE]
	at org.thymeleaf.engine.Model.process(Model.java:282) ~[thymeleaf-3.0.15.RELEASE.jar:3.0.15.RELEASE]
	at org.thymeleaf.engine.Model.process(Model.java:290) ~[thymeleaf-3.0.15.RELEASE.jar:3.0.15.RELEASE]
	at org.thymeleaf.engine.IteratedGatheringModelProcessable.processIterationModel(IteratedGatheringModelProcessable.java:367) ~[thymeleaf-3.0.15.RELEASE.jar:3.0.15.RELEASE]
	at org.thymeleaf.engine.IteratedGatheringModelProcessable.process(IteratedGatheringModelProcessable.java:221) ~[thymeleaf-3.0.15.RELEASE.jar:3.0.15.RELEASE]
	at org.thymeleaf.engine.ProcessorTemplateHandler.handleCloseElement(ProcessorTemplateHandler.java:1640) ~[thymeleaf-3.0.15.RELEASE.jar:3.0.15.RELEASE]
	at org.thymeleaf.engine.CloseElementTag.beHandled(CloseElementTag.java:139) ~[thymeleaf-3.0.15.RELEASE.jar:3.0.15.RELEASE]
	at org.thymeleaf.engine.Model.process(Model.java:282) ~[thymeleaf-3.0.15.RELEASE.jar:3.0.15.RELEASE]
	at org.thymeleaf.engine.Model.process(Model.java:290) ~[thymeleaf-3.0.15.RELEASE.jar:3.0.15.RELEASE]
	at org.thymeleaf.engine.IteratedGatheringModelProcessable.processIterationModel(IteratedGatheringModelProcessable.java:367) ~[thymeleaf-3.0.15.RELEASE.jar:3.0.15.RELEASE]
	at org.thymeleaf.engine.IteratedGatheringModelProcessable.process(IteratedGatheringModelProcessable.java:293) ~[thymeleaf-3.0.15.RELEASE.jar:3.0.15.RELEASE]
	at org.thymeleaf.engine.ProcessorTemplateHandler.handleCloseElement(ProcessorTemplateHandler.java:1640) ~[thymeleaf-3.0.15.RELEASE.jar:3.0.15.RELEASE]
	at org.thymeleaf.engine.CloseElementTag.beHandled(CloseElementTag.java:139) ~[thymeleaf-3.0.15.RELEASE.jar:3.0.15.RELEASE]
	at org.thymeleaf.engine.Model.process(Model.java:282) ~[thymeleaf-3.0.15.RELEASE.jar:3.0.15.RELEASE]
	at org.thymeleaf.engine.ProcessorTemplateHandler.handleOpenElement(ProcessorTemplateHandler.java:1587) ~[thymeleaf-3.0.15.RELEASE.jar:3.0.15.RELEASE]
	at org.thymeleaf.engine.OpenElementTag.beHandled(OpenElementTag.java:205) ~[thymeleaf-3.0.15.RELEASE.jar:3.0.15.RELEASE]
	at org.thymeleaf.engine.Model.process(Model.java:282) ~[thymeleaf-3.0.15.RELEASE.jar:3.0.15.RELEASE]
	at org.thymeleaf.engine.ProcessorTemplateHandler.handleOpenElement(ProcessorTemplateHandler.java:1587) ~[thymeleaf-3.0.15.RELEASE.jar:3.0.15.RELEASE]
	at org.thymeleaf.engine.OpenElementTag.beHandled(OpenElementTag.java:205) ~[thymeleaf-3.0.15.RELEASE.jar:3.0.15.RELEASE]
	at org.thymeleaf.engine.Model.process(Model.java:282) ~[thymeleaf-3.0.15.RELEASE.jar:3.0.15.RELEASE]
	at org.thymeleaf.engine.Model.process(Model.java:290) ~[thymeleaf-3.0.15.RELEASE.jar:3.0.15.RELEASE]
	at org.thymeleaf.engine.GatheringModelProcessable.process(GatheringModelProcessable.java:78) ~[thymeleaf-3.0.15.RELEASE.jar:3.0.15.RELEASE]
	at org.thymeleaf.engine.ProcessorTemplateHandler.handleCloseElement(ProcessorTemplateHandler.java:1640) ~[thymeleaf-3.0.15.RELEASE.jar:3.0.15.RELEASE]
	at org.thymeleaf.engine.TemplateHandlerAdapterMarkupHandler.handleCloseElementEnd(TemplateHandlerAdapterMarkupHandler.java:388) ~[thymeleaf-3.0.15.RELEASE.jar:3.0.15.RELEASE]
	at org.thymeleaf.templateparser.markup.InlinedOutputExpressionMarkupHandler$InlineMarkupAdapterPreProcessorHandler.handleCloseElementEnd(InlinedOutputExpressionMarkupHandler.java:322) ~[thymeleaf-3.0.15.RELEASE.jar:3.0.15.RELEASE]
	at org.thymeleaf.standard.inline.OutputExpressionInlinePreProcessorHandler.handleCloseElementEnd(OutputExpressionInlinePreProcessorHandler.java:220) ~[thymeleaf-3.0.15.RELEASE.jar:3.0.15.RELEASE]
	at org.thymeleaf.templateparser.markup.InlinedOutputExpressionMarkupHandler.handleCloseElementEnd(InlinedOutputExpressionMarkupHandler.java:164) ~[thymeleaf-3.0.15.RELEASE.jar:3.0.15.RELEASE]
	at org.attoparser.HtmlElement.handleCloseElementEnd(HtmlElement.java:169) ~[attoparser-2.0.5.RELEASE.jar:2.0.5.RELEASE]
	at org.attoparser.HtmlMarkupHandler.handleCloseElementEnd(HtmlMarkupHandler.java:412) ~[attoparser-2.0.5.RELEASE.jar:2.0.5.RELEASE]
	at org.attoparser.MarkupEventProcessorHandler.handleCloseElementEnd(MarkupEventProcessorHandler.java:473) ~[attoparser-2.0.5.RELEASE.jar:2.0.5.RELEASE]
	at org.attoparser.ParsingElementMarkupUtil.parseCloseElement(ParsingElementMarkupUtil.java:201) ~[attoparser-2.0.5.RELEASE.jar:2.0.5.RELEASE]
	at org.attoparser.MarkupParser.parseBuffer(MarkupParser.java:725) ~[attoparser-2.0.5.RELEASE.jar:2.0.5.RELEASE]
	at org.attoparser.MarkupParser.parseDocument(MarkupParser.java:301) ~[attoparser-2.0.5.RELEASE.jar:2.0.5.RELEASE]
	at org.attoparser.MarkupParser.parse(MarkupParser.java:257) ~[attoparser-2.0.5.RELEASE.jar:2.0.5.RELEASE]
	at org.thymeleaf.templateparser.markup.AbstractMarkupTemplateParser.parse(AbstractMarkupTemplateParser.java:230) ~[thymeleaf-3.0.15.RELEASE.jar:3.0.15.RELEASE]
	... 89 more
2026-06-04 21:20:55.487 [ERROR] Servlet.service() for servlet [dispatcherServlet] in context with path [] threw exception [Request processing failed; nested exception is org.thymeleaf.exceptions.TemplateInputException: An error happened during template parsing (template: "class path resource [templates/views/main/main.html]")] with root cause
org.springframework.expression.spel.SpelEvaluationException: EL1004E: Method call: Method Integer(java.lang.String) cannot be found on type org.thymeleaf.spring5.expression.SPELContextMapWrapper
	at org.springframework.expression.spel.ast.MethodReference.findAccessorForMethod(MethodReference.java:225) ~[spring-expression-5.3.27.jar:5.3.27]
	at org.springframework.expression.spel.ast.MethodReference.getValueInternal(MethodReference.java:135) ~[spring-expression-5.3.27.jar:5.3.27]
	at org.springframework.expression.spel.ast.MethodReference.getValueInternal(MethodReference.java:95) ~[spring-expression-5.3.27.jar:5.3.27]
	at org.springframework.expression.spel.ast.OpGT.getValueInternal(OpGT.java:47) ~[spring-expression-5.3.27.jar:5.3.27]
	at org.springframework.expression.spel.ast.OpGT.getValueInternal(OpGT.java:37) ~[spring-expression-5.3.27.jar:5.3.27]
	at org.springframework.expression.spel.ast.SpelNodeImpl.getValue(SpelNodeImpl.java:212) ~[spring-expression-5.3.27.jar:5.3.27]
	at org.springframework.expression.spel.ast.OpAnd.getBooleanValue(OpAnd.java:57) ~[spring-expression-5.3.27.jar:5.3.27]
	at org.springframework.expression.spel.ast.OpAnd.getValueInternal(OpAnd.java:52) ~[spring-expression-5.3.27.jar:5.3.27]
	at org.springframework.expression.spel.ast.SpelNodeImpl.getValue(SpelNodeImpl.java:212) ~[spring-expression-5.3.27.jar:5.3.27]
	at org.springframework.expression.spel.ast.OpAnd.getBooleanValue(OpAnd.java:57) ~[spring-expression-5.3.27.jar:5.3.27]
	at org.springframework.expression.spel.ast.OpAnd.getValueInternal(OpAnd.java:48) ~[spring-expression-5.3.27.jar:5.3.27]
	at org.springframework.expression.spel.ast.SpelNodeImpl.getValue(SpelNodeImpl.java:114) ~[spring-expression-5.3.27.jar:5.3.27]
	at org.springframework.expression.spel.standard.SpelExpression.getValue(SpelExpression.java:338) ~[spring-expression-5.3.27.jar:5.3.27]
	at org.thymeleaf.spring5.expression.SPELVariableExpressionEvaluator.evaluate(SPELVariableExpressionEvaluator.java:265) ~[thymeleaf-spring5-3.0.15.RELEASE.jar:3.0.15.RELEASE]
	at org.thymeleaf.standard.expression.VariableExpression.executeVariableExpression(VariableExpression.java:166) ~[thymeleaf-3.0.15.RELEASE.jar:3.0.15.RELEASE]
	at org.thymeleaf.standard.expression.SimpleExpression.executeSimple(SimpleExpression.java:66) ~[thymeleaf-3.0.15.RELEASE.jar:3.0.15.RELEASE]
	at org.thymeleaf.standard.expression.Expression.execute(Expression.java:109) ~[thymeleaf-3.0.15.RELEASE.jar:3.0.15.RELEASE]
	at org.thymeleaf.standard.expression.Expression.execute(Expression.java:138) ~[thymeleaf-3.0.15.RELEASE.jar:3.0.15.RELEASE]
	at org.thymeleaf.standard.expression.Expression.execute(Expression.java:125) ~[thymeleaf-3.0.15.RELEASE.jar:3.0.15.RELEASE]
	at org.thymeleaf.standard.processor.StandardIfTagProcessor.isVisible(StandardIfTagProcessor.java:59) ~[thymeleaf-3.0.15.RELEASE.jar:3.0.15.RELEASE]
	at org.thymeleaf.standard.processor.AbstractStandardConditionalVisibilityTagProcessor.doProcess(AbstractStandardConditionalVisibilityTagProcessor.java:61) ~[thymeleaf-3.0.15.RELEASE.jar:3.0.15.RELEASE]
	at org.thymeleaf.processor.element.AbstractAttributeTagProcessor.doProcess(AbstractAttributeTagProcessor.java:74) ~[thymeleaf-3.0.15.RELEASE.jar:3.0.15.RELEASE]
	at org.thymeleaf.processor.element.AbstractElementTagProcessor.process(AbstractElementTagProcessor.java:95) ~[thymeleaf-3.0.15.RELEASE.jar:3.0.15.RELEASE]
	at org.thymeleaf.util.ProcessorConfigurationUtils$ElementTagProcessorWrapper.process(ProcessorConfigurationUtils.java:633) ~[thymeleaf-3.0.15.RELEASE.jar:3.0.15.RELEASE]
	at org.thymeleaf.engine.ProcessorTemplateHandler.handleOpenElement(ProcessorTemplateHandler.java:1314) ~[thymeleaf-3.0.15.RELEASE.jar:3.0.15.RELEASE]
	at org.thymeleaf.engine.OpenElementTag.beHandled(OpenElementTag.java:205) ~[thymeleaf-3.0.15.RELEASE.jar:3.0.15.RELEASE]
	at org.thymeleaf.engine.Model.process(Model.java:282) ~[thymeleaf-3.0.15.RELEASE.jar:3.0.15.RELEASE]
	at org.thymeleaf.engine.Model.process(Model.java:290) ~[thymeleaf-3.0.15.RELEASE.jar:3.0.15.RELEASE]
	at org.thymeleaf.engine.IteratedGatheringModelProcessable.processIterationModel(IteratedGatheringModelProcessable.java:367) ~[thymeleaf-3.0.15.RELEASE.jar:3.0.15.RELEASE]
	at org.thymeleaf.engine.IteratedGatheringModelProcessable.process(IteratedGatheringModelProcessable.java:221) ~[thymeleaf-3.0.15.RELEASE.jar:3.0.15.RELEASE]
	at org.thymeleaf.engine.ProcessorTemplateHandler.handleCloseElement(ProcessorTemplateHandler.java:1640) ~[thymeleaf-3.0.15.RELEASE.jar:3.0.15.RELEASE]
	at org.thymeleaf.engine.CloseElementTag.beHandled(CloseElementTag.java:139) ~[thymeleaf-3.0.15.RELEASE.jar:3.0.15.RELEASE]
	at org.thymeleaf.engine.Model.process(Model.java:282) ~[thymeleaf-3.0.15.RELEASE.jar:3.0.15.RELEASE]
	at org.thymeleaf.engine.Model.process(Model.java:290) ~[thymeleaf-3.0.15.RELEASE.jar:3.0.15.RELEASE]
	at org.thymeleaf.engine.IteratedGatheringModelProcessable.processIterationModel(IteratedGatheringModelProcessable.java:367) ~[thymeleaf-3.0.15.RELEASE.jar:3.0.15.RELEASE]
	at org.thymeleaf.engine.IteratedGatheringModelProcessable.process(IteratedGatheringModelProcessable.java:293) ~[thymeleaf-3.0.15.RELEASE.jar:3.0.15.RELEASE]
	at org.thymeleaf.engine.ProcessorTemplateHandler.handleCloseElement(ProcessorTemplateHandler.java:1640) ~[thymeleaf-3.0.15.RELEASE.jar:3.0.15.RELEASE]
	at org.thymeleaf.engine.CloseElementTag.beHandled(CloseElementTag.java:139) ~[thymeleaf-3.0.15.RELEASE.jar:3.0.15.RELEASE]
	at org.thymeleaf.engine.Model.process(Model.java:282) ~[thymeleaf-3.0.15.RELEASE.jar:3.0.15.RELEASE]
	at org.thymeleaf.engine.ProcessorTemplateHandler.handleOpenElement(ProcessorTemplateHandler.java:1587) ~[thymeleaf-3.0.15.RELEASE.jar:3.0.15.RELEASE]
	at org.thymeleaf.engine.OpenElementTag.beHandled(OpenElementTag.java:205) ~[thymeleaf-3.0.15.RELEASE.jar:3.0.15.RELEASE]
	at org.thymeleaf.engine.Model.process(Model.java:282) ~[thymeleaf-3.0.15.RELEASE.jar:3.0.15.RELEASE]
	at org.thymeleaf.engine.ProcessorTemplateHandler.handleOpenElement(ProcessorTemplateHandler.java:1587) ~[thymeleaf-3.0.15.RELEASE.jar:3.0.15.RELEASE]
	at org.thymeleaf.engine.OpenElementTag.beHandled(OpenElementTag.java:205) ~[thymeleaf-3.0.15.RELEASE.jar:3.0.15.RELEASE]
	at org.thymeleaf.engine.Model.process(Model.java:282) ~[thymeleaf-3.0.15.RELEASE.jar:3.0.15.RELEASE]
	at org.thymeleaf.engine.Model.process(Model.java:290) ~[thymeleaf-3.0.15.RELEASE.jar:3.0.15.RELEASE]
	at org.thymeleaf.engine.GatheringModelProcessable.process(GatheringModelProcessable.java:78) ~[thymeleaf-3.0.15.RELEASE.jar:3.0.15.RELEASE]
	at org.thymeleaf.engine.ProcessorTemplateHandler.handleCloseElement(ProcessorTemplateHandler.java:1640) ~[thymeleaf-3.0.15.RELEASE.jar:3.0.15.RELEASE]
	at org.thymeleaf.engine.TemplateHandlerAdapterMarkupHandler.handleCloseElementEnd(TemplateHandlerAdapterMarkupHandler.java:388) ~[thymeleaf-3.0.15.RELEASE.jar:3.0.15.RELEASE]
	at org.thymeleaf.templateparser.markup.InlinedOutputExpressionMarkupHandler$InlineMarkupAdapterPreProcessorHandler.handleCloseElementEnd(InlinedOutputExpressionMarkupHandler.java:322) ~[thymeleaf-3.0.15.RELEASE.jar:3.0.15.RELEASE]
	at org.thymeleaf.standard.inline.OutputExpressionInlinePreProcessorHandler.handleCloseElementEnd(OutputExpressionInlinePreProcessorHandler.java:220) ~[thymeleaf-3.0.15.RELEASE.jar:3.0.15.RELEASE]
	at org.thymeleaf.templateparser.markup.InlinedOutputExpressionMarkupHandler.handleCloseElementEnd(InlinedOutputExpressionMarkupHandler.java:164) ~[thymeleaf-3.0.15.RELEASE.jar:3.0.15.RELEASE]
	at org.attoparser.HtmlElement.handleCloseElementEnd(HtmlElement.java:169) ~[attoparser-2.0.5.RELEASE.jar:2.0.5.RELEASE]
	at org.attoparser.HtmlMarkupHandler.handleCloseElementEnd(HtmlMarkupHandler.java:412) ~[attoparser-2.0.5.RELEASE.jar:2.0.5.RELEASE]
	at org.attoparser.MarkupEventProcessorHandler.handleCloseElementEnd(MarkupEventProcessorHandler.java:473) ~[attoparser-2.0.5.RELEASE.jar:2.0.5.RELEASE]
	at org.attoparser.ParsingElementMarkupUtil.parseCloseElement(ParsingElementMarkupUtil.java:201) ~[attoparser-2.0.5.RELEASE.jar:2.0.5.RELEASE]
	at org.attoparser.MarkupParser.parseBuffer(MarkupParser.java:725) ~[attoparser-2.0.5.RELEASE.jar:2.0.5.RELEASE]
	at org.attoparser.MarkupParser.parseDocument(MarkupParser.java:301) ~[attoparser-2.0.5.RELEASE.jar:2.0.5.RELEASE]
	at org.attoparser.MarkupParser.parse(MarkupParser.java:257) ~[attoparser-2.0.5.RELEASE.jar:2.0.5.RELEASE]
	at org.thymeleaf.templateparser.markup.AbstractMarkupTemplateParser.parse(AbstractMarkupTemplateParser.java:230) ~[thymeleaf-3.0.15.RELEASE.jar:3.0.15.RELEASE]
	at org.thymeleaf.templateparser.markup.AbstractMarkupTemplateParser.parseStandalone(AbstractMarkupTemplateParser.java:100) ~[thymeleaf-3.0.15.RELEASE.jar:3.0.15.RELEASE]
	at org.thymeleaf.engine.TemplateManager.parseAndProcess(TemplateManager.java:666) ~[thymeleaf-3.0.15.RELEASE.jar:3.0.15.RELEASE]
	at org.thymeleaf.TemplateEngine.process(TemplateEngine.java:1098) ~[thymeleaf-3.0.15.RELEASE.jar:3.0.15.RELEASE]
	at org.thymeleaf.TemplateEngine.process(TemplateEngine.java:1072) ~[thymeleaf-3.0.15.RELEASE.jar:3.0.15.RELEASE]
	at org.thymeleaf.spring5.view.ThymeleafView.renderFragment(ThymeleafView.java:366) ~[thymeleaf-spring5-3.0.15.RELEASE.jar:3.0.15.RELEASE]
	at org.thymeleaf.spring5.view.ThymeleafView.render(ThymeleafView.java:190) ~[thymeleaf-spring5-3.0.15.RELEASE.jar:3.0.15.RELEASE]
	at org.springframework.web.servlet.DispatcherServlet.render(DispatcherServlet.java:1406) ~[spring-webmvc-5.3.27.jar:5.3.27]
	at org.springframework.web.servlet.DispatcherServlet.processDispatchResult(DispatcherServlet.java:1150) ~[spring-webmvc-5.3.27.jar:5.3.27]
	at org.springframework.web.servlet.DispatcherServlet.doDispatch(DispatcherServlet.java:1089) ~[spring-webmvc-5.3.27.jar:5.3.27]
	at org.springframework.web.servlet.DispatcherServlet.doService(DispatcherServlet.java:965) ~[spring-webmvc-5.3.27.jar:5.3.27]
	at org.springframework.web.servlet.FrameworkServlet.processRequest(FrameworkServlet.java:1006) ~[spring-webmvc-5.3.27.jar:5.3.27]
	at org.springframework.web.servlet.FrameworkServlet.doGet(FrameworkServlet.java:898) ~[spring-webmvc-5.3.27.jar:5.3.27]
	at javax.servlet.http.HttpServlet.service(HttpServlet.java:529) ~[tomcat-embed-core-9.0.75.jar:4.0.FR]
	at org.springframework.web.servlet.FrameworkServlet.service(FrameworkServlet.java:883) ~[spring-webmvc-5.3.27.jar:5.3.27]
	at javax.servlet.http.HttpServlet.service(HttpServlet.java:623) ~[tomcat-embed-core-9.0.75.jar:4.0.FR]
	at org.apache.catalina.core.ApplicationFilterChain.internalDoFilter(ApplicationFilterChain.java:209) ~[tomcat-embed-core-9.0.75.jar:9.0.75]
	at org.apache.catalina.core.ApplicationFilterChain.doFilter(ApplicationFilterChain.java:153) ~[tomcat-embed-core-9.0.75.jar:9.0.75]
	at org.apache.tomcat.websocket.server.WsFilter.doFilter(WsFilter.java:51) ~[tomcat-embed-websocket-9.0.75.jar:9.0.75]
	at org.apache.catalina.core.ApplicationFilterChain.internalDoFilter(ApplicationFilterChain.java:178) ~[tomcat-embed-core-9.0.75.jar:9.0.75]
	at org.apache.catalina.core.ApplicationFilterChain.doFilter(ApplicationFilterChain.java:153) ~[tomcat-embed-core-9.0.75.jar:9.0.75]
	at org.springframework.security.web.FilterChainProxy$VirtualFilterChain.doFilter(FilterChainProxy.java:337) ~[spring-security-web-5.7.8.jar:5.7.8]
	at org.springframework.security.web.access.intercept.FilterSecurityInterceptor.invoke(FilterSecurityInterceptor.java:115) ~[spring-security-web-5.7.8.jar:5.7.8]
	at org.springframework.security.web.access.intercept.FilterSecurityInterceptor.doFilter(FilterSecurityInterceptor.java:81) ~[spring-security-web-5.7.8.jar:5.7.8]
	at org.springframework.security.web.FilterChainProxy$VirtualFilterChain.doFilter(FilterChainProxy.java:346) ~[spring-security-web-5.7.8.jar:5.7.8]
	at org.springframework.security.web.access.ExceptionTranslationFilter.doFilter(ExceptionTranslationFilter.java:122) ~[spring-security-web-5.7.8.jar:5.7.8]
	at org.springframework.security.web.access.ExceptionTranslationFilter.doFilter(ExceptionTranslationFilter.java:116) ~[spring-security-web-5.7.8.jar:5.7.8]
	at org.springframework.security.web.FilterChainProxy$VirtualFilterChain.doFilter(FilterChainProxy.java:346) ~[spring-security-web-5.7.8.jar:5.7.8]
	at org.springframework.security.web.session.SessionManagementFilter.doFilter(SessionManagementFilter.java:126) ~[spring-security-web-5.7.8.jar:5.7.8]
	at org.springframework.security.web.session.SessionManagementFilter.doFilter(SessionManagementFilter.java:81) ~[spring-security-web-5.7.8.jar:5.7.8]
	at org.springframework.security.web.FilterChainProxy$VirtualFilterChain.doFilter(FilterChainProxy.java:346) ~[spring-security-web-5.7.8.jar:5.7.8]
	at org.springframework.security.web.authentication.AnonymousAuthenticationFilter.doFilter(AnonymousAuthenticationFilter.java:109) ~[spring-security-web-5.7.8.jar:5.7.8]
	at org.springframework.security.web.FilterChainProxy$VirtualFilterChain.doFilter(FilterChainProxy.java:346) ~[spring-security-web-5.7.8.jar:5.7.8]
	at org.springframework.security.web.servletapi.SecurityContextHolderAwareRequestFilter.doFilter(SecurityContextHolderAwareRequestFilter.java:149) ~[spring-security-web-5.7.8.jar:5.7.8]
	at org.springframework.security.web.FilterChainProxy$VirtualFilterChain.doFilter(FilterChainProxy.java:346) ~[spring-security-web-5.7.8.jar:5.7.8]
	at org.springframework.security.web.savedrequest.RequestCacheAwareFilter.doFilter(RequestCacheAwareFilter.java:63) ~[spring-security-web-5.7.8.jar:5.7.8]
	at org.springframework.security.web.FilterChainProxy$VirtualFilterChain.doFilter(FilterChainProxy.java:346) ~[spring-security-web-5.7.8.jar:5.7.8]
	at org.springframework.security.web.authentication.AbstractAuthenticationProcessingFilter.doFilter(AbstractAuthenticationProcessingFilter.java:223) ~[spring-security-web-5.7.8.jar:5.7.8]
	at org.springframework.security.web.authentication.AbstractAuthenticationProcessingFilter.doFilter(AbstractAuthenticationProcessingFilter.java:217) ~[spring-security-web-5.7.8.jar:5.7.8]
	at org.springframework.security.web.FilterChainProxy$VirtualFilterChain.doFilter(FilterChainProxy.java:346) ~[spring-security-web-5.7.8.jar:5.7.8]
	at org.springframework.security.web.authentication.logout.LogoutFilter.doFilter(LogoutFilter.java:103) ~[spring-security-web-5.7.8.jar:5.7.8]
	at org.springframework.security.web.authentication.logout.LogoutFilter.doFilter(LogoutFilter.java:89) ~[spring-security-web-5.7.8.jar:5.7.8]
	at org.springframework.security.web.FilterChainProxy$VirtualFilterChain.doFilter(FilterChainProxy.java:346) ~[spring-security-web-5.7.8.jar:5.7.8]
	at org.springframework.security.web.header.HeaderWriterFilter.doHeadersAfter(HeaderWriterFilter.java:90) ~[spring-security-web-5.7.8.jar:5.7.8]
	at org.springframework.security.web.header.HeaderWriterFilter.doFilterInternal(HeaderWriterFilter.java:75) ~[spring-security-web-5.7.8.jar:5.7.8]
	at org.springframework.web.filter.OncePerRequestFilter.doFilter(OncePerRequestFilter.java:117) ~[spring-web-5.3.27.jar:5.3.27]
	at org.springframework.security.web.FilterChainProxy$VirtualFilterChain.doFilter(FilterChainProxy.java:346) ~[spring-security-web-5.7.8.jar:5.7.8]
	at org.springframework.security.web.context.SecurityContextPersistenceFilter.doFilter(SecurityContextPersistenceFilter.java:112) ~[spring-security-web-5.7.8.jar:5.7.8]
	at org.springframework.security.web.context.SecurityContextPersistenceFilter.doFilter(SecurityContextPersistenceFilter.java:82) ~[spring-security-web-5.7.8.jar:5.7.8]
	at org.springframework.security.web.FilterChainProxy$VirtualFilterChain.doFilter(FilterChainProxy.java:346) ~[spring-security-web-5.7.8.jar:5.7.8]
	at org.springframework.security.web.context.request.async.WebAsyncManagerIntegrationFilter.doFilterInternal(WebAsyncManagerIntegrationFilter.java:55) ~[spring-security-web-5.7.8.jar:5.7.8]
	at org.springframework.web.filter.OncePerRequestFilter.doFilter(OncePerRequestFilter.java:117) ~[spring-web-5.3.27.jar:5.3.27]
	at org.springframework.security.web.FilterChainProxy$VirtualFilterChain.doFilter(FilterChainProxy.java:346) ~[spring-security-web-5.7.8.jar:5.7.8]
	at org.springframework.security.web.session.DisableEncodeUrlFilter.doFilterInternal(DisableEncodeUrlFilter.java:42) ~[spring-security-web-5.7.8.jar:5.7.8]
	at org.springframework.web.filter.OncePerRequestFilter.doFilter(OncePerRequestFilter.java:117) ~[spring-web-5.3.27.jar:5.3.27]
	at org.springframework.security.web.FilterChainProxy$VirtualFilterChain.doFilter(FilterChainProxy.java:346) ~[spring-security-web-5.7.8.jar:5.7.8]
	at org.springframework.security.web.FilterChainProxy.doFilterInternal(FilterChainProxy.java:221) ~[spring-security-web-5.7.8.jar:5.7.8]
	at org.springframework.security.web.FilterChainProxy.doFilter(FilterChainProxy.java:186) ~[spring-security-web-5.7.8.jar:5.7.8]
	at org.springframework.web.filter.DelegatingFilterProxy.invokeDelegate(DelegatingFilterProxy.java:354) ~[spring-web-5.3.27.jar:5.3.27]
	at org.springframework.web.filter.DelegatingFilterProxy.doFilter(DelegatingFilterProxy.java:267) ~[spring-web-5.3.27.jar:5.3.27]
	at org.apache.catalina.core.ApplicationFilterChain.internalDoFilter(ApplicationFilterChain.java:178) ~[tomcat-embed-core-9.0.75.jar:9.0.75]
	at org.apache.catalina.core.ApplicationFilterChain.doFilter(ApplicationFilterChain.java:153) ~[tomcat-embed-core-9.0.75.jar:9.0.75]
	at org.springframework.web.filter.RequestContextFilter.doFilterInternal(RequestContextFilter.java:100) ~[spring-web-5.3.27.jar:5.3.27]
	at org.springframework.web.filter.OncePerRequestFilter.doFilter(OncePerRequestFilter.java:117) ~[spring-web-5.3.27.jar:5.3.27]
	at org.apache.catalina.core.ApplicationFilterChain.internalDoFilter(ApplicationFilterChain.java:178) ~[tomcat-embed-core-9.0.75.jar:9.0.75]
	at org.apache.catalina.core.ApplicationFilterChain.doFilter(ApplicationFilterChain.java:153) ~[tomcat-embed-core-9.0.75.jar:9.0.75]
	at org.springframework.web.filter.FormContentFilter.doFilterInternal(FormContentFilter.java:93) ~[spring-web-5.3.27.jar:5.3.27]
	at org.springframework.web.filter.OncePerRequestFilter.doFilter(OncePerRequestFilter.java:117) ~[spring-web-5.3.27.jar:5.3.27]
	at org.apache.catalina.core.ApplicationFilterChain.internalDoFilter(ApplicationFilterChain.java:178) ~[tomcat-embed-core-9.0.75.jar:9.0.75]
	at org.apache.catalina.core.ApplicationFilterChain.doFilter(ApplicationFilterChain.java:153) ~[tomcat-embed-core-9.0.75.jar:9.0.75]
	at org.springframework.web.filter.CharacterEncodingFilter.doFilterInternal(CharacterEncodingFilter.java:201) ~[spring-web-5.3.27.jar:5.3.27]
	at org.springframework.web.filter.OncePerRequestFilter.doFilter(OncePerRequestFilter.java:117) ~[spring-web-5.3.27.jar:5.3.27]
	at org.apache.catalina.core.ApplicationFilterChain.internalDoFilter(ApplicationFilterChain.java:178) ~[tomcat-embed-core-9.0.75.jar:9.0.75]
	at org.apache.catalina.core.ApplicationFilterChain.doFilter(ApplicationFilterChain.java:153) ~[tomcat-embed-core-9.0.75.jar:9.0.75]
	at org.apache.catalina.core.StandardWrapperValve.invoke(StandardWrapperValve.java:167) ~[tomcat-embed-core-9.0.75.jar:9.0.75]
	at org.apache.catalina.core.StandardContextValve.invoke(StandardContextValve.java:90) ~[tomcat-embed-core-9.0.75.jar:9.0.75]
	at org.apache.catalina.authenticator.AuthenticatorBase.invoke(AuthenticatorBase.java:481) ~[tomcat-embed-core-9.0.75.jar:9.0.75]
	at org.apache.catalina.core.StandardHostValve.invoke(StandardHostValve.java:130) ~[tomcat-embed-core-9.0.75.jar:9.0.75]
	at org.apache.catalina.valves.ErrorReportValve.invoke(ErrorReportValve.java:93) ~[tomcat-embed-core-9.0.75.jar:9.0.75]
	at org.apache.catalina.core.StandardEngineValve.invoke(StandardEngineValve.java:74) ~[tomcat-embed-core-9.0.75.jar:9.0.75]
	at org.apache.catalina.connector.CoyoteAdapter.service(CoyoteAdapter.java:343) ~[tomcat-embed-core-9.0.75.jar:9.0.75]
	at org.apache.coyote.http11.Http11Processor.service(Http11Processor.java:390) ~[tomcat-embed-core-9.0.75.jar:9.0.75]
	at org.apache.coyote.AbstractProcessorLight.process(AbstractProcessorLight.java:63) ~[tomcat-embed-core-9.0.75.jar:9.0.75]
	at org.apache.coyote.AbstractProtocol$ConnectionHandler.process(AbstractProtocol.java:926) ~[tomcat-embed-core-9.0.75.jar:9.0.75]
	at org.apache.tomcat.util.net.NioEndpoint$SocketProcessor.doRun(NioEndpoint.java:1791) ~[tomcat-embed-core-9.0.75.jar:9.0.75]
	at org.apache.tomcat.util.net.SocketProcessorBase.run(SocketProcessorBase.java:52) ~[tomcat-embed-core-9.0.75.jar:9.0.75]
	at org.apache.tomcat.util.threads.ThreadPoolExecutor.runWorker(ThreadPoolExecutor.java:1191) ~[tomcat-embed-core-9.0.75.jar:9.0.75]
	at org.apache.tomcat.util.threads.ThreadPoolExecutor$Worker.run(ThreadPoolExecutor.java:659) ~[tomcat-embed-core-9.0.75.jar:9.0.75]
	at org.apache.tomcat.util.threads.TaskThread$WrappingRunnable.run(TaskThread.java:61) ~[tomcat-embed-core-9.0.75.jar:9.0.75]
	at java.lang.Thread.run(Thread.java:834) ~[?:?]
2026-06-04 21:20:55.612 [ERROR] Cannot render error page for request [/] and exception [An error happened during template parsing (template: "class path resource [templates/views/main/main.html]")] as the response has already been committed. As a result, the response may have the wrong status code.
2026-06-04 21:21:11.271 [INFO ] Closing JPA EntityManagerFactory for persistence unit 'default'
2026-06-04 21:21:11.276 [INFO ] HikariPool-1 - Shutdown initiated...
2026-06-04 21:21:11.280 [INFO ] HikariPool-1 - Shutdown completed.
2026-06-04 21:21:36.884 [INFO ] Starting RadarWebApplication using Java 11.0.2 on haems with PID 26092 (C:\0003_kimsn\kimsn\radar-web\build\classes\java\main started by imeahmik in C:\0003_kimsn\kimsn)
2026-06-04 21:21:36.901 [DEBUG] Running with Spring Boot v2.7.12, Spring v5.3.27
2026-06-04 21:21:36.903 [INFO ] No active profile set, falling back to 1 default profile: "default"
2026-06-04 21:21:37.302 [INFO ] Devtools property defaults active! Set 'spring.devtools.add-properties' to 'false' to disable
2026-06-04 21:21:37.302 [INFO ] For additional web related logging consider setting the 'logging.level.web' property to 'DEBUG'
2026-06-04 21:21:38.936 [INFO ] Bootstrapping Spring Data JPA repositories in DEFAULT mode.
2026-06-04 21:21:39.236 [INFO ] Finished Spring Data repository scanning in 285 ms. Found 24 JPA repository interfaces.
2026-06-04 21:21:40.924 [INFO ] Tomcat initialized with port(s): 8700 (http)
2026-06-04 21:21:40.941 [INFO ] Initializing ProtocolHandler ["http-nio-8700"]
2026-06-04 21:21:40.941 [INFO ] Starting service [Tomcat]
2026-06-04 21:21:40.942 [INFO ] Starting Servlet engine: [Apache Tomcat/9.0.75]
2026-06-04 21:21:41.223 [INFO ] Initializing Spring embedded WebApplicationContext
2026-06-04 21:21:41.223 [INFO ] Root WebApplicationContext: initialization completed in 3919 ms
2026-06-04 21:21:41.420 [INFO ] HikariPool-1 - Starting...
2026-06-04 21:21:42.273 [INFO ] HikariPool-1 - Start completed.
2026-06-04 21:21:42.431 [INFO ] HHH000204: Processing PersistenceUnitInfo [name: default]
2026-06-04 21:21:42.540 [INFO ] HHH000412: Hibernate ORM core version 5.6.15.Final
2026-06-04 21:21:43.125 [INFO ] HCANN000001: Hibernate Commons Annotations {5.1.2.Final}
2026-06-04 21:21:43.593 [INFO ] HHH000400: Using dialect: org.hibernate.dialect.MySQL8Dialect
2026-06-04 21:21:45.284 [INFO ] HHH000490: Using JtaPlatform implementation: [org.hibernate.engine.transaction.jta.platform.internal.NoJtaPlatform]
2026-06-04 21:21:45.310 [INFO ] Initialized JPA EntityManagerFactory for persistence unit 'default'
2026-06-04 21:21:47.230 [INFO ] Will secure any request with [org.springframework.security.web.session.DisableEncodeUrlFilter@f95ccef, org.springframework.security.web.context.request.async.WebAsyncManagerIntegrationFilter@68c09457, org.springframework.security.web.context.SecurityContextPersistenceFilter@2d7d2ab3, org.springframework.security.web.header.HeaderWriterFilter@1ce2b865, org.springframework.security.web.authentication.logout.LogoutFilter@f5d513, org.springframework.security.web.authentication.UsernamePasswordAuthenticationFilter@362c063d, org.springframework.security.web.savedrequest.RequestCacheAwareFilter@77e2482f, org.springframework.security.web.servletapi.SecurityContextHolderAwareRequestFilter@122d2af3, org.springframework.security.web.authentication.AnonymousAuthenticationFilter@3e0b6a9c, org.springframework.security.web.session.SessionManagementFilter@3e7ea7, org.springframework.security.web.access.ExceptionTranslationFilter@17e6048d, org.springframework.security.web.access.intercept.FilterSecurityInterceptor@6ec61bc6]
2026-06-04 21:21:47.453 [WARN ] spring.jpa.open-in-view is enabled by default. Therefore, database queries may be performed during view rendering. Explicitly configure spring.jpa.open-in-view to disable this warning
2026-06-04 21:21:48.615 [INFO ] LiveReload server is running on port 35729
2026-06-04 21:21:48.632 [INFO ] Starting ProtocolHandler ["http-nio-8700"]
2026-06-04 21:21:48.661 [INFO ] Tomcat started on port(s): 8700 (http) with context path ''
2026-06-04 21:21:48.672 [INFO ] Started RadarWebApplication in 12.771 seconds (JVM running for 15.376)
2026-06-04 21:22:01.736 [INFO ] Initializing Spring DispatcherServlet 'dispatcherServlet'
2026-06-04 21:22:01.736 [INFO ] Initializing Servlet 'dispatcherServlet'
2026-06-04 21:22:01.738 [INFO ] Completed initialization in 2 ms
2026-06-04 21:22:01.884 [INFO ] loginUser ::::: test
2026-06-04 21:22:34.974 [INFO ] loginUser ::::: test
2026-06-04 21:23:05.645 [INFO ] loginUser ::::: test
2026-06-04 21:23:36.661 [INFO ] loginUser ::::: test
2026-06-04 21:24:07.217 [INFO ] loginUser ::::: test
2026-06-04 21:24:37.927 [INFO ] loginUser ::::: test
2026-06-04 21:25:05.574 [INFO ] Closing JPA EntityManagerFactory for persistence unit 'default'
2026-06-04 21:25:05.577 [INFO ] HikariPool-1 - Shutdown initiated...
2026-06-04 21:25:05.581 [INFO ] HikariPool-1 - Shutdown completed.
2026-06-04 21:25:31.351 [INFO ] Starting RadarWebApplication using Java 11.0.2 on haems with PID 20900 (C:\0003_kimsn\kimsn\radar-web\build\classes\java\main started by imeahmik in C:\0003_kimsn\kimsn)
2026-06-04 21:25:31.367 [DEBUG] Running with Spring Boot v2.7.12, Spring v5.3.27
2026-06-04 21:25:31.370 [INFO ] No active profile set, falling back to 1 default profile: "default"
2026-06-04 21:25:31.795 [INFO ] Devtools property defaults active! Set 'spring.devtools.add-properties' to 'false' to disable
2026-06-04 21:25:31.795 [INFO ] For additional web related logging consider setting the 'logging.level.web' property to 'DEBUG'
2026-06-04 21:25:32.970 [INFO ] Bootstrapping Spring Data JPA repositories in DEFAULT mode.
2026-06-04 21:25:33.387 [INFO ] Finished Spring Data repository scanning in 400 ms. Found 24 JPA repository interfaces.
2026-06-04 21:25:34.885 [INFO ] Tomcat initialized with port(s): 8700 (http)
2026-06-04 21:25:34.904 [INFO ] Initializing ProtocolHandler ["http-nio-8700"]
2026-06-04 21:25:34.904 [INFO ] Starting service [Tomcat]
2026-06-04 21:25:34.905 [INFO ] Starting Servlet engine: [Apache Tomcat/9.0.75]
2026-06-04 21:25:35.185 [INFO ] Initializing Spring embedded WebApplicationContext
2026-06-04 21:25:35.185 [INFO ] Root WebApplicationContext: initialization completed in 3389 ms
2026-06-04 21:25:35.328 [INFO ] HikariPool-1 - Starting...
2026-06-04 21:25:36.032 [INFO ] HikariPool-1 - Start completed.
2026-06-04 21:25:36.165 [INFO ] HHH000204: Processing PersistenceUnitInfo [name: default]
2026-06-04 21:25:36.277 [INFO ] HHH000412: Hibernate ORM core version 5.6.15.Final
2026-06-04 21:25:36.592 [INFO ] HCANN000001: Hibernate Commons Annotations {5.1.2.Final}
2026-06-04 21:25:36.906 [INFO ] HHH000400: Using dialect: org.hibernate.dialect.MySQL8Dialect
2026-06-04 21:25:38.412 [INFO ] HHH000490: Using JtaPlatform implementation: [org.hibernate.engine.transaction.jta.platform.internal.NoJtaPlatform]
2026-06-04 21:25:38.445 [INFO ] Initialized JPA EntityManagerFactory for persistence unit 'default'
2026-06-04 21:25:40.205 [INFO ] Will secure any request with [org.springframework.security.web.session.DisableEncodeUrlFilter@470158d1, org.springframework.security.web.context.request.async.WebAsyncManagerIntegrationFilter@65313dc3, org.springframework.security.web.context.SecurityContextPersistenceFilter@18baa195, org.springframework.security.web.header.HeaderWriterFilter@48b382af, org.springframework.security.web.authentication.logout.LogoutFilter@2093d036, org.springframework.security.web.authentication.UsernamePasswordAuthenticationFilter@317606bf, org.springframework.security.web.savedrequest.RequestCacheAwareFilter@7b8aa6e4, org.springframework.security.web.servletapi.SecurityContextHolderAwareRequestFilter@73f2cc91, org.springframework.security.web.authentication.AnonymousAuthenticationFilter@64f38c24, org.springframework.security.web.session.SessionManagementFilter@4b537cd, org.springframework.security.web.access.ExceptionTranslationFilter@62c5fd8c, org.springframework.security.web.access.intercept.FilterSecurityInterceptor@712ad177]
2026-06-04 21:25:40.493 [WARN ] spring.jpa.open-in-view is enabled by default. Therefore, database queries may be performed during view rendering. Explicitly configure spring.jpa.open-in-view to disable this warning
2026-06-04 21:25:41.558 [INFO ] LiveReload server is running on port 35729
2026-06-04 21:25:41.575 [INFO ] Starting ProtocolHandler ["http-nio-8700"]
2026-06-04 21:25:41.596 [INFO ] Tomcat started on port(s): 8700 (http) with context path ''
2026-06-04 21:25:41.606 [INFO ] Started RadarWebApplication in 11.149 seconds (JVM running for 14.158)
2026-06-04 21:25:51.815 [INFO ] Initializing Spring DispatcherServlet 'dispatcherServlet'
2026-06-04 21:25:51.816 [INFO ] Initializing Servlet 'dispatcherServlet'
2026-06-04 21:25:51.817 [INFO ] Completed initialization in 1 ms
2026-06-04 21:25:51.942 [INFO ] loginUser ::::: test
2026-06-04 21:25:54.093 [ERROR] [THYMELEAF][http-nio-8700-exec-1] Exception processing template "views/main/main": An error happened during template parsing (template: "class path resource [templates/views/main/main.html]")
org.thymeleaf.exceptions.TemplateInputException: An error happened during template parsing (template: "class path resource [templates/views/main/main.html]")
	at org.thymeleaf.templateparser.markup.AbstractMarkupTemplateParser.parse(AbstractMarkupTemplateParser.java:241) ~[thymeleaf-3.0.15.RELEASE.jar:3.0.15.RELEASE]
	at org.thymeleaf.templateparser.markup.AbstractMarkupTemplateParser.parseStandalone(AbstractMarkupTemplateParser.java:100) ~[thymeleaf-3.0.15.RELEASE.jar:3.0.15.RELEASE]
	at org.thymeleaf.engine.TemplateManager.parseAndProcess(TemplateManager.java:666) ~[thymeleaf-3.0.15.RELEASE.jar:3.0.15.RELEASE]
	at org.thymeleaf.TemplateEngine.process(TemplateEngine.java:1098) ~[thymeleaf-3.0.15.RELEASE.jar:3.0.15.RELEASE]
	at org.thymeleaf.TemplateEngine.process(TemplateEngine.java:1072) ~[thymeleaf-3.0.15.RELEASE.jar:3.0.15.RELEASE]
	at org.thymeleaf.spring5.view.ThymeleafView.renderFragment(ThymeleafView.java:366) ~[thymeleaf-spring5-3.0.15.RELEASE.jar:3.0.15.RELEASE]
	at org.thymeleaf.spring5.view.ThymeleafView.render(ThymeleafView.java:190) ~[thymeleaf-spring5-3.0.15.RELEASE.jar:3.0.15.RELEASE]
	at org.springframework.web.servlet.DispatcherServlet.render(DispatcherServlet.java:1406) ~[spring-webmvc-5.3.27.jar:5.3.27]
	at org.springframework.web.servlet.DispatcherServlet.processDispatchResult(DispatcherServlet.java:1150) ~[spring-webmvc-5.3.27.jar:5.3.27]
	at org.springframework.web.servlet.DispatcherServlet.doDispatch(DispatcherServlet.java:1089) ~[spring-webmvc-5.3.27.jar:5.3.27]
	at org.springframework.web.servlet.DispatcherServlet.doService(DispatcherServlet.java:965) ~[spring-webmvc-5.3.27.jar:5.3.27]
	at org.springframework.web.servlet.FrameworkServlet.processRequest(FrameworkServlet.java:1006) ~[spring-webmvc-5.3.27.jar:5.3.27]
	at org.springframework.web.servlet.FrameworkServlet.doGet(FrameworkServlet.java:898) ~[spring-webmvc-5.3.27.jar:5.3.27]
	at javax.servlet.http.HttpServlet.service(HttpServlet.java:529) ~[tomcat-embed-core-9.0.75.jar:4.0.FR]
	at org.springframework.web.servlet.FrameworkServlet.service(FrameworkServlet.java:883) ~[spring-webmvc-5.3.27.jar:5.3.27]
	at javax.servlet.http.HttpServlet.service(HttpServlet.java:623) ~[tomcat-embed-core-9.0.75.jar:4.0.FR]
	at org.apache.catalina.core.ApplicationFilterChain.internalDoFilter(ApplicationFilterChain.java:209) ~[tomcat-embed-core-9.0.75.jar:9.0.75]
	at org.apache.catalina.core.ApplicationFilterChain.doFilter(ApplicationFilterChain.java:153) ~[tomcat-embed-core-9.0.75.jar:9.0.75]
	at org.apache.tomcat.websocket.server.WsFilter.doFilter(WsFilter.java:51) ~[tomcat-embed-websocket-9.0.75.jar:9.0.75]
	at org.apache.catalina.core.ApplicationFilterChain.internalDoFilter(ApplicationFilterChain.java:178) ~[tomcat-embed-core-9.0.75.jar:9.0.75]
	at org.apache.catalina.core.ApplicationFilterChain.doFilter(ApplicationFilterChain.java:153) ~[tomcat-embed-core-9.0.75.jar:9.0.75]
	at org.springframework.security.web.FilterChainProxy$VirtualFilterChain.doFilter(FilterChainProxy.java:337) ~[spring-security-web-5.7.8.jar:5.7.8]
	at org.springframework.security.web.access.intercept.FilterSecurityInterceptor.invoke(FilterSecurityInterceptor.java:115) ~[spring-security-web-5.7.8.jar:5.7.8]
	at org.springframework.security.web.access.intercept.FilterSecurityInterceptor.doFilter(FilterSecurityInterceptor.java:81) ~[spring-security-web-5.7.8.jar:5.7.8]
	at org.springframework.security.web.FilterChainProxy$VirtualFilterChain.doFilter(FilterChainProxy.java:346) ~[spring-security-web-5.7.8.jar:5.7.8]
	at org.springframework.security.web.access.ExceptionTranslationFilter.doFilter(ExceptionTranslationFilter.java:122) ~[spring-security-web-5.7.8.jar:5.7.8]
	at org.springframework.security.web.access.ExceptionTranslationFilter.doFilter(ExceptionTranslationFilter.java:116) ~[spring-security-web-5.7.8.jar:5.7.8]
	at org.springframework.security.web.FilterChainProxy$VirtualFilterChain.doFilter(FilterChainProxy.java:346) ~[spring-security-web-5.7.8.jar:5.7.8]
	at org.springframework.security.web.session.SessionManagementFilter.doFilter(SessionManagementFilter.java:126) ~[spring-security-web-5.7.8.jar:5.7.8]
	at org.springframework.security.web.session.SessionManagementFilter.doFilter(SessionManagementFilter.java:81) ~[spring-security-web-5.7.8.jar:5.7.8]
	at org.springframework.security.web.FilterChainProxy$VirtualFilterChain.doFilter(FilterChainProxy.java:346) ~[spring-security-web-5.7.8.jar:5.7.8]
	at org.springframework.security.web.authentication.AnonymousAuthenticationFilter.doFilter(AnonymousAuthenticationFilter.java:109) ~[spring-security-web-5.7.8.jar:5.7.8]
	at org.springframework.security.web.FilterChainProxy$VirtualFilterChain.doFilter(FilterChainProxy.java:346) ~[spring-security-web-5.7.8.jar:5.7.8]
	at org.springframework.security.web.servletapi.SecurityContextHolderAwareRequestFilter.doFilter(SecurityContextHolderAwareRequestFilter.java:149) ~[spring-security-web-5.7.8.jar:5.7.8]
	at org.springframework.security.web.FilterChainProxy$VirtualFilterChain.doFilter(FilterChainProxy.java:346) ~[spring-security-web-5.7.8.jar:5.7.8]
	at org.springframework.security.web.savedrequest.RequestCacheAwareFilter.doFilter(RequestCacheAwareFilter.java:63) ~[spring-security-web-5.7.8.jar:5.7.8]
	at org.springframework.security.web.FilterChainProxy$VirtualFilterChain.doFilter(FilterChainProxy.java:346) ~[spring-security-web-5.7.8.jar:5.7.8]
	at org.springframework.security.web.authentication.AbstractAuthenticationProcessingFilter.doFilter(AbstractAuthenticationProcessingFilter.java:223) ~[spring-security-web-5.7.8.jar:5.7.8]
	at org.springframework.security.web.authentication.AbstractAuthenticationProcessingFilter.doFilter(AbstractAuthenticationProcessingFilter.java:217) ~[spring-security-web-5.7.8.jar:5.7.8]
	at org.springframework.security.web.FilterChainProxy$VirtualFilterChain.doFilter(FilterChainProxy.java:346) ~[spring-security-web-5.7.8.jar:5.7.8]
	at org.springframework.security.web.authentication.logout.LogoutFilter.doFilter(LogoutFilter.java:103) ~[spring-security-web-5.7.8.jar:5.7.8]
	at org.springframework.security.web.authentication.logout.LogoutFilter.doFilter(LogoutFilter.java:89) ~[spring-security-web-5.7.8.jar:5.7.8]
	at org.springframework.security.web.FilterChainProxy$VirtualFilterChain.doFilter(FilterChainProxy.java:346) ~[spring-security-web-5.7.8.jar:5.7.8]
	at org.springframework.security.web.header.HeaderWriterFilter.doHeadersAfter(HeaderWriterFilter.java:90) ~[spring-security-web-5.7.8.jar:5.7.8]
	at org.springframework.security.web.header.HeaderWriterFilter.doFilterInternal(HeaderWriterFilter.java:75) ~[spring-security-web-5.7.8.jar:5.7.8]
	at org.springframework.web.filter.OncePerRequestFilter.doFilter(OncePerRequestFilter.java:117) ~[spring-web-5.3.27.jar:5.3.27]
	at org.springframework.security.web.FilterChainProxy$VirtualFilterChain.doFilter(FilterChainProxy.java:346) ~[spring-security-web-5.7.8.jar:5.7.8]
	at org.springframework.security.web.context.SecurityContextPersistenceFilter.doFilter(SecurityContextPersistenceFilter.java:112) ~[spring-security-web-5.7.8.jar:5.7.8]
	at org.springframework.security.web.context.SecurityContextPersistenceFilter.doFilter(SecurityContextPersistenceFilter.java:82) ~[spring-security-web-5.7.8.jar:5.7.8]
	at org.springframework.security.web.FilterChainProxy$VirtualFilterChain.doFilter(FilterChainProxy.java:346) ~[spring-security-web-5.7.8.jar:5.7.8]
	at org.springframework.security.web.context.request.async.WebAsyncManagerIntegrationFilter.doFilterInternal(WebAsyncManagerIntegrationFilter.java:55) ~[spring-security-web-5.7.8.jar:5.7.8]
	at org.springframework.web.filter.OncePerRequestFilter.doFilter(OncePerRequestFilter.java:117) ~[spring-web-5.3.27.jar:5.3.27]
	at org.springframework.security.web.FilterChainProxy$VirtualFilterChain.doFilter(FilterChainProxy.java:346) ~[spring-security-web-5.7.8.jar:5.7.8]
	at org.springframework.security.web.session.DisableEncodeUrlFilter.doFilterInternal(DisableEncodeUrlFilter.java:42) ~[spring-security-web-5.7.8.jar:5.7.8]
	at org.springframework.web.filter.OncePerRequestFilter.doFilter(OncePerRequestFilter.java:117) ~[spring-web-5.3.27.jar:5.3.27]
	at org.springframework.security.web.FilterChainProxy$VirtualFilterChain.doFilter(FilterChainProxy.java:346) ~[spring-security-web-5.7.8.jar:5.7.8]
	at org.springframework.security.web.FilterChainProxy.doFilterInternal(FilterChainProxy.java:221) ~[spring-security-web-5.7.8.jar:5.7.8]
	at org.springframework.security.web.FilterChainProxy.doFilter(FilterChainProxy.java:186) ~[spring-security-web-5.7.8.jar:5.7.8]
	at org.springframework.web.filter.DelegatingFilterProxy.invokeDelegate(DelegatingFilterProxy.java:354) ~[spring-web-5.3.27.jar:5.3.27]
	at org.springframework.web.filter.DelegatingFilterProxy.doFilter(DelegatingFilterProxy.java:267) ~[spring-web-5.3.27.jar:5.3.27]
	at org.apache.catalina.core.ApplicationFilterChain.internalDoFilter(ApplicationFilterChain.java:178) ~[tomcat-embed-core-9.0.75.jar:9.0.75]
	at org.apache.catalina.core.ApplicationFilterChain.doFilter(ApplicationFilterChain.java:153) ~[tomcat-embed-core-9.0.75.jar:9.0.75]
	at org.springframework.web.filter.RequestContextFilter.doFilterInternal(RequestContextFilter.java:100) ~[spring-web-5.3.27.jar:5.3.27]
	at org.springframework.web.filter.OncePerRequestFilter.doFilter(OncePerRequestFilter.java:117) ~[spring-web-5.3.27.jar:5.3.27]
	at org.apache.catalina.core.ApplicationFilterChain.internalDoFilter(ApplicationFilterChain.java:178) ~[tomcat-embed-core-9.0.75.jar:9.0.75]
	at org.apache.catalina.core.ApplicationFilterChain.doFilter(ApplicationFilterChain.java:153) ~[tomcat-embed-core-9.0.75.jar:9.0.75]
	at org.springframework.web.filter.FormContentFilter.doFilterInternal(FormContentFilter.java:93) ~[spring-web-5.3.27.jar:5.3.27]
	at org.springframework.web.filter.OncePerRequestFilter.doFilter(OncePerRequestFilter.java:117) ~[spring-web-5.3.27.jar:5.3.27]
	at org.apache.catalina.core.ApplicationFilterChain.internalDoFilter(ApplicationFilterChain.java:178) ~[tomcat-embed-core-9.0.75.jar:9.0.75]
	at org.apache.catalina.core.ApplicationFilterChain.doFilter(ApplicationFilterChain.java:153) ~[tomcat-embed-core-9.0.75.jar:9.0.75]
	at org.springframework.web.filter.CharacterEncodingFilter.doFilterInternal(CharacterEncodingFilter.java:201) ~[spring-web-5.3.27.jar:5.3.27]
	at org.springframework.web.filter.OncePerRequestFilter.doFilter(OncePerRequestFilter.java:117) ~[spring-web-5.3.27.jar:5.3.27]
	at org.apache.catalina.core.ApplicationFilterChain.internalDoFilter(ApplicationFilterChain.java:178) ~[tomcat-embed-core-9.0.75.jar:9.0.75]
	at org.apache.catalina.core.ApplicationFilterChain.doFilter(ApplicationFilterChain.java:153) ~[tomcat-embed-core-9.0.75.jar:9.0.75]
	at org.apache.catalina.core.StandardWrapperValve.invoke(StandardWrapperValve.java:167) ~[tomcat-embed-core-9.0.75.jar:9.0.75]
	at org.apache.catalina.core.StandardContextValve.invoke(StandardContextValve.java:90) ~[tomcat-embed-core-9.0.75.jar:9.0.75]
	at org.apache.catalina.authenticator.AuthenticatorBase.invoke(AuthenticatorBase.java:481) ~[tomcat-embed-core-9.0.75.jar:9.0.75]
	at org.apache.catalina.core.StandardHostValve.invoke(StandardHostValve.java:130) ~[tomcat-embed-core-9.0.75.jar:9.0.75]
	at org.apache.catalina.valves.ErrorReportValve.invoke(ErrorReportValve.java:93) ~[tomcat-embed-core-9.0.75.jar:9.0.75]
	at org.apache.catalina.core.StandardEngineValve.invoke(StandardEngineValve.java:74) ~[tomcat-embed-core-9.0.75.jar:9.0.75]
	at org.apache.catalina.connector.CoyoteAdapter.service(CoyoteAdapter.java:343) ~[tomcat-embed-core-9.0.75.jar:9.0.75]
	at org.apache.coyote.http11.Http11Processor.service(Http11Processor.java:390) ~[tomcat-embed-core-9.0.75.jar:9.0.75]
	at org.apache.coyote.AbstractProcessorLight.process(AbstractProcessorLight.java:63) ~[tomcat-embed-core-9.0.75.jar:9.0.75]
	at org.apache.coyote.AbstractProtocol$ConnectionHandler.process(AbstractProtocol.java:926) ~[tomcat-embed-core-9.0.75.jar:9.0.75]
	at org.apache.tomcat.util.net.NioEndpoint$SocketProcessor.doRun(NioEndpoint.java:1791) ~[tomcat-embed-core-9.0.75.jar:9.0.75]
	at org.apache.tomcat.util.net.SocketProcessorBase.run(SocketProcessorBase.java:52) ~[tomcat-embed-core-9.0.75.jar:9.0.75]
	at org.apache.tomcat.util.threads.ThreadPoolExecutor.runWorker(ThreadPoolExecutor.java:1191) ~[tomcat-embed-core-9.0.75.jar:9.0.75]
	at org.apache.tomcat.util.threads.ThreadPoolExecutor$Worker.run(ThreadPoolExecutor.java:659) ~[tomcat-embed-core-9.0.75.jar:9.0.75]
	at org.apache.tomcat.util.threads.TaskThread$WrappingRunnable.run(TaskThread.java:61) ~[tomcat-embed-core-9.0.75.jar:9.0.75]
	at java.lang.Thread.run(Thread.java:834) ~[?:?]
Caused by: org.attoparser.ParseException: Exception evaluating SpringEL expression: "Integer(sList.siteNum) < 50000 && Integer(sList.siteNum) > 40000" (template: "layout/header" - line 120, col 47)
	at org.attoparser.MarkupParser.parseDocument(MarkupParser.java:393) ~[attoparser-2.0.5.RELEASE.jar:2.0.5.RELEASE]
	at org.attoparser.MarkupParser.parse(MarkupParser.java:257) ~[attoparser-2.0.5.RELEASE.jar:2.0.5.RELEASE]
	at org.thymeleaf.templateparser.markup.AbstractMarkupTemplateParser.parse(AbstractMarkupTemplateParser.java:230) ~[thymeleaf-3.0.15.RELEASE.jar:3.0.15.RELEASE]
	... 89 more
Caused by: org.thymeleaf.exceptions.TemplateProcessingException: Exception evaluating SpringEL expression: "Integer(sList.siteNum) < 50000 && Integer(sList.siteNum) > 40000" (template: "layout/header" - line 120, col 47)
	at org.thymeleaf.spring5.expression.SPELVariableExpressionEvaluator.evaluate(SPELVariableExpressionEvaluator.java:292) ~[thymeleaf-spring5-3.0.15.RELEASE.jar:3.0.15.RELEASE]
	at org.thymeleaf.standard.expression.VariableExpression.executeVariableExpression(VariableExpression.java:166) ~[thymeleaf-3.0.15.RELEASE.jar:3.0.15.RELEASE]
	at org.thymeleaf.standard.expression.SimpleExpression.executeSimple(SimpleExpression.java:66) ~[thymeleaf-3.0.15.RELEASE.jar:3.0.15.RELEASE]
	at org.thymeleaf.standard.expression.Expression.execute(Expression.java:109) ~[thymeleaf-3.0.15.RELEASE.jar:3.0.15.RELEASE]
	at org.thymeleaf.standard.expression.Expression.execute(Expression.java:138) ~[thymeleaf-3.0.15.RELEASE.jar:3.0.15.RELEASE]
	at org.thymeleaf.standard.expression.Expression.execute(Expression.java:125) ~[thymeleaf-3.0.15.RELEASE.jar:3.0.15.RELEASE]
	at org.thymeleaf.standard.processor.StandardIfTagProcessor.isVisible(StandardIfTagProcessor.java:59) ~[thymeleaf-3.0.15.RELEASE.jar:3.0.15.RELEASE]
	at org.thymeleaf.standard.processor.AbstractStandardConditionalVisibilityTagProcessor.doProcess(AbstractStandardConditionalVisibilityTagProcessor.java:61) ~[thymeleaf-3.0.15.RELEASE.jar:3.0.15.RELEASE]
	at org.thymeleaf.processor.element.AbstractAttributeTagProcessor.doProcess(AbstractAttributeTagProcessor.java:74) ~[thymeleaf-3.0.15.RELEASE.jar:3.0.15.RELEASE]
	at org.thymeleaf.processor.element.AbstractElementTagProcessor.process(AbstractElementTagProcessor.java:95) ~[thymeleaf-3.0.15.RELEASE.jar:3.0.15.RELEASE]
	at org.thymeleaf.util.ProcessorConfigurationUtils$ElementTagProcessorWrapper.process(ProcessorConfigurationUtils.java:633) ~[thymeleaf-3.0.15.RELEASE.jar:3.0.15.RELEASE]
	at org.thymeleaf.engine.ProcessorTemplateHandler.handleOpenElement(ProcessorTemplateHandler.java:1314) ~[thymeleaf-3.0.15.RELEASE.jar:3.0.15.RELEASE]
	at org.thymeleaf.engine.OpenElementTag.beHandled(OpenElementTag.java:205) ~[thymeleaf-3.0.15.RELEASE.jar:3.0.15.RELEASE]
	at org.thymeleaf.engine.Model.process(Model.java:282) ~[thymeleaf-3.0.15.RELEASE.jar:3.0.15.RELEASE]
	at org.thymeleaf.engine.Model.process(Model.java:290) ~[thymeleaf-3.0.15.RELEASE.jar:3.0.15.RELEASE]
	at org.thymeleaf.engine.IteratedGatheringModelProcessable.processIterationModel(IteratedGatheringModelProcessable.java:367) ~[thymeleaf-3.0.15.RELEASE.jar:3.0.15.RELEASE]
	at org.thymeleaf.engine.IteratedGatheringModelProcessable.process(IteratedGatheringModelProcessable.java:221) ~[thymeleaf-3.0.15.RELEASE.jar:3.0.15.RELEASE]
	at org.thymeleaf.engine.ProcessorTemplateHandler.handleCloseElement(ProcessorTemplateHandler.java:1640) ~[thymeleaf-3.0.15.RELEASE.jar:3.0.15.RELEASE]
	at org.thymeleaf.engine.CloseElementTag.beHandled(CloseElementTag.java:139) ~[thymeleaf-3.0.15.RELEASE.jar:3.0.15.RELEASE]
	at org.thymeleaf.engine.Model.process(Model.java:282) ~[thymeleaf-3.0.15.RELEASE.jar:3.0.15.RELEASE]
	at org.thymeleaf.engine.Model.process(Model.java:290) ~[thymeleaf-3.0.15.RELEASE.jar:3.0.15.RELEASE]
	at org.thymeleaf.engine.IteratedGatheringModelProcessable.processIterationModel(IteratedGatheringModelProcessable.java:367) ~[thymeleaf-3.0.15.RELEASE.jar:3.0.15.RELEASE]
	at org.thymeleaf.engine.IteratedGatheringModelProcessable.process(IteratedGatheringModelProcessable.java:293) ~[thymeleaf-3.0.15.RELEASE.jar:3.0.15.RELEASE]
	at org.thymeleaf.engine.ProcessorTemplateHandler.handleCloseElement(ProcessorTemplateHandler.java:1640) ~[thymeleaf-3.0.15.RELEASE.jar:3.0.15.RELEASE]
	at org.thymeleaf.engine.CloseElementTag.beHandled(CloseElementTag.java:139) ~[thymeleaf-3.0.15.RELEASE.jar:3.0.15.RELEASE]
	at org.thymeleaf.engine.Model.process(Model.java:282) ~[thymeleaf-3.0.15.RELEASE.jar:3.0.15.RELEASE]
	at org.thymeleaf.engine.ProcessorTemplateHandler.handleOpenElement(ProcessorTemplateHandler.java:1587) ~[thymeleaf-3.0.15.RELEASE.jar:3.0.15.RELEASE]
	at org.thymeleaf.engine.OpenElementTag.beHandled(OpenElementTag.java:205) ~[thymeleaf-3.0.15.RELEASE.jar:3.0.15.RELEASE]
	at org.thymeleaf.engine.Model.process(Model.java:282) ~[thymeleaf-3.0.15.RELEASE.jar:3.0.15.RELEASE]
	at org.thymeleaf.engine.ProcessorTemplateHandler.handleOpenElement(ProcessorTemplateHandler.java:1587) ~[thymeleaf-3.0.15.RELEASE.jar:3.0.15.RELEASE]
	at org.thymeleaf.engine.OpenElementTag.beHandled(OpenElementTag.java:205) ~[thymeleaf-3.0.15.RELEASE.jar:3.0.15.RELEASE]
	at org.thymeleaf.engine.Model.process(Model.java:282) ~[thymeleaf-3.0.15.RELEASE.jar:3.0.15.RELEASE]
	at org.thymeleaf.engine.Model.process(Model.java:290) ~[thymeleaf-3.0.15.RELEASE.jar:3.0.15.RELEASE]
	at org.thymeleaf.engine.GatheringModelProcessable.process(GatheringModelProcessable.java:78) ~[thymeleaf-3.0.15.RELEASE.jar:3.0.15.RELEASE]
	at org.thymeleaf.engine.ProcessorTemplateHandler.handleCloseElement(ProcessorTemplateHandler.java:1640) ~[thymeleaf-3.0.15.RELEASE.jar:3.0.15.RELEASE]
	at org.thymeleaf.engine.TemplateHandlerAdapterMarkupHandler.handleCloseElementEnd(TemplateHandlerAdapterMarkupHandler.java:388) ~[thymeleaf-3.0.15.RELEASE.jar:3.0.15.RELEASE]
	at org.thymeleaf.templateparser.markup.InlinedOutputExpressionMarkupHandler$InlineMarkupAdapterPreProcessorHandler.handleCloseElementEnd(InlinedOutputExpressionMarkupHandler.java:322) ~[thymeleaf-3.0.15.RELEASE.jar:3.0.15.RELEASE]
	at org.thymeleaf.standard.inline.OutputExpressionInlinePreProcessorHandler.handleCloseElementEnd(OutputExpressionInlinePreProcessorHandler.java:220) ~[thymeleaf-3.0.15.RELEASE.jar:3.0.15.RELEASE]
	at org.thymeleaf.templateparser.markup.InlinedOutputExpressionMarkupHandler.handleCloseElementEnd(InlinedOutputExpressionMarkupHandler.java:164) ~[thymeleaf-3.0.15.RELEASE.jar:3.0.15.RELEASE]
	at org.attoparser.HtmlElement.handleCloseElementEnd(HtmlElement.java:169) ~[attoparser-2.0.5.RELEASE.jar:2.0.5.RELEASE]
	at org.attoparser.HtmlMarkupHandler.handleCloseElementEnd(HtmlMarkupHandler.java:412) ~[attoparser-2.0.5.RELEASE.jar:2.0.5.RELEASE]
	at org.attoparser.MarkupEventProcessorHandler.handleCloseElementEnd(MarkupEventProcessorHandler.java:473) ~[attoparser-2.0.5.RELEASE.jar:2.0.5.RELEASE]
	at org.attoparser.ParsingElementMarkupUtil.parseCloseElement(ParsingElementMarkupUtil.java:201) ~[attoparser-2.0.5.RELEASE.jar:2.0.5.RELEASE]
	at org.attoparser.MarkupParser.parseBuffer(MarkupParser.java:725) ~[attoparser-2.0.5.RELEASE.jar:2.0.5.RELEASE]
	at org.attoparser.MarkupParser.parseDocument(MarkupParser.java:301) ~[attoparser-2.0.5.RELEASE.jar:2.0.5.RELEASE]
	at org.attoparser.MarkupParser.parse(MarkupParser.java:257) ~[attoparser-2.0.5.RELEASE.jar:2.0.5.RELEASE]
	at org.thymeleaf.templateparser.markup.AbstractMarkupTemplateParser.parse(AbstractMarkupTemplateParser.java:230) ~[thymeleaf-3.0.15.RELEASE.jar:3.0.15.RELEASE]
	... 89 more
Caused by: org.springframework.expression.spel.SpelEvaluationException: EL1004E: Method call: Method Integer(java.lang.String) cannot be found on type org.thymeleaf.spring5.expression.SPELContextMapWrapper
	at org.springframework.expression.spel.ast.MethodReference.findAccessorForMethod(MethodReference.java:225) ~[spring-expression-5.3.27.jar:5.3.27]
	at org.springframework.expression.spel.ast.MethodReference.getValueInternal(MethodReference.java:135) ~[spring-expression-5.3.27.jar:5.3.27]
	at org.springframework.expression.spel.ast.MethodReference.getValueInternal(MethodReference.java:95) ~[spring-expression-5.3.27.jar:5.3.27]
	at org.springframework.expression.spel.ast.OpLT.getValueInternal(OpLT.java:47) ~[spring-expression-5.3.27.jar:5.3.27]
	at org.springframework.expression.spel.ast.OpLT.getValueInternal(OpLT.java:37) ~[spring-expression-5.3.27.jar:5.3.27]
	at org.springframework.expression.spel.ast.SpelNodeImpl.getValue(SpelNodeImpl.java:212) ~[spring-expression-5.3.27.jar:5.3.27]
	at org.springframework.expression.spel.ast.OpAnd.getBooleanValue(OpAnd.java:57) ~[spring-expression-5.3.27.jar:5.3.27]
	at org.springframework.expression.spel.ast.OpAnd.getValueInternal(OpAnd.java:48) ~[spring-expression-5.3.27.jar:5.3.27]
	at org.springframework.expression.spel.ast.SpelNodeImpl.getValue(SpelNodeImpl.java:114) ~[spring-expression-5.3.27.jar:5.3.27]
	at org.springframework.expression.spel.standard.SpelExpression.getValue(SpelExpression.java:338) ~[spring-expression-5.3.27.jar:5.3.27]
	at org.thymeleaf.spring5.expression.SPELVariableExpressionEvaluator.evaluate(SPELVariableExpressionEvaluator.java:265) ~[thymeleaf-spring5-3.0.15.RELEASE.jar:3.0.15.RELEASE]
	at org.thymeleaf.standard.expression.VariableExpression.executeVariableExpression(VariableExpression.java:166) ~[thymeleaf-3.0.15.RELEASE.jar:3.0.15.RELEASE]
	at org.thymeleaf.standard.expression.SimpleExpression.executeSimple(SimpleExpression.java:66) ~[thymeleaf-3.0.15.RELEASE.jar:3.0.15.RELEASE]
	at org.thymeleaf.standard.expression.Expression.execute(Expression.java:109) ~[thymeleaf-3.0.15.RELEASE.jar:3.0.15.RELEASE]
	at org.thymeleaf.standard.expression.Expression.execute(Expression.java:138) ~[thymeleaf-3.0.15.RELEASE.jar:3.0.15.RELEASE]
	at org.thymeleaf.standard.expression.Expression.execute(Expression.java:125) ~[thymeleaf-3.0.15.RELEASE.jar:3.0.15.RELEASE]
	at org.thymeleaf.standard.processor.StandardIfTagProcessor.isVisible(StandardIfTagProcessor.java:59) ~[thymeleaf-3.0.15.RELEASE.jar:3.0.15.RELEASE]
	at org.thymeleaf.standard.processor.AbstractStandardConditionalVisibilityTagProcessor.doProcess(AbstractStandardConditionalVisibilityTagProcessor.java:61) ~[thymeleaf-3.0.15.RELEASE.jar:3.0.15.RELEASE]
	at org.thymeleaf.processor.element.AbstractAttributeTagProcessor.doProcess(AbstractAttributeTagProcessor.java:74) ~[thymeleaf-3.0.15.RELEASE.jar:3.0.15.RELEASE]
	at org.thymeleaf.processor.element.AbstractElementTagProcessor.process(AbstractElementTagProcessor.java:95) ~[thymeleaf-3.0.15.RELEASE.jar:3.0.15.RELEASE]
	at org.thymeleaf.util.ProcessorConfigurationUtils$ElementTagProcessorWrapper.process(ProcessorConfigurationUtils.java:633) ~[thymeleaf-3.0.15.RELEASE.jar:3.0.15.RELEASE]
	at org.thymeleaf.engine.ProcessorTemplateHandler.handleOpenElement(ProcessorTemplateHandler.java:1314) ~[thymeleaf-3.0.15.RELEASE.jar:3.0.15.RELEASE]
	at org.thymeleaf.engine.OpenElementTag.beHandled(OpenElementTag.java:205) ~[thymeleaf-3.0.15.RELEASE.jar:3.0.15.RELEASE]
	at org.thymeleaf.engine.Model.process(Model.java:282) ~[thymeleaf-3.0.15.RELEASE.jar:3.0.15.RELEASE]
	at org.thymeleaf.engine.Model.process(Model.java:290) ~[thymeleaf-3.0.15.RELEASE.jar:3.0.15.RELEASE]
	at org.thymeleaf.engine.IteratedGatheringModelProcessable.processIterationModel(IteratedGatheringModelProcessable.java:367) ~[thymeleaf-3.0.15.RELEASE.jar:3.0.15.RELEASE]
	at org.thymeleaf.engine.IteratedGatheringModelProcessable.process(IteratedGatheringModelProcessable.java:221) ~[thymeleaf-3.0.15.RELEASE.jar:3.0.15.RELEASE]
	at org.thymeleaf.engine.ProcessorTemplateHandler.handleCloseElement(ProcessorTemplateHandler.java:1640) ~[thymeleaf-3.0.15.RELEASE.jar:3.0.15.RELEASE]
	at org.thymeleaf.engine.CloseElementTag.beHandled(CloseElementTag.java:139) ~[thymeleaf-3.0.15.RELEASE.jar:3.0.15.RELEASE]
	at org.thymeleaf.engine.Model.process(Model.java:282) ~[thymeleaf-3.0.15.RELEASE.jar:3.0.15.RELEASE]
	at org.thymeleaf.engine.Model.process(Model.java:290) ~[thymeleaf-3.0.15.RELEASE.jar:3.0.15.RELEASE]
	at org.thymeleaf.engine.IteratedGatheringModelProcessable.processIterationModel(IteratedGatheringModelProcessable.java:367) ~[thymeleaf-3.0.15.RELEASE.jar:3.0.15.RELEASE]
	at org.thymeleaf.engine.IteratedGatheringModelProcessable.process(IteratedGatheringModelProcessable.java:293) ~[thymeleaf-3.0.15.RELEASE.jar:3.0.15.RELEASE]
	at org.thymeleaf.engine.ProcessorTemplateHandler.handleCloseElement(ProcessorTemplateHandler.java:1640) ~[thymeleaf-3.0.15.RELEASE.jar:3.0.15.RELEASE]
	at org.thymeleaf.engine.CloseElementTag.beHandled(CloseElementTag.java:139) ~[thymeleaf-3.0.15.RELEASE.jar:3.0.15.RELEASE]
	at org.thymeleaf.engine.Model.process(Model.java:282) ~[thymeleaf-3.0.15.RELEASE.jar:3.0.15.RELEASE]
	at org.thymeleaf.engine.ProcessorTemplateHandler.handleOpenElement(ProcessorTemplateHandler.java:1587) ~[thymeleaf-3.0.15.RELEASE.jar:3.0.15.RELEASE]
	at org.thymeleaf.engine.OpenElementTag.beHandled(OpenElementTag.java:205) ~[thymeleaf-3.0.15.RELEASE.jar:3.0.15.RELEASE]
	at org.thymeleaf.engine.Model.process(Model.java:282) ~[thymeleaf-3.0.15.RELEASE.jar:3.0.15.RELEASE]
	at org.thymeleaf.engine.ProcessorTemplateHandler.handleOpenElement(ProcessorTemplateHandler.java:1587) ~[thymeleaf-3.0.15.RELEASE.jar:3.0.15.RELEASE]
	at org.thymeleaf.engine.OpenElementTag.beHandled(OpenElementTag.java:205) ~[thymeleaf-3.0.15.RELEASE.jar:3.0.15.RELEASE]
	at org.thymeleaf.engine.Model.process(Model.java:282) ~[thymeleaf-3.0.15.RELEASE.jar:3.0.15.RELEASE]
	at org.thymeleaf.engine.Model.process(Model.java:290) ~[thymeleaf-3.0.15.RELEASE.jar:3.0.15.RELEASE]
	at org.thymeleaf.engine.GatheringModelProcessable.process(GatheringModelProcessable.java:78) ~[thymeleaf-3.0.15.RELEASE.jar:3.0.15.RELEASE]
	at org.thymeleaf.engine.ProcessorTemplateHandler.handleCloseElement(ProcessorTemplateHandler.java:1640) ~[thymeleaf-3.0.15.RELEASE.jar:3.0.15.RELEASE]
	at org.thymeleaf.engine.TemplateHandlerAdapterMarkupHandler.handleCloseElementEnd(TemplateHandlerAdapterMarkupHandler.java:388) ~[thymeleaf-3.0.15.RELEASE.jar:3.0.15.RELEASE]
	at org.thymeleaf.templateparser.markup.InlinedOutputExpressionMarkupHandler$InlineMarkupAdapterPreProcessorHandler.handleCloseElementEnd(InlinedOutputExpressionMarkupHandler.java:322) ~[thymeleaf-3.0.15.RELEASE.jar:3.0.15.RELEASE]
	at org.thymeleaf.standard.inline.OutputExpressionInlinePreProcessorHandler.handleCloseElementEnd(OutputExpressionInlinePreProcessorHandler.java:220) ~[thymeleaf-3.0.15.RELEASE.jar:3.0.15.RELEASE]
	at org.thymeleaf.templateparser.markup.InlinedOutputExpressionMarkupHandler.handleCloseElementEnd(InlinedOutputExpressionMarkupHandler.java:164) ~[thymeleaf-3.0.15.RELEASE.jar:3.0.15.RELEASE]
	at org.attoparser.HtmlElement.handleCloseElementEnd(HtmlElement.java:169) ~[attoparser-2.0.5.RELEASE.jar:2.0.5.RELEASE]
	at org.attoparser.HtmlMarkupHandler.handleCloseElementEnd(HtmlMarkupHandler.java:412) ~[attoparser-2.0.5.RELEASE.jar:2.0.5.RELEASE]
	at org.attoparser.MarkupEventProcessorHandler.handleCloseElementEnd(MarkupEventProcessorHandler.java:473) ~[attoparser-2.0.5.RELEASE.jar:2.0.5.RELEASE]
	at org.attoparser.ParsingElementMarkupUtil.parseCloseElement(ParsingElementMarkupUtil.java:201) ~[attoparser-2.0.5.RELEASE.jar:2.0.5.RELEASE]
	at org.attoparser.MarkupParser.parseBuffer(MarkupParser.java:725) ~[attoparser-2.0.5.RELEASE.jar:2.0.5.RELEASE]
	at org.attoparser.MarkupParser.parseDocument(MarkupParser.java:301) ~[attoparser-2.0.5.RELEASE.jar:2.0.5.RELEASE]
	at org.attoparser.MarkupParser.parse(MarkupParser.java:257) ~[attoparser-2.0.5.RELEASE.jar:2.0.5.RELEASE]
	at org.thymeleaf.templateparser.markup.AbstractMarkupTemplateParser.parse(AbstractMarkupTemplateParser.java:230) ~[thymeleaf-3.0.15.RELEASE.jar:3.0.15.RELEASE]
	... 89 more
2026-06-04 21:25:54.136 [ERROR] Servlet.service() for servlet [dispatcherServlet] in context with path [] threw exception [Request processing failed; nested exception is org.thymeleaf.exceptions.TemplateInputException: An error happened during template parsing (template: "class path resource [templates/views/main/main.html]")] with root cause
org.springframework.expression.spel.SpelEvaluationException: EL1004E: Method call: Method Integer(java.lang.String) cannot be found on type org.thymeleaf.spring5.expression.SPELContextMapWrapper
	at org.springframework.expression.spel.ast.MethodReference.findAccessorForMethod(MethodReference.java:225) ~[spring-expression-5.3.27.jar:5.3.27]
	at org.springframework.expression.spel.ast.MethodReference.getValueInternal(MethodReference.java:135) ~[spring-expression-5.3.27.jar:5.3.27]
	at org.springframework.expression.spel.ast.MethodReference.getValueInternal(MethodReference.java:95) ~[spring-expression-5.3.27.jar:5.3.27]
	at org.springframework.expression.spel.ast.OpLT.getValueInternal(OpLT.java:47) ~[spring-expression-5.3.27.jar:5.3.27]
	at org.springframework.expression.spel.ast.OpLT.getValueInternal(OpLT.java:37) ~[spring-expression-5.3.27.jar:5.3.27]
	at org.springframework.expression.spel.ast.SpelNodeImpl.getValue(SpelNodeImpl.java:212) ~[spring-expression-5.3.27.jar:5.3.27]
	at org.springframework.expression.spel.ast.OpAnd.getBooleanValue(OpAnd.java:57) ~[spring-expression-5.3.27.jar:5.3.27]
	at org.springframework.expression.spel.ast.OpAnd.getValueInternal(OpAnd.java:48) ~[spring-expression-5.3.27.jar:5.3.27]
	at org.springframework.expression.spel.ast.SpelNodeImpl.getValue(SpelNodeImpl.java:114) ~[spring-expression-5.3.27.jar:5.3.27]
	at org.springframework.expression.spel.standard.SpelExpression.getValue(SpelExpression.java:338) ~[spring-expression-5.3.27.jar:5.3.27]
	at org.thymeleaf.spring5.expression.SPELVariableExpressionEvaluator.evaluate(SPELVariableExpressionEvaluator.java:265) ~[thymeleaf-spring5-3.0.15.RELEASE.jar:3.0.15.RELEASE]
	at org.thymeleaf.standard.expression.VariableExpression.executeVariableExpression(VariableExpression.java:166) ~[thymeleaf-3.0.15.RELEASE.jar:3.0.15.RELEASE]
	at org.thymeleaf.standard.expression.SimpleExpression.executeSimple(SimpleExpression.java:66) ~[thymeleaf-3.0.15.RELEASE.jar:3.0.15.RELEASE]
	at org.thymeleaf.standard.expression.Expression.execute(Expression.java:109) ~[thymeleaf-3.0.15.RELEASE.jar:3.0.15.RELEASE]
	at org.thymeleaf.standard.expression.Expression.execute(Expression.java:138) ~[thymeleaf-3.0.15.RELEASE.jar:3.0.15.RELEASE]
	at org.thymeleaf.standard.expression.Expression.execute(Expression.java:125) ~[thymeleaf-3.0.15.RELEASE.jar:3.0.15.RELEASE]
	at org.thymeleaf.standard.processor.StandardIfTagProcessor.isVisible(StandardIfTagProcessor.java:59) ~[thymeleaf-3.0.15.RELEASE.jar:3.0.15.RELEASE]
	at org.thymeleaf.standard.processor.AbstractStandardConditionalVisibilityTagProcessor.doProcess(AbstractStandardConditionalVisibilityTagProcessor.java:61) ~[thymeleaf-3.0.15.RELEASE.jar:3.0.15.RELEASE]
	at org.thymeleaf.processor.element.AbstractAttributeTagProcessor.doProcess(AbstractAttributeTagProcessor.java:74) ~[thymeleaf-3.0.15.RELEASE.jar:3.0.15.RELEASE]
	at org.thymeleaf.processor.element.AbstractElementTagProcessor.process(AbstractElementTagProcessor.java:95) ~[thymeleaf-3.0.15.RELEASE.jar:3.0.15.RELEASE]
	at org.thymeleaf.util.ProcessorConfigurationUtils$ElementTagProcessorWrapper.process(ProcessorConfigurationUtils.java:633) ~[thymeleaf-3.0.15.RELEASE.jar:3.0.15.RELEASE]
	at org.thymeleaf.engine.ProcessorTemplateHandler.handleOpenElement(ProcessorTemplateHandler.java:1314) ~[thymeleaf-3.0.15.RELEASE.jar:3.0.15.RELEASE]
	at org.thymeleaf.engine.OpenElementTag.beHandled(OpenElementTag.java:205) ~[thymeleaf-3.0.15.RELEASE.jar:3.0.15.RELEASE]
	at org.thymeleaf.engine.Model.process(Model.java:282) ~[thymeleaf-3.0.15.RELEASE.jar:3.0.15.RELEASE]
	at org.thymeleaf.engine.Model.process(Model.java:290) ~[thymeleaf-3.0.15.RELEASE.jar:3.0.15.RELEASE]
	at org.thymeleaf.engine.IteratedGatheringModelProcessable.processIterationModel(IteratedGatheringModelProcessable.java:367) ~[thymeleaf-3.0.15.RELEASE.jar:3.0.15.RELEASE]
	at org.thymeleaf.engine.IteratedGatheringModelProcessable.process(IteratedGatheringModelProcessable.java:221) ~[thymeleaf-3.0.15.RELEASE.jar:3.0.15.RELEASE]
	at org.thymeleaf.engine.ProcessorTemplateHandler.handleCloseElement(ProcessorTemplateHandler.java:1640) ~[thymeleaf-3.0.15.RELEASE.jar:3.0.15.RELEASE]
	at org.thymeleaf.engine.CloseElementTag.beHandled(CloseElementTag.java:139) ~[thymeleaf-3.0.15.RELEASE.jar:3.0.15.RELEASE]
	at org.thymeleaf.engine.Model.process(Model.java:282) ~[thymeleaf-3.0.15.RELEASE.jar:3.0.15.RELEASE]
	at org.thymeleaf.engine.Model.process(Model.java:290) ~[thymeleaf-3.0.15.RELEASE.jar:3.0.15.RELEASE]
	at org.thymeleaf.engine.IteratedGatheringModelProcessable.processIterationModel(IteratedGatheringModelProcessable.java:367) ~[thymeleaf-3.0.15.RELEASE.jar:3.0.15.RELEASE]
	at org.thymeleaf.engine.IteratedGatheringModelProcessable.process(IteratedGatheringModelProcessable.java:293) ~[thymeleaf-3.0.15.RELEASE.jar:3.0.15.RELEASE]
	at org.thymeleaf.engine.ProcessorTemplateHandler.handleCloseElement(ProcessorTemplateHandler.java:1640) ~[thymeleaf-3.0.15.RELEASE.jar:3.0.15.RELEASE]
	at org.thymeleaf.engine.CloseElementTag.beHandled(CloseElementTag.java:139) ~[thymeleaf-3.0.15.RELEASE.jar:3.0.15.RELEASE]
	at org.thymeleaf.engine.Model.process(Model.java:282) ~[thymeleaf-3.0.15.RELEASE.jar:3.0.15.RELEASE]
	at org.thymeleaf.engine.ProcessorTemplateHandler.handleOpenElement(ProcessorTemplateHandler.java:1587) ~[thymeleaf-3.0.15.RELEASE.jar:3.0.15.RELEASE]
	at org.thymeleaf.engine.OpenElementTag.beHandled(OpenElementTag.java:205) ~[thymeleaf-3.0.15.RELEASE.jar:3.0.15.RELEASE]
	at org.thymeleaf.engine.Model.process(Model.java:282) ~[thymeleaf-3.0.15.RELEASE.jar:3.0.15.RELEASE]
	at org.thymeleaf.engine.ProcessorTemplateHandler.handleOpenElement(ProcessorTemplateHandler.java:1587) ~[thymeleaf-3.0.15.RELEASE.jar:3.0.15.RELEASE]
	at org.thymeleaf.engine.OpenElementTag.beHandled(OpenElementTag.java:205) ~[thymeleaf-3.0.15.RELEASE.jar:3.0.15.RELEASE]
	at org.thymeleaf.engine.Model.process(Model.java:282) ~[thymeleaf-3.0.15.RELEASE.jar:3.0.15.RELEASE]
	at org.thymeleaf.engine.Model.process(Model.java:290) ~[thymeleaf-3.0.15.RELEASE.jar:3.0.15.RELEASE]
	at org.thymeleaf.engine.GatheringModelProcessable.process(GatheringModelProcessable.java:78) ~[thymeleaf-3.0.15.RELEASE.jar:3.0.15.RELEASE]
	at org.thymeleaf.engine.ProcessorTemplateHandler.handleCloseElement(ProcessorTemplateHandler.java:1640) ~[thymeleaf-3.0.15.RELEASE.jar:3.0.15.RELEASE]
	at org.thymeleaf.engine.TemplateHandlerAdapterMarkupHandler.handleCloseElementEnd(TemplateHandlerAdapterMarkupHandler.java:388) ~[thymeleaf-3.0.15.RELEASE.jar:3.0.15.RELEASE]
	at org.thymeleaf.templateparser.markup.InlinedOutputExpressionMarkupHandler$InlineMarkupAdapterPreProcessorHandler.handleCloseElementEnd(InlinedOutputExpressionMarkupHandler.java:322) ~[thymeleaf-3.0.15.RELEASE.jar:3.0.15.RELEASE]
	at org.thymeleaf.standard.inline.OutputExpressionInlinePreProcessorHandler.handleCloseElementEnd(OutputExpressionInlinePreProcessorHandler.java:220) ~[thymeleaf-3.0.15.RELEASE.jar:3.0.15.RELEASE]
	at org.thymeleaf.templateparser.markup.InlinedOutputExpressionMarkupHandler.handleCloseElementEnd(InlinedOutputExpressionMarkupHandler.java:164) ~[thymeleaf-3.0.15.RELEASE.jar:3.0.15.RELEASE]
	at org.attoparser.HtmlElement.handleCloseElementEnd(HtmlElement.java:169) ~[attoparser-2.0.5.RELEASE.jar:2.0.5.RELEASE]
	at org.attoparser.HtmlMarkupHandler.handleCloseElementEnd(HtmlMarkupHandler.java:412) ~[attoparser-2.0.5.RELEASE.jar:2.0.5.RELEASE]
	at org.attoparser.MarkupEventProcessorHandler.handleCloseElementEnd(MarkupEventProcessorHandler.java:473) ~[attoparser-2.0.5.RELEASE.jar:2.0.5.RELEASE]
	at org.attoparser.ParsingElementMarkupUtil.parseCloseElement(ParsingElementMarkupUtil.java:201) ~[attoparser-2.0.5.RELEASE.jar:2.0.5.RELEASE]
	at org.attoparser.MarkupParser.parseBuffer(MarkupParser.java:725) ~[attoparser-2.0.5.RELEASE.jar:2.0.5.RELEASE]
	at org.attoparser.MarkupParser.parseDocument(MarkupParser.java:301) ~[attoparser-2.0.5.RELEASE.jar:2.0.5.RELEASE]
	at org.attoparser.MarkupParser.parse(MarkupParser.java:257) ~[attoparser-2.0.5.RELEASE.jar:2.0.5.RELEASE]
	at org.thymeleaf.templateparser.markup.AbstractMarkupTemplateParser.parse(AbstractMarkupTemplateParser.java:230) ~[thymeleaf-3.0.15.RELEASE.jar:3.0.15.RELEASE]
	at org.thymeleaf.templateparser.markup.AbstractMarkupTemplateParser.parseStandalone(AbstractMarkupTemplateParser.java:100) ~[thymeleaf-3.0.15.RELEASE.jar:3.0.15.RELEASE]
	at org.thymeleaf.engine.TemplateManager.parseAndProcess(TemplateManager.java:666) ~[thymeleaf-3.0.15.RELEASE.jar:3.0.15.RELEASE]
	at org.thymeleaf.TemplateEngine.process(TemplateEngine.java:1098) ~[thymeleaf-3.0.15.RELEASE.jar:3.0.15.RELEASE]
	at org.thymeleaf.TemplateEngine.process(TemplateEngine.java:1072) ~[thymeleaf-3.0.15.RELEASE.jar:3.0.15.RELEASE]
	at org.thymeleaf.spring5.view.ThymeleafView.renderFragment(ThymeleafView.java:366) ~[thymeleaf-spring5-3.0.15.RELEASE.jar:3.0.15.RELEASE]
	at org.thymeleaf.spring5.view.ThymeleafView.render(ThymeleafView.java:190) ~[thymeleaf-spring5-3.0.15.RELEASE.jar:3.0.15.RELEASE]
	at org.springframework.web.servlet.DispatcherServlet.render(DispatcherServlet.java:1406) ~[spring-webmvc-5.3.27.jar:5.3.27]
	at org.springframework.web.servlet.DispatcherServlet.processDispatchResult(DispatcherServlet.java:1150) ~[spring-webmvc-5.3.27.jar:5.3.27]
	at org.springframework.web.servlet.DispatcherServlet.doDispatch(DispatcherServlet.java:1089) ~[spring-webmvc-5.3.27.jar:5.3.27]
	at org.springframework.web.servlet.DispatcherServlet.doService(DispatcherServlet.java:965) ~[spring-webmvc-5.3.27.jar:5.3.27]
	at org.springframework.web.servlet.FrameworkServlet.processRequest(FrameworkServlet.java:1006) ~[spring-webmvc-5.3.27.jar:5.3.27]
	at org.springframework.web.servlet.FrameworkServlet.doGet(FrameworkServlet.java:898) ~[spring-webmvc-5.3.27.jar:5.3.27]
	at javax.servlet.http.HttpServlet.service(HttpServlet.java:529) ~[tomcat-embed-core-9.0.75.jar:4.0.FR]
	at org.springframework.web.servlet.FrameworkServlet.service(FrameworkServlet.java:883) ~[spring-webmvc-5.3.27.jar:5.3.27]
	at javax.servlet.http.HttpServlet.service(HttpServlet.java:623) ~[tomcat-embed-core-9.0.75.jar:4.0.FR]
	at org.apache.catalina.core.ApplicationFilterChain.internalDoFilter(ApplicationFilterChain.java:209) ~[tomcat-embed-core-9.0.75.jar:9.0.75]
	at org.apache.catalina.core.ApplicationFilterChain.doFilter(ApplicationFilterChain.java:153) ~[tomcat-embed-core-9.0.75.jar:9.0.75]
	at org.apache.tomcat.websocket.server.WsFilter.doFilter(WsFilter.java:51) ~[tomcat-embed-websocket-9.0.75.jar:9.0.75]
	at org.apache.catalina.core.ApplicationFilterChain.internalDoFilter(ApplicationFilterChain.java:178) ~[tomcat-embed-core-9.0.75.jar:9.0.75]
	at org.apache.catalina.core.ApplicationFilterChain.doFilter(ApplicationFilterChain.java:153) ~[tomcat-embed-core-9.0.75.jar:9.0.75]
	at org.springframework.security.web.FilterChainProxy$VirtualFilterChain.doFilter(FilterChainProxy.java:337) ~[spring-security-web-5.7.8.jar:5.7.8]
	at org.springframework.security.web.access.intercept.FilterSecurityInterceptor.invoke(FilterSecurityInterceptor.java:115) ~[spring-security-web-5.7.8.jar:5.7.8]
	at org.springframework.security.web.access.intercept.FilterSecurityInterceptor.doFilter(FilterSecurityInterceptor.java:81) ~[spring-security-web-5.7.8.jar:5.7.8]
	at org.springframework.security.web.FilterChainProxy$VirtualFilterChain.doFilter(FilterChainProxy.java:346) ~[spring-security-web-5.7.8.jar:5.7.8]
	at org.springframework.security.web.access.ExceptionTranslationFilter.doFilter(ExceptionTranslationFilter.java:122) ~[spring-security-web-5.7.8.jar:5.7.8]
	at org.springframework.security.web.access.ExceptionTranslationFilter.doFilter(ExceptionTranslationFilter.java:116) ~[spring-security-web-5.7.8.jar:5.7.8]
	at org.springframework.security.web.FilterChainProxy$VirtualFilterChain.doFilter(FilterChainProxy.java:346) ~[spring-security-web-5.7.8.jar:5.7.8]
	at org.springframework.security.web.session.SessionManagementFilter.doFilter(SessionManagementFilter.java:126) ~[spring-security-web-5.7.8.jar:5.7.8]
	at org.springframework.security.web.session.SessionManagementFilter.doFilter(SessionManagementFilter.java:81) ~[spring-security-web-5.7.8.jar:5.7.8]
	at org.springframework.security.web.FilterChainProxy$VirtualFilterChain.doFilter(FilterChainProxy.java:346) ~[spring-security-web-5.7.8.jar:5.7.8]
	at org.springframework.security.web.authentication.AnonymousAuthenticationFilter.doFilter(AnonymousAuthenticationFilter.java:109) ~[spring-security-web-5.7.8.jar:5.7.8]
	at org.springframework.security.web.FilterChainProxy$VirtualFilterChain.doFilter(FilterChainProxy.java:346) ~[spring-security-web-5.7.8.jar:5.7.8]
	at org.springframework.security.web.servletapi.SecurityContextHolderAwareRequestFilter.doFilter(SecurityContextHolderAwareRequestFilter.java:149) ~[spring-security-web-5.7.8.jar:5.7.8]
	at org.springframework.security.web.FilterChainProxy$VirtualFilterChain.doFilter(FilterChainProxy.java:346) ~[spring-security-web-5.7.8.jar:5.7.8]
	at org.springframework.security.web.savedrequest.RequestCacheAwareFilter.doFilter(RequestCacheAwareFilter.java:63) ~[spring-security-web-5.7.8.jar:5.7.8]
	at org.springframework.security.web.FilterChainProxy$VirtualFilterChain.doFilter(FilterChainProxy.java:346) ~[spring-security-web-5.7.8.jar:5.7.8]
	at org.springframework.security.web.authentication.AbstractAuthenticationProcessingFilter.doFilter(AbstractAuthenticationProcessingFilter.java:223) ~[spring-security-web-5.7.8.jar:5.7.8]
	at org.springframework.security.web.authentication.AbstractAuthenticationProcessingFilter.doFilter(AbstractAuthenticationProcessingFilter.java:217) ~[spring-security-web-5.7.8.jar:5.7.8]
	at org.springframework.security.web.FilterChainProxy$VirtualFilterChain.doFilter(FilterChainProxy.java:346) ~[spring-security-web-5.7.8.jar:5.7.8]
	at org.springframework.security.web.authentication.logout.LogoutFilter.doFilter(LogoutFilter.java:103) ~[spring-security-web-5.7.8.jar:5.7.8]
	at org.springframework.security.web.authentication.logout.LogoutFilter.doFilter(LogoutFilter.java:89) ~[spring-security-web-5.7.8.jar:5.7.8]
	at org.springframework.security.web.FilterChainProxy$VirtualFilterChain.doFilter(FilterChainProxy.java:346) ~[spring-security-web-5.7.8.jar:5.7.8]
	at org.springframework.security.web.header.HeaderWriterFilter.doHeadersAfter(HeaderWriterFilter.java:90) ~[spring-security-web-5.7.8.jar:5.7.8]
	at org.springframework.security.web.header.HeaderWriterFilter.doFilterInternal(HeaderWriterFilter.java:75) ~[spring-security-web-5.7.8.jar:5.7.8]
	at org.springframework.web.filter.OncePerRequestFilter.doFilter(OncePerRequestFilter.java:117) ~[spring-web-5.3.27.jar:5.3.27]
	at org.springframework.security.web.FilterChainProxy$VirtualFilterChain.doFilter(FilterChainProxy.java:346) ~[spring-security-web-5.7.8.jar:5.7.8]
	at org.springframework.security.web.context.SecurityContextPersistenceFilter.doFilter(SecurityContextPersistenceFilter.java:112) ~[spring-security-web-5.7.8.jar:5.7.8]
	at org.springframework.security.web.context.SecurityContextPersistenceFilter.doFilter(SecurityContextPersistenceFilter.java:82) ~[spring-security-web-5.7.8.jar:5.7.8]
	at org.springframework.security.web.FilterChainProxy$VirtualFilterChain.doFilter(FilterChainProxy.java:346) ~[spring-security-web-5.7.8.jar:5.7.8]
	at org.springframework.security.web.context.request.async.WebAsyncManagerIntegrationFilter.doFilterInternal(WebAsyncManagerIntegrationFilter.java:55) ~[spring-security-web-5.7.8.jar:5.7.8]
	at org.springframework.web.filter.OncePerRequestFilter.doFilter(OncePerRequestFilter.java:117) ~[spring-web-5.3.27.jar:5.3.27]
	at org.springframework.security.web.FilterChainProxy$VirtualFilterChain.doFilter(FilterChainProxy.java:346) ~[spring-security-web-5.7.8.jar:5.7.8]
	at org.springframework.security.web.session.DisableEncodeUrlFilter.doFilterInternal(DisableEncodeUrlFilter.java:42) ~[spring-security-web-5.7.8.jar:5.7.8]
	at org.springframework.web.filter.OncePerRequestFilter.doFilter(OncePerRequestFilter.java:117) ~[spring-web-5.3.27.jar:5.3.27]
	at org.springframework.security.web.FilterChainProxy$VirtualFilterChain.doFilter(FilterChainProxy.java:346) ~[spring-security-web-5.7.8.jar:5.7.8]
	at org.springframework.security.web.FilterChainProxy.doFilterInternal(FilterChainProxy.java:221) ~[spring-security-web-5.7.8.jar:5.7.8]
	at org.springframework.security.web.FilterChainProxy.doFilter(FilterChainProxy.java:186) ~[spring-security-web-5.7.8.jar:5.7.8]
	at org.springframework.web.filter.DelegatingFilterProxy.invokeDelegate(DelegatingFilterProxy.java:354) ~[spring-web-5.3.27.jar:5.3.27]
	at org.springframework.web.filter.DelegatingFilterProxy.doFilter(DelegatingFilterProxy.java:267) ~[spring-web-5.3.27.jar:5.3.27]
	at org.apache.catalina.core.ApplicationFilterChain.internalDoFilter(ApplicationFilterChain.java:178) ~[tomcat-embed-core-9.0.75.jar:9.0.75]
	at org.apache.catalina.core.ApplicationFilterChain.doFilter(ApplicationFilterChain.java:153) ~[tomcat-embed-core-9.0.75.jar:9.0.75]
	at org.springframework.web.filter.RequestContextFilter.doFilterInternal(RequestContextFilter.java:100) ~[spring-web-5.3.27.jar:5.3.27]
	at org.springframework.web.filter.OncePerRequestFilter.doFilter(OncePerRequestFilter.java:117) ~[spring-web-5.3.27.jar:5.3.27]
	at org.apache.catalina.core.ApplicationFilterChain.internalDoFilter(ApplicationFilterChain.java:178) ~[tomcat-embed-core-9.0.75.jar:9.0.75]
	at org.apache.catalina.core.ApplicationFilterChain.doFilter(ApplicationFilterChain.java:153) ~[tomcat-embed-core-9.0.75.jar:9.0.75]
	at org.springframework.web.filter.FormContentFilter.doFilterInternal(FormContentFilter.java:93) ~[spring-web-5.3.27.jar:5.3.27]
	at org.springframework.web.filter.OncePerRequestFilter.doFilter(OncePerRequestFilter.java:117) ~[spring-web-5.3.27.jar:5.3.27]
	at org.apache.catalina.core.ApplicationFilterChain.internalDoFilter(ApplicationFilterChain.java:178) ~[tomcat-embed-core-9.0.75.jar:9.0.75]
	at org.apache.catalina.core.ApplicationFilterChain.doFilter(ApplicationFilterChain.java:153) ~[tomcat-embed-core-9.0.75.jar:9.0.75]
	at org.springframework.web.filter.CharacterEncodingFilter.doFilterInternal(CharacterEncodingFilter.java:201) ~[spring-web-5.3.27.jar:5.3.27]
	at org.springframework.web.filter.OncePerRequestFilter.doFilter(OncePerRequestFilter.java:117) ~[spring-web-5.3.27.jar:5.3.27]
	at org.apache.catalina.core.ApplicationFilterChain.internalDoFilter(ApplicationFilterChain.java:178) ~[tomcat-embed-core-9.0.75.jar:9.0.75]
	at org.apache.catalina.core.ApplicationFilterChain.doFilter(ApplicationFilterChain.java:153) ~[tomcat-embed-core-9.0.75.jar:9.0.75]
	at org.apache.catalina.core.StandardWrapperValve.invoke(StandardWrapperValve.java:167) ~[tomcat-embed-core-9.0.75.jar:9.0.75]
	at org.apache.catalina.core.StandardContextValve.invoke(StandardContextValve.java:90) ~[tomcat-embed-core-9.0.75.jar:9.0.75]
	at org.apache.catalina.authenticator.AuthenticatorBase.invoke(AuthenticatorBase.java:481) ~[tomcat-embed-core-9.0.75.jar:9.0.75]
	at org.apache.catalina.core.StandardHostValve.invoke(StandardHostValve.java:130) ~[tomcat-embed-core-9.0.75.jar:9.0.75]
	at org.apache.catalina.valves.ErrorReportValve.invoke(ErrorReportValve.java:93) ~[tomcat-embed-core-9.0.75.jar:9.0.75]
	at org.apache.catalina.core.StandardEngineValve.invoke(StandardEngineValve.java:74) ~[tomcat-embed-core-9.0.75.jar:9.0.75]
	at org.apache.catalina.connector.CoyoteAdapter.service(CoyoteAdapter.java:343) ~[tomcat-embed-core-9.0.75.jar:9.0.75]
	at org.apache.coyote.http11.Http11Processor.service(Http11Processor.java:390) ~[tomcat-embed-core-9.0.75.jar:9.0.75]
	at org.apache.coyote.AbstractProcessorLight.process(AbstractProcessorLight.java:63) ~[tomcat-embed-core-9.0.75.jar:9.0.75]
	at org.apache.coyote.AbstractProtocol$ConnectionHandler.process(AbstractProtocol.java:926) ~[tomcat-embed-core-9.0.75.jar:9.0.75]
	at org.apache.tomcat.util.net.NioEndpoint$SocketProcessor.doRun(NioEndpoint.java:1791) ~[tomcat-embed-core-9.0.75.jar:9.0.75]
	at org.apache.tomcat.util.net.SocketProcessorBase.run(SocketProcessorBase.java:52) ~[tomcat-embed-core-9.0.75.jar:9.0.75]
	at org.apache.tomcat.util.threads.ThreadPoolExecutor.runWorker(ThreadPoolExecutor.java:1191) ~[tomcat-embed-core-9.0.75.jar:9.0.75]
	at org.apache.tomcat.util.threads.ThreadPoolExecutor$Worker.run(ThreadPoolExecutor.java:659) ~[tomcat-embed-core-9.0.75.jar:9.0.75]
	at org.apache.tomcat.util.threads.TaskThread$WrappingRunnable.run(TaskThread.java:61) ~[tomcat-embed-core-9.0.75.jar:9.0.75]
	at java.lang.Thread.run(Thread.java:834) ~[?:?]
2026-06-04 21:25:54.239 [ERROR] Cannot render error page for request [/] and exception [An error happened during template parsing (template: "class path resource [templates/views/main/main.html]")] as the response has already been committed. As a result, the response may have the wrong status code.
2026-06-04 21:27:10.055 [INFO ] loginUser ::::: test
2026-06-04 21:27:10.302 [ERROR] [THYMELEAF][http-nio-8700-exec-9] Exception processing template "views/main/main": An error happened during template parsing (template: "class path resource [templates/views/main/main.html]")
org.thymeleaf.exceptions.TemplateInputException: An error happened during template parsing (template: "class path resource [templates/views/main/main.html]")
	at org.thymeleaf.templateparser.markup.AbstractMarkupTemplateParser.parse(AbstractMarkupTemplateParser.java:241) ~[thymeleaf-3.0.15.RELEASE.jar:3.0.15.RELEASE]
	at org.thymeleaf.templateparser.markup.AbstractMarkupTemplateParser.parseStandalone(AbstractMarkupTemplateParser.java:100) ~[thymeleaf-3.0.15.RELEASE.jar:3.0.15.RELEASE]
	at org.thymeleaf.engine.TemplateManager.parseAndProcess(TemplateManager.java:666) ~[thymeleaf-3.0.15.RELEASE.jar:3.0.15.RELEASE]
	at org.thymeleaf.TemplateEngine.process(TemplateEngine.java:1098) ~[thymeleaf-3.0.15.RELEASE.jar:3.0.15.RELEASE]
	at org.thymeleaf.TemplateEngine.process(TemplateEngine.java:1072) ~[thymeleaf-3.0.15.RELEASE.jar:3.0.15.RELEASE]
	at org.thymeleaf.spring5.view.ThymeleafView.renderFragment(ThymeleafView.java:366) ~[thymeleaf-spring5-3.0.15.RELEASE.jar:3.0.15.RELEASE]
	at org.thymeleaf.spring5.view.ThymeleafView.render(ThymeleafView.java:190) ~[thymeleaf-spring5-3.0.15.RELEASE.jar:3.0.15.RELEASE]
	at org.springframework.web.servlet.DispatcherServlet.render(DispatcherServlet.java:1406) ~[spring-webmvc-5.3.27.jar:5.3.27]
	at org.springframework.web.servlet.DispatcherServlet.processDispatchResult(DispatcherServlet.java:1150) ~[spring-webmvc-5.3.27.jar:5.3.27]
	at org.springframework.web.servlet.DispatcherServlet.doDispatch(DispatcherServlet.java:1089) ~[spring-webmvc-5.3.27.jar:5.3.27]
	at org.springframework.web.servlet.DispatcherServlet.doService(DispatcherServlet.java:965) ~[spring-webmvc-5.3.27.jar:5.3.27]
	at org.springframework.web.servlet.FrameworkServlet.processRequest(FrameworkServlet.java:1006) ~[spring-webmvc-5.3.27.jar:5.3.27]
	at org.springframework.web.servlet.FrameworkServlet.doGet(FrameworkServlet.java:898) ~[spring-webmvc-5.3.27.jar:5.3.27]
	at javax.servlet.http.HttpServlet.service(HttpServlet.java:529) ~[tomcat-embed-core-9.0.75.jar:4.0.FR]
	at org.springframework.web.servlet.FrameworkServlet.service(FrameworkServlet.java:883) ~[spring-webmvc-5.3.27.jar:5.3.27]
	at javax.servlet.http.HttpServlet.service(HttpServlet.java:623) ~[tomcat-embed-core-9.0.75.jar:4.0.FR]
	at org.apache.catalina.core.ApplicationFilterChain.internalDoFilter(ApplicationFilterChain.java:209) ~[tomcat-embed-core-9.0.75.jar:9.0.75]
	at org.apache.catalina.core.ApplicationFilterChain.doFilter(ApplicationFilterChain.java:153) ~[tomcat-embed-core-9.0.75.jar:9.0.75]
	at org.apache.tomcat.websocket.server.WsFilter.doFilter(WsFilter.java:51) ~[tomcat-embed-websocket-9.0.75.jar:9.0.75]
	at org.apache.catalina.core.ApplicationFilterChain.internalDoFilter(ApplicationFilterChain.java:178) ~[tomcat-embed-core-9.0.75.jar:9.0.75]
	at org.apache.catalina.core.ApplicationFilterChain.doFilter(ApplicationFilterChain.java:153) ~[tomcat-embed-core-9.0.75.jar:9.0.75]
	at org.springframework.security.web.FilterChainProxy$VirtualFilterChain.doFilter(FilterChainProxy.java:337) ~[spring-security-web-5.7.8.jar:5.7.8]
	at org.springframework.security.web.access.intercept.FilterSecurityInterceptor.invoke(FilterSecurityInterceptor.java:115) ~[spring-security-web-5.7.8.jar:5.7.8]
	at org.springframework.security.web.access.intercept.FilterSecurityInterceptor.doFilter(FilterSecurityInterceptor.java:81) ~[spring-security-web-5.7.8.jar:5.7.8]
	at org.springframework.security.web.FilterChainProxy$VirtualFilterChain.doFilter(FilterChainProxy.java:346) ~[spring-security-web-5.7.8.jar:5.7.8]
	at org.springframework.security.web.access.ExceptionTranslationFilter.doFilter(ExceptionTranslationFilter.java:122) ~[spring-security-web-5.7.8.jar:5.7.8]
	at org.springframework.security.web.access.ExceptionTranslationFilter.doFilter(ExceptionTranslationFilter.java:116) ~[spring-security-web-5.7.8.jar:5.7.8]
	at org.springframework.security.web.FilterChainProxy$VirtualFilterChain.doFilter(FilterChainProxy.java:346) ~[spring-security-web-5.7.8.jar:5.7.8]
	at org.springframework.security.web.session.SessionManagementFilter.doFilter(SessionManagementFilter.java:126) ~[spring-security-web-5.7.8.jar:5.7.8]
	at org.springframework.security.web.session.SessionManagementFilter.doFilter(SessionManagementFilter.java:81) ~[spring-security-web-5.7.8.jar:5.7.8]
	at org.springframework.security.web.FilterChainProxy$VirtualFilterChain.doFilter(FilterChainProxy.java:346) ~[spring-security-web-5.7.8.jar:5.7.8]
	at org.springframework.security.web.authentication.AnonymousAuthenticationFilter.doFilter(AnonymousAuthenticationFilter.java:109) ~[spring-security-web-5.7.8.jar:5.7.8]
	at org.springframework.security.web.FilterChainProxy$VirtualFilterChain.doFilter(FilterChainProxy.java:346) ~[spring-security-web-5.7.8.jar:5.7.8]
	at org.springframework.security.web.servletapi.SecurityContextHolderAwareRequestFilter.doFilter(SecurityContextHolderAwareRequestFilter.java:149) ~[spring-security-web-5.7.8.jar:5.7.8]
	at org.springframework.security.web.FilterChainProxy$VirtualFilterChain.doFilter(FilterChainProxy.java:346) ~[spring-security-web-5.7.8.jar:5.7.8]
	at org.springframework.security.web.savedrequest.RequestCacheAwareFilter.doFilter(RequestCacheAwareFilter.java:63) ~[spring-security-web-5.7.8.jar:5.7.8]
	at org.springframework.security.web.FilterChainProxy$VirtualFilterChain.doFilter(FilterChainProxy.java:346) ~[spring-security-web-5.7.8.jar:5.7.8]
	at org.springframework.security.web.authentication.AbstractAuthenticationProcessingFilter.doFilter(AbstractAuthenticationProcessingFilter.java:223) ~[spring-security-web-5.7.8.jar:5.7.8]
	at org.springframework.security.web.authentication.AbstractAuthenticationProcessingFilter.doFilter(AbstractAuthenticationProcessingFilter.java:217) ~[spring-security-web-5.7.8.jar:5.7.8]
	at org.springframework.security.web.FilterChainProxy$VirtualFilterChain.doFilter(FilterChainProxy.java:346) ~[spring-security-web-5.7.8.jar:5.7.8]
	at org.springframework.security.web.authentication.logout.LogoutFilter.doFilter(LogoutFilter.java:103) ~[spring-security-web-5.7.8.jar:5.7.8]
	at org.springframework.security.web.authentication.logout.LogoutFilter.doFilter(LogoutFilter.java:89) ~[spring-security-web-5.7.8.jar:5.7.8]
	at org.springframework.security.web.FilterChainProxy$VirtualFilterChain.doFilter(FilterChainProxy.java:346) ~[spring-security-web-5.7.8.jar:5.7.8]
	at org.springframework.security.web.header.HeaderWriterFilter.doHeadersAfter(HeaderWriterFilter.java:90) ~[spring-security-web-5.7.8.jar:5.7.8]
	at org.springframework.security.web.header.HeaderWriterFilter.doFilterInternal(HeaderWriterFilter.java:75) ~[spring-security-web-5.7.8.jar:5.7.8]
	at org.springframework.web.filter.OncePerRequestFilter.doFilter(OncePerRequestFilter.java:117) ~[spring-web-5.3.27.jar:5.3.27]
	at org.springframework.security.web.FilterChainProxy$VirtualFilterChain.doFilter(FilterChainProxy.java:346) ~[spring-security-web-5.7.8.jar:5.7.8]
	at org.springframework.security.web.context.SecurityContextPersistenceFilter.doFilter(SecurityContextPersistenceFilter.java:112) ~[spring-security-web-5.7.8.jar:5.7.8]
	at org.springframework.security.web.context.SecurityContextPersistenceFilter.doFilter(SecurityContextPersistenceFilter.java:82) ~[spring-security-web-5.7.8.jar:5.7.8]
	at org.springframework.security.web.FilterChainProxy$VirtualFilterChain.doFilter(FilterChainProxy.java:346) ~[spring-security-web-5.7.8.jar:5.7.8]
	at org.springframework.security.web.context.request.async.WebAsyncManagerIntegrationFilter.doFilterInternal(WebAsyncManagerIntegrationFilter.java:55) ~[spring-security-web-5.7.8.jar:5.7.8]
	at org.springframework.web.filter.OncePerRequestFilter.doFilter(OncePerRequestFilter.java:117) ~[spring-web-5.3.27.jar:5.3.27]
	at org.springframework.security.web.FilterChainProxy$VirtualFilterChain.doFilter(FilterChainProxy.java:346) ~[spring-security-web-5.7.8.jar:5.7.8]
	at org.springframework.security.web.session.DisableEncodeUrlFilter.doFilterInternal(DisableEncodeUrlFilter.java:42) ~[spring-security-web-5.7.8.jar:5.7.8]
	at org.springframework.web.filter.OncePerRequestFilter.doFilter(OncePerRequestFilter.java:117) ~[spring-web-5.3.27.jar:5.3.27]
	at org.springframework.security.web.FilterChainProxy$VirtualFilterChain.doFilter(FilterChainProxy.java:346) ~[spring-security-web-5.7.8.jar:5.7.8]
	at org.springframework.security.web.FilterChainProxy.doFilterInternal(FilterChainProxy.java:221) ~[spring-security-web-5.7.8.jar:5.7.8]
	at org.springframework.security.web.FilterChainProxy.doFilter(FilterChainProxy.java:186) ~[spring-security-web-5.7.8.jar:5.7.8]
	at org.springframework.web.filter.DelegatingFilterProxy.invokeDelegate(DelegatingFilterProxy.java:354) ~[spring-web-5.3.27.jar:5.3.27]
	at org.springframework.web.filter.DelegatingFilterProxy.doFilter(DelegatingFilterProxy.java:267) ~[spring-web-5.3.27.jar:5.3.27]
	at org.apache.catalina.core.ApplicationFilterChain.internalDoFilter(ApplicationFilterChain.java:178) ~[tomcat-embed-core-9.0.75.jar:9.0.75]
	at org.apache.catalina.core.ApplicationFilterChain.doFilter(ApplicationFilterChain.java:153) ~[tomcat-embed-core-9.0.75.jar:9.0.75]
	at org.springframework.web.filter.RequestContextFilter.doFilterInternal(RequestContextFilter.java:100) ~[spring-web-5.3.27.jar:5.3.27]
	at org.springframework.web.filter.OncePerRequestFilter.doFilter(OncePerRequestFilter.java:117) ~[spring-web-5.3.27.jar:5.3.27]
	at org.apache.catalina.core.ApplicationFilterChain.internalDoFilter(ApplicationFilterChain.java:178) ~[tomcat-embed-core-9.0.75.jar:9.0.75]
	at org.apache.catalina.core.ApplicationFilterChain.doFilter(ApplicationFilterChain.java:153) ~[tomcat-embed-core-9.0.75.jar:9.0.75]
	at org.springframework.web.filter.FormContentFilter.doFilterInternal(FormContentFilter.java:93) ~[spring-web-5.3.27.jar:5.3.27]
	at org.springframework.web.filter.OncePerRequestFilter.doFilter(OncePerRequestFilter.java:117) ~[spring-web-5.3.27.jar:5.3.27]
	at org.apache.catalina.core.ApplicationFilterChain.internalDoFilter(ApplicationFilterChain.java:178) ~[tomcat-embed-core-9.0.75.jar:9.0.75]
	at org.apache.catalina.core.ApplicationFilterChain.doFilter(ApplicationFilterChain.java:153) ~[tomcat-embed-core-9.0.75.jar:9.0.75]
	at org.springframework.web.filter.CharacterEncodingFilter.doFilterInternal(CharacterEncodingFilter.java:201) ~[spring-web-5.3.27.jar:5.3.27]
	at org.springframework.web.filter.OncePerRequestFilter.doFilter(OncePerRequestFilter.java:117) ~[spring-web-5.3.27.jar:5.3.27]
	at org.apache.catalina.core.ApplicationFilterChain.internalDoFilter(ApplicationFilterChain.java:178) ~[tomcat-embed-core-9.0.75.jar:9.0.75]
	at org.apache.catalina.core.ApplicationFilterChain.doFilter(ApplicationFilterChain.java:153) ~[tomcat-embed-core-9.0.75.jar:9.0.75]
	at org.apache.catalina.core.StandardWrapperValve.invoke(StandardWrapperValve.java:167) ~[tomcat-embed-core-9.0.75.jar:9.0.75]
	at org.apache.catalina.core.StandardContextValve.invoke(StandardContextValve.java:90) ~[tomcat-embed-core-9.0.75.jar:9.0.75]
	at org.apache.catalina.authenticator.AuthenticatorBase.invoke(AuthenticatorBase.java:481) ~[tomcat-embed-core-9.0.75.jar:9.0.75]
	at org.apache.catalina.core.StandardHostValve.invoke(StandardHostValve.java:130) ~[tomcat-embed-core-9.0.75.jar:9.0.75]
	at org.apache.catalina.valves.ErrorReportValve.invoke(ErrorReportValve.java:93) ~[tomcat-embed-core-9.0.75.jar:9.0.75]
	at org.apache.catalina.core.StandardEngineValve.invoke(StandardEngineValve.java:74) ~[tomcat-embed-core-9.0.75.jar:9.0.75]
	at org.apache.catalina.connector.CoyoteAdapter.service(CoyoteAdapter.java:343) ~[tomcat-embed-core-9.0.75.jar:9.0.75]
	at org.apache.coyote.http11.Http11Processor.service(Http11Processor.java:390) ~[tomcat-embed-core-9.0.75.jar:9.0.75]
	at org.apache.coyote.AbstractProcessorLight.process(AbstractProcessorLight.java:63) ~[tomcat-embed-core-9.0.75.jar:9.0.75]
	at org.apache.coyote.AbstractProtocol$ConnectionHandler.process(AbstractProtocol.java:926) ~[tomcat-embed-core-9.0.75.jar:9.0.75]
	at org.apache.tomcat.util.net.NioEndpoint$SocketProcessor.doRun(NioEndpoint.java:1791) ~[tomcat-embed-core-9.0.75.jar:9.0.75]
	at org.apache.tomcat.util.net.SocketProcessorBase.run(SocketProcessorBase.java:52) ~[tomcat-embed-core-9.0.75.jar:9.0.75]
	at org.apache.tomcat.util.threads.ThreadPoolExecutor.runWorker(ThreadPoolExecutor.java:1191) ~[tomcat-embed-core-9.0.75.jar:9.0.75]
	at org.apache.tomcat.util.threads.ThreadPoolExecutor$Worker.run(ThreadPoolExecutor.java:659) ~[tomcat-embed-core-9.0.75.jar:9.0.75]
	at org.apache.tomcat.util.threads.TaskThread$WrappingRunnable.run(TaskThread.java:61) ~[tomcat-embed-core-9.0.75.jar:9.0.75]
	at java.lang.Thread.run(Thread.java:834) ~[?:?]
Caused by: org.attoparser.ParseException: Exception evaluating SpringEL expression: "Integer(sList.siteNum) < 50000 && Integer(sList.siteNum) > 40000" (template: "layout/header" - line 120, col 47)
	at org.attoparser.MarkupParser.parseDocument(MarkupParser.java:393) ~[attoparser-2.0.5.RELEASE.jar:2.0.5.RELEASE]
	at org.attoparser.MarkupParser.parse(MarkupParser.java:257) ~[attoparser-2.0.5.RELEASE.jar:2.0.5.RELEASE]
	at org.thymeleaf.templateparser.markup.AbstractMarkupTemplateParser.parse(AbstractMarkupTemplateParser.java:230) ~[thymeleaf-3.0.15.RELEASE.jar:3.0.15.RELEASE]
	... 89 more
Caused by: org.thymeleaf.exceptions.TemplateProcessingException: Exception evaluating SpringEL expression: "Integer(sList.siteNum) < 50000 && Integer(sList.siteNum) > 40000" (template: "layout/header" - line 120, col 47)
	at org.thymeleaf.spring5.expression.SPELVariableExpressionEvaluator.evaluate(SPELVariableExpressionEvaluator.java:292) ~[thymeleaf-spring5-3.0.15.RELEASE.jar:3.0.15.RELEASE]
	at org.thymeleaf.standard.expression.VariableExpression.executeVariableExpression(VariableExpression.java:166) ~[thymeleaf-3.0.15.RELEASE.jar:3.0.15.RELEASE]
	at org.thymeleaf.standard.expression.SimpleExpression.executeSimple(SimpleExpression.java:66) ~[thymeleaf-3.0.15.RELEASE.jar:3.0.15.RELEASE]
	at org.thymeleaf.standard.expression.Expression.execute(Expression.java:109) ~[thymeleaf-3.0.15.RELEASE.jar:3.0.15.RELEASE]
	at org.thymeleaf.standard.expression.Expression.execute(Expression.java:138) ~[thymeleaf-3.0.15.RELEASE.jar:3.0.15.RELEASE]
	at org.thymeleaf.standard.expression.Expression.execute(Expression.java:125) ~[thymeleaf-3.0.15.RELEASE.jar:3.0.15.RELEASE]
	at org.thymeleaf.standard.processor.StandardIfTagProcessor.isVisible(StandardIfTagProcessor.java:59) ~[thymeleaf-3.0.15.RELEASE.jar:3.0.15.RELEASE]
	at org.thymeleaf.standard.processor.AbstractStandardConditionalVisibilityTagProcessor.doProcess(AbstractStandardConditionalVisibilityTagProcessor.java:61) ~[thymeleaf-3.0.15.RELEASE.jar:3.0.15.RELEASE]
	at org.thymeleaf.processor.element.AbstractAttributeTagProcessor.doProcess(AbstractAttributeTagProcessor.java:74) ~[thymeleaf-3.0.15.RELEASE.jar:3.0.15.RELEASE]
	at org.thymeleaf.processor.element.AbstractElementTagProcessor.process(AbstractElementTagProcessor.java:95) ~[thymeleaf-3.0.15.RELEASE.jar:3.0.15.RELEASE]
	at org.thymeleaf.util.ProcessorConfigurationUtils$ElementTagProcessorWrapper.process(ProcessorConfigurationUtils.java:633) ~[thymeleaf-3.0.15.RELEASE.jar:3.0.15.RELEASE]
	at org.thymeleaf.engine.ProcessorTemplateHandler.handleOpenElement(ProcessorTemplateHandler.java:1314) ~[thymeleaf-3.0.15.RELEASE.jar:3.0.15.RELEASE]
	at org.thymeleaf.engine.OpenElementTag.beHandled(OpenElementTag.java:205) ~[thymeleaf-3.0.15.RELEASE.jar:3.0.15.RELEASE]
	at org.thymeleaf.engine.Model.process(Model.java:282) ~[thymeleaf-3.0.15.RELEASE.jar:3.0.15.RELEASE]
	at org.thymeleaf.engine.Model.process(Model.java:290) ~[thymeleaf-3.0.15.RELEASE.jar:3.0.15.RELEASE]
	at org.thymeleaf.engine.IteratedGatheringModelProcessable.processIterationModel(IteratedGatheringModelProcessable.java:367) ~[thymeleaf-3.0.15.RELEASE.jar:3.0.15.RELEASE]
	at org.thymeleaf.engine.IteratedGatheringModelProcessable.process(IteratedGatheringModelProcessable.java:221) ~[thymeleaf-3.0.15.RELEASE.jar:3.0.15.RELEASE]
	at org.thymeleaf.engine.ProcessorTemplateHandler.handleCloseElement(ProcessorTemplateHandler.java:1640) ~[thymeleaf-3.0.15.RELEASE.jar:3.0.15.RELEASE]
	at org.thymeleaf.engine.CloseElementTag.beHandled(CloseElementTag.java:139) ~[thymeleaf-3.0.15.RELEASE.jar:3.0.15.RELEASE]
	at org.thymeleaf.engine.Model.process(Model.java:282) ~[thymeleaf-3.0.15.RELEASE.jar:3.0.15.RELEASE]
	at org.thymeleaf.engine.Model.process(Model.java:290) ~[thymeleaf-3.0.15.RELEASE.jar:3.0.15.RELEASE]
	at org.thymeleaf.engine.IteratedGatheringModelProcessable.processIterationModel(IteratedGatheringModelProcessable.java:367) ~[thymeleaf-3.0.15.RELEASE.jar:3.0.15.RELEASE]
	at org.thymeleaf.engine.IteratedGatheringModelProcessable.process(IteratedGatheringModelProcessable.java:293) ~[thymeleaf-3.0.15.RELEASE.jar:3.0.15.RELEASE]
	at org.thymeleaf.engine.ProcessorTemplateHandler.handleCloseElement(ProcessorTemplateHandler.java:1640) ~[thymeleaf-3.0.15.RELEASE.jar:3.0.15.RELEASE]
	at org.thymeleaf.engine.CloseElementTag.beHandled(CloseElementTag.java:139) ~[thymeleaf-3.0.15.RELEASE.jar:3.0.15.RELEASE]
	at org.thymeleaf.engine.Model.process(Model.java:282) ~[thymeleaf-3.0.15.RELEASE.jar:3.0.15.RELEASE]
	at org.thymeleaf.engine.ProcessorTemplateHandler.handleOpenElement(ProcessorTemplateHandler.java:1587) ~[thymeleaf-3.0.15.RELEASE.jar:3.0.15.RELEASE]
	at org.thymeleaf.engine.OpenElementTag.beHandled(OpenElementTag.java:205) ~[thymeleaf-3.0.15.RELEASE.jar:3.0.15.RELEASE]
	at org.thymeleaf.engine.Model.process(Model.java:282) ~[thymeleaf-3.0.15.RELEASE.jar:3.0.15.RELEASE]
	at org.thymeleaf.engine.ProcessorTemplateHandler.handleOpenElement(ProcessorTemplateHandler.java:1587) ~[thymeleaf-3.0.15.RELEASE.jar:3.0.15.RELEASE]
	at org.thymeleaf.engine.OpenElementTag.beHandled(OpenElementTag.java:205) ~[thymeleaf-3.0.15.RELEASE.jar:3.0.15.RELEASE]
	at org.thymeleaf.engine.Model.process(Model.java:282) ~[thymeleaf-3.0.15.RELEASE.jar:3.0.15.RELEASE]
	at org.thymeleaf.engine.Model.process(Model.java:290) ~[thymeleaf-3.0.15.RELEASE.jar:3.0.15.RELEASE]
	at org.thymeleaf.engine.GatheringModelProcessable.process(GatheringModelProcessable.java:78) ~[thymeleaf-3.0.15.RELEASE.jar:3.0.15.RELEASE]
	at org.thymeleaf.engine.ProcessorTemplateHandler.handleCloseElement(ProcessorTemplateHandler.java:1640) ~[thymeleaf-3.0.15.RELEASE.jar:3.0.15.RELEASE]
	at org.thymeleaf.engine.TemplateHandlerAdapterMarkupHandler.handleCloseElementEnd(TemplateHandlerAdapterMarkupHandler.java:388) ~[thymeleaf-3.0.15.RELEASE.jar:3.0.15.RELEASE]
	at org.thymeleaf.templateparser.markup.InlinedOutputExpressionMarkupHandler$InlineMarkupAdapterPreProcessorHandler.handleCloseElementEnd(InlinedOutputExpressionMarkupHandler.java:322) ~[thymeleaf-3.0.15.RELEASE.jar:3.0.15.RELEASE]
	at org.thymeleaf.standard.inline.OutputExpressionInlinePreProcessorHandler.handleCloseElementEnd(OutputExpressionInlinePreProcessorHandler.java:220) ~[thymeleaf-3.0.15.RELEASE.jar:3.0.15.RELEASE]
	at org.thymeleaf.templateparser.markup.InlinedOutputExpressionMarkupHandler.handleCloseElementEnd(InlinedOutputExpressionMarkupHandler.java:164) ~[thymeleaf-3.0.15.RELEASE.jar:3.0.15.RELEASE]
	at org.attoparser.HtmlElement.handleCloseElementEnd(HtmlElement.java:169) ~[attoparser-2.0.5.RELEASE.jar:2.0.5.RELEASE]
	at org.attoparser.HtmlMarkupHandler.handleCloseElementEnd(HtmlMarkupHandler.java:412) ~[attoparser-2.0.5.RELEASE.jar:2.0.5.RELEASE]
	at org.attoparser.MarkupEventProcessorHandler.handleCloseElementEnd(MarkupEventProcessorHandler.java:473) ~[attoparser-2.0.5.RELEASE.jar:2.0.5.RELEASE]
	at org.attoparser.ParsingElementMarkupUtil.parseCloseElement(ParsingElementMarkupUtil.java:201) ~[attoparser-2.0.5.RELEASE.jar:2.0.5.RELEASE]
	at org.attoparser.MarkupParser.parseBuffer(MarkupParser.java:725) ~[attoparser-2.0.5.RELEASE.jar:2.0.5.RELEASE]
	at org.attoparser.MarkupParser.parseDocument(MarkupParser.java:301) ~[attoparser-2.0.5.RELEASE.jar:2.0.5.RELEASE]
	at org.attoparser.MarkupParser.parse(MarkupParser.java:257) ~[attoparser-2.0.5.RELEASE.jar:2.0.5.RELEASE]
	at org.thymeleaf.templateparser.markup.AbstractMarkupTemplateParser.parse(AbstractMarkupTemplateParser.java:230) ~[thymeleaf-3.0.15.RELEASE.jar:3.0.15.RELEASE]
	... 89 more
Caused by: org.springframework.expression.spel.SpelEvaluationException: EL1004E: Method call: Method Integer(java.lang.String) cannot be found on type org.thymeleaf.spring5.expression.SPELContextMapWrapper
	at org.springframework.expression.spel.ast.MethodReference.findAccessorForMethod(MethodReference.java:225) ~[spring-expression-5.3.27.jar:5.3.27]
	at org.springframework.expression.spel.ast.MethodReference.getValueInternal(MethodReference.java:135) ~[spring-expression-5.3.27.jar:5.3.27]
	at org.springframework.expression.spel.ast.MethodReference.getValueInternal(MethodReference.java:95) ~[spring-expression-5.3.27.jar:5.3.27]
	at org.springframework.expression.spel.ast.OpLT.getValueInternal(OpLT.java:47) ~[spring-expression-5.3.27.jar:5.3.27]
	at org.springframework.expression.spel.ast.OpLT.getValueInternal(OpLT.java:37) ~[spring-expression-5.3.27.jar:5.3.27]
	at org.springframework.expression.spel.ast.SpelNodeImpl.getValue(SpelNodeImpl.java:212) ~[spring-expression-5.3.27.jar:5.3.27]
	at org.springframework.expression.spel.ast.OpAnd.getBooleanValue(OpAnd.java:57) ~[spring-expression-5.3.27.jar:5.3.27]
	at org.springframework.expression.spel.ast.OpAnd.getValueInternal(OpAnd.java:48) ~[spring-expression-5.3.27.jar:5.3.27]
	at org.springframework.expression.spel.ast.SpelNodeImpl.getValue(SpelNodeImpl.java:114) ~[spring-expression-5.3.27.jar:5.3.27]
	at org.springframework.expression.spel.standard.SpelExpression.getValue(SpelExpression.java:338) ~[spring-expression-5.3.27.jar:5.3.27]
	at org.thymeleaf.spring5.expression.SPELVariableExpressionEvaluator.evaluate(SPELVariableExpressionEvaluator.java:265) ~[thymeleaf-spring5-3.0.15.RELEASE.jar:3.0.15.RELEASE]
	at org.thymeleaf.standard.expression.VariableExpression.executeVariableExpression(VariableExpression.java:166) ~[thymeleaf-3.0.15.RELEASE.jar:3.0.15.RELEASE]
	at org.thymeleaf.standard.expression.SimpleExpression.executeSimple(SimpleExpression.java:66) ~[thymeleaf-3.0.15.RELEASE.jar:3.0.15.RELEASE]
	at org.thymeleaf.standard.expression.Expression.execute(Expression.java:109) ~[thymeleaf-3.0.15.RELEASE.jar:3.0.15.RELEASE]
	at org.thymeleaf.standard.expression.Expression.execute(Expression.java:138) ~[thymeleaf-3.0.15.RELEASE.jar:3.0.15.RELEASE]
	at org.thymeleaf.standard.expression.Expression.execute(Expression.java:125) ~[thymeleaf-3.0.15.RELEASE.jar:3.0.15.RELEASE]
	at org.thymeleaf.standard.processor.StandardIfTagProcessor.isVisible(StandardIfTagProcessor.java:59) ~[thymeleaf-3.0.15.RELEASE.jar:3.0.15.RELEASE]
	at org.thymeleaf.standard.processor.AbstractStandardConditionalVisibilityTagProcessor.doProcess(AbstractStandardConditionalVisibilityTagProcessor.java:61) ~[thymeleaf-3.0.15.RELEASE.jar:3.0.15.RELEASE]
	at org.thymeleaf.processor.element.AbstractAttributeTagProcessor.doProcess(AbstractAttributeTagProcessor.java:74) ~[thymeleaf-3.0.15.RELEASE.jar:3.0.15.RELEASE]
	at org.thymeleaf.processor.element.AbstractElementTagProcessor.process(AbstractElementTagProcessor.java:95) ~[thymeleaf-3.0.15.RELEASE.jar:3.0.15.RELEASE]
	at org.thymeleaf.util.ProcessorConfigurationUtils$ElementTagProcessorWrapper.process(ProcessorConfigurationUtils.java:633) ~[thymeleaf-3.0.15.RELEASE.jar:3.0.15.RELEASE]
	at org.thymeleaf.engine.ProcessorTemplateHandler.handleOpenElement(ProcessorTemplateHandler.java:1314) ~[thymeleaf-3.0.15.RELEASE.jar:3.0.15.RELEASE]
	at org.thymeleaf.engine.OpenElementTag.beHandled(OpenElementTag.java:205) ~[thymeleaf-3.0.15.RELEASE.jar:3.0.15.RELEASE]
	at org.thymeleaf.engine.Model.process(Model.java:282) ~[thymeleaf-3.0.15.RELEASE.jar:3.0.15.RELEASE]
	at org.thymeleaf.engine.Model.process(Model.java:290) ~[thymeleaf-3.0.15.RELEASE.jar:3.0.15.RELEASE]
	at org.thymeleaf.engine.IteratedGatheringModelProcessable.processIterationModel(IteratedGatheringModelProcessable.java:367) ~[thymeleaf-3.0.15.RELEASE.jar:3.0.15.RELEASE]
	at org.thymeleaf.engine.IteratedGatheringModelProcessable.process(IteratedGatheringModelProcessable.java:221) ~[thymeleaf-3.0.15.RELEASE.jar:3.0.15.RELEASE]
	at org.thymeleaf.engine.ProcessorTemplateHandler.handleCloseElement(ProcessorTemplateHandler.java:1640) ~[thymeleaf-3.0.15.RELEASE.jar:3.0.15.RELEASE]
	at org.thymeleaf.engine.CloseElementTag.beHandled(CloseElementTag.java:139) ~[thymeleaf-3.0.15.RELEASE.jar:3.0.15.RELEASE]
	at org.thymeleaf.engine.Model.process(Model.java:282) ~[thymeleaf-3.0.15.RELEASE.jar:3.0.15.RELEASE]
	at org.thymeleaf.engine.Model.process(Model.java:290) ~[thymeleaf-3.0.15.RELEASE.jar:3.0.15.RELEASE]
	at org.thymeleaf.engine.IteratedGatheringModelProcessable.processIterationModel(IteratedGatheringModelProcessable.java:367) ~[thymeleaf-3.0.15.RELEASE.jar:3.0.15.RELEASE]
	at org.thymeleaf.engine.IteratedGatheringModelProcessable.process(IteratedGatheringModelProcessable.java:293) ~[thymeleaf-3.0.15.RELEASE.jar:3.0.15.RELEASE]
	at org.thymeleaf.engine.ProcessorTemplateHandler.handleCloseElement(ProcessorTemplateHandler.java:1640) ~[thymeleaf-3.0.15.RELEASE.jar:3.0.15.RELEASE]
	at org.thymeleaf.engine.CloseElementTag.beHandled(CloseElementTag.java:139) ~[thymeleaf-3.0.15.RELEASE.jar:3.0.15.RELEASE]
	at org.thymeleaf.engine.Model.process(Model.java:282) ~[thymeleaf-3.0.15.RELEASE.jar:3.0.15.RELEASE]
	at org.thymeleaf.engine.ProcessorTemplateHandler.handleOpenElement(ProcessorTemplateHandler.java:1587) ~[thymeleaf-3.0.15.RELEASE.jar:3.0.15.RELEASE]
	at org.thymeleaf.engine.OpenElementTag.beHandled(OpenElementTag.java:205) ~[thymeleaf-3.0.15.RELEASE.jar:3.0.15.RELEASE]
	at org.thymeleaf.engine.Model.process(Model.java:282) ~[thymeleaf-3.0.15.RELEASE.jar:3.0.15.RELEASE]
	at org.thymeleaf.engine.ProcessorTemplateHandler.handleOpenElement(ProcessorTemplateHandler.java:1587) ~[thymeleaf-3.0.15.RELEASE.jar:3.0.15.RELEASE]
	at org.thymeleaf.engine.OpenElementTag.beHandled(OpenElementTag.java:205) ~[thymeleaf-3.0.15.RELEASE.jar:3.0.15.RELEASE]
	at org.thymeleaf.engine.Model.process(Model.java:282) ~[thymeleaf-3.0.15.RELEASE.jar:3.0.15.RELEASE]
	at org.thymeleaf.engine.Model.process(Model.java:290) ~[thymeleaf-3.0.15.RELEASE.jar:3.0.15.RELEASE]
	at org.thymeleaf.engine.GatheringModelProcessable.process(GatheringModelProcessable.java:78) ~[thymeleaf-3.0.15.RELEASE.jar:3.0.15.RELEASE]
	at org.thymeleaf.engine.ProcessorTemplateHandler.handleCloseElement(ProcessorTemplateHandler.java:1640) ~[thymeleaf-3.0.15.RELEASE.jar:3.0.15.RELEASE]
	at org.thymeleaf.engine.TemplateHandlerAdapterMarkupHandler.handleCloseElementEnd(TemplateHandlerAdapterMarkupHandler.java:388) ~[thymeleaf-3.0.15.RELEASE.jar:3.0.15.RELEASE]
	at org.thymeleaf.templateparser.markup.InlinedOutputExpressionMarkupHandler$InlineMarkupAdapterPreProcessorHandler.handleCloseElementEnd(InlinedOutputExpressionMarkupHandler.java:322) ~[thymeleaf-3.0.15.RELEASE.jar:3.0.15.RELEASE]
	at org.thymeleaf.standard.inline.OutputExpressionInlinePreProcessorHandler.handleCloseElementEnd(OutputExpressionInlinePreProcessorHandler.java:220) ~[thymeleaf-3.0.15.RELEASE.jar:3.0.15.RELEASE]
	at org.thymeleaf.templateparser.markup.InlinedOutputExpressionMarkupHandler.handleCloseElementEnd(InlinedOutputExpressionMarkupHandler.java:164) ~[thymeleaf-3.0.15.RELEASE.jar:3.0.15.RELEASE]
	at org.attoparser.HtmlElement.handleCloseElementEnd(HtmlElement.java:169) ~[attoparser-2.0.5.RELEASE.jar:2.0.5.RELEASE]
	at org.attoparser.HtmlMarkupHandler.handleCloseElementEnd(HtmlMarkupHandler.java:412) ~[attoparser-2.0.5.RELEASE.jar:2.0.5.RELEASE]
	at org.attoparser.MarkupEventProcessorHandler.handleCloseElementEnd(MarkupEventProcessorHandler.java:473) ~[attoparser-2.0.5.RELEASE.jar:2.0.5.RELEASE]
	at org.attoparser.ParsingElementMarkupUtil.parseCloseElement(ParsingElementMarkupUtil.java:201) ~[attoparser-2.0.5.RELEASE.jar:2.0.5.RELEASE]
	at org.attoparser.MarkupParser.parseBuffer(MarkupParser.java:725) ~[attoparser-2.0.5.RELEASE.jar:2.0.5.RELEASE]
	at org.attoparser.MarkupParser.parseDocument(MarkupParser.java:301) ~[attoparser-2.0.5.RELEASE.jar:2.0.5.RELEASE]
	at org.attoparser.MarkupParser.parse(MarkupParser.java:257) ~[attoparser-2.0.5.RELEASE.jar:2.0.5.RELEASE]
	at org.thymeleaf.templateparser.markup.AbstractMarkupTemplateParser.parse(AbstractMarkupTemplateParser.java:230) ~[thymeleaf-3.0.15.RELEASE.jar:3.0.15.RELEASE]
	... 89 more
2026-06-04 21:27:10.353 [ERROR] Servlet.service() for servlet [dispatcherServlet] in context with path [] threw exception [Request processing failed; nested exception is org.thymeleaf.exceptions.TemplateInputException: An error happened during template parsing (template: "class path resource [templates/views/main/main.html]")] with root cause
org.springframework.expression.spel.SpelEvaluationException: EL1004E: Method call: Method Integer(java.lang.String) cannot be found on type org.thymeleaf.spring5.expression.SPELContextMapWrapper
	at org.springframework.expression.spel.ast.MethodReference.findAccessorForMethod(MethodReference.java:225) ~[spring-expression-5.3.27.jar:5.3.27]
	at org.springframework.expression.spel.ast.MethodReference.getValueInternal(MethodReference.java:135) ~[spring-expression-5.3.27.jar:5.3.27]
	at org.springframework.expression.spel.ast.MethodReference.getValueInternal(MethodReference.java:95) ~[spring-expression-5.3.27.jar:5.3.27]
	at org.springframework.expression.spel.ast.OpLT.getValueInternal(OpLT.java:47) ~[spring-expression-5.3.27.jar:5.3.27]
	at org.springframework.expression.spel.ast.OpLT.getValueInternal(OpLT.java:37) ~[spring-expression-5.3.27.jar:5.3.27]
	at org.springframework.expression.spel.ast.SpelNodeImpl.getValue(SpelNodeImpl.java:212) ~[spring-expression-5.3.27.jar:5.3.27]
	at org.springframework.expression.spel.ast.OpAnd.getBooleanValue(OpAnd.java:57) ~[spring-expression-5.3.27.jar:5.3.27]
	at org.springframework.expression.spel.ast.OpAnd.getValueInternal(OpAnd.java:48) ~[spring-expression-5.3.27.jar:5.3.27]
	at org.springframework.expression.spel.ast.SpelNodeImpl.getValue(SpelNodeImpl.java:114) ~[spring-expression-5.3.27.jar:5.3.27]
	at org.springframework.expression.spel.standard.SpelExpression.getValue(SpelExpression.java:338) ~[spring-expression-5.3.27.jar:5.3.27]
	at org.thymeleaf.spring5.expression.SPELVariableExpressionEvaluator.evaluate(SPELVariableExpressionEvaluator.java:265) ~[thymeleaf-spring5-3.0.15.RELEASE.jar:3.0.15.RELEASE]
	at org.thymeleaf.standard.expression.VariableExpression.executeVariableExpression(VariableExpression.java:166) ~[thymeleaf-3.0.15.RELEASE.jar:3.0.15.RELEASE]
	at org.thymeleaf.standard.expression.SimpleExpression.executeSimple(SimpleExpression.java:66) ~[thymeleaf-3.0.15.RELEASE.jar:3.0.15.RELEASE]
	at org.thymeleaf.standard.expression.Expression.execute(Expression.java:109) ~[thymeleaf-3.0.15.RELEASE.jar:3.0.15.RELEASE]
	at org.thymeleaf.standard.expression.Expression.execute(Expression.java:138) ~[thymeleaf-3.0.15.RELEASE.jar:3.0.15.RELEASE]
	at org.thymeleaf.standard.expression.Expression.execute(Expression.java:125) ~[thymeleaf-3.0.15.RELEASE.jar:3.0.15.RELEASE]
	at org.thymeleaf.standard.processor.StandardIfTagProcessor.isVisible(StandardIfTagProcessor.java:59) ~[thymeleaf-3.0.15.RELEASE.jar:3.0.15.RELEASE]
	at org.thymeleaf.standard.processor.AbstractStandardConditionalVisibilityTagProcessor.doProcess(AbstractStandardConditionalVisibilityTagProcessor.java:61) ~[thymeleaf-3.0.15.RELEASE.jar:3.0.15.RELEASE]
	at org.thymeleaf.processor.element.AbstractAttributeTagProcessor.doProcess(AbstractAttributeTagProcessor.java:74) ~[thymeleaf-3.0.15.RELEASE.jar:3.0.15.RELEASE]
	at org.thymeleaf.processor.element.AbstractElementTagProcessor.process(AbstractElementTagProcessor.java:95) ~[thymeleaf-3.0.15.RELEASE.jar:3.0.15.RELEASE]
	at org.thymeleaf.util.ProcessorConfigurationUtils$ElementTagProcessorWrapper.process(ProcessorConfigurationUtils.java:633) ~[thymeleaf-3.0.15.RELEASE.jar:3.0.15.RELEASE]
	at org.thymeleaf.engine.ProcessorTemplateHandler.handleOpenElement(ProcessorTemplateHandler.java:1314) ~[thymeleaf-3.0.15.RELEASE.jar:3.0.15.RELEASE]
	at org.thymeleaf.engine.OpenElementTag.beHandled(OpenElementTag.java:205) ~[thymeleaf-3.0.15.RELEASE.jar:3.0.15.RELEASE]
	at org.thymeleaf.engine.Model.process(Model.java:282) ~[thymeleaf-3.0.15.RELEASE.jar:3.0.15.RELEASE]
	at org.thymeleaf.engine.Model.process(Model.java:290) ~[thymeleaf-3.0.15.RELEASE.jar:3.0.15.RELEASE]
	at org.thymeleaf.engine.IteratedGatheringModelProcessable.processIterationModel(IteratedGatheringModelProcessable.java:367) ~[thymeleaf-3.0.15.RELEASE.jar:3.0.15.RELEASE]
	at org.thymeleaf.engine.IteratedGatheringModelProcessable.process(IteratedGatheringModelProcessable.java:221) ~[thymeleaf-3.0.15.RELEASE.jar:3.0.15.RELEASE]
	at org.thymeleaf.engine.ProcessorTemplateHandler.handleCloseElement(ProcessorTemplateHandler.java:1640) ~[thymeleaf-3.0.15.RELEASE.jar:3.0.15.RELEASE]
	at org.thymeleaf.engine.CloseElementTag.beHandled(CloseElementTag.java:139) ~[thymeleaf-3.0.15.RELEASE.jar:3.0.15.RELEASE]
	at org.thymeleaf.engine.Model.process(Model.java:282) ~[thymeleaf-3.0.15.RELEASE.jar:3.0.15.RELEASE]
	at org.thymeleaf.engine.Model.process(Model.java:290) ~[thymeleaf-3.0.15.RELEASE.jar:3.0.15.RELEASE]
	at org.thymeleaf.engine.IteratedGatheringModelProcessable.processIterationModel(IteratedGatheringModelProcessable.java:367) ~[thymeleaf-3.0.15.RELEASE.jar:3.0.15.RELEASE]
	at org.thymeleaf.engine.IteratedGatheringModelProcessable.process(IteratedGatheringModelProcessable.java:293) ~[thymeleaf-3.0.15.RELEASE.jar:3.0.15.RELEASE]
	at org.thymeleaf.engine.ProcessorTemplateHandler.handleCloseElement(ProcessorTemplateHandler.java:1640) ~[thymeleaf-3.0.15.RELEASE.jar:3.0.15.RELEASE]
	at org.thymeleaf.engine.CloseElementTag.beHandled(CloseElementTag.java:139) ~[thymeleaf-3.0.15.RELEASE.jar:3.0.15.RELEASE]
	at org.thymeleaf.engine.Model.process(Model.java:282) ~[thymeleaf-3.0.15.RELEASE.jar:3.0.15.RELEASE]
	at org.thymeleaf.engine.ProcessorTemplateHandler.handleOpenElement(ProcessorTemplateHandler.java:1587) ~[thymeleaf-3.0.15.RELEASE.jar:3.0.15.RELEASE]
	at org.thymeleaf.engine.OpenElementTag.beHandled(OpenElementTag.java:205) ~[thymeleaf-3.0.15.RELEASE.jar:3.0.15.RELEASE]
	at org.thymeleaf.engine.Model.process(Model.java:282) ~[thymeleaf-3.0.15.RELEASE.jar:3.0.15.RELEASE]
	at org.thymeleaf.engine.ProcessorTemplateHandler.handleOpenElement(ProcessorTemplateHandler.java:1587) ~[thymeleaf-3.0.15.RELEASE.jar:3.0.15.RELEASE]
	at org.thymeleaf.engine.OpenElementTag.beHandled(OpenElementTag.java:205) ~[thymeleaf-3.0.15.RELEASE.jar:3.0.15.RELEASE]
	at org.thymeleaf.engine.Model.process(Model.java:282) ~[thymeleaf-3.0.15.RELEASE.jar:3.0.15.RELEASE]
	at org.thymeleaf.engine.Model.process(Model.java:290) ~[thymeleaf-3.0.15.RELEASE.jar:3.0.15.RELEASE]
	at org.thymeleaf.engine.GatheringModelProcessable.process(GatheringModelProcessable.java:78) ~[thymeleaf-3.0.15.RELEASE.jar:3.0.15.RELEASE]
	at org.thymeleaf.engine.ProcessorTemplateHandler.handleCloseElement(ProcessorTemplateHandler.java:1640) ~[thymeleaf-3.0.15.RELEASE.jar:3.0.15.RELEASE]
	at org.thymeleaf.engine.TemplateHandlerAdapterMarkupHandler.handleCloseElementEnd(TemplateHandlerAdapterMarkupHandler.java:388) ~[thymeleaf-3.0.15.RELEASE.jar:3.0.15.RELEASE]
	at org.thymeleaf.templateparser.markup.InlinedOutputExpressionMarkupHandler$InlineMarkupAdapterPreProcessorHandler.handleCloseElementEnd(InlinedOutputExpressionMarkupHandler.java:322) ~[thymeleaf-3.0.15.RELEASE.jar:3.0.15.RELEASE]
	at org.thymeleaf.standard.inline.OutputExpressionInlinePreProcessorHandler.handleCloseElementEnd(OutputExpressionInlinePreProcessorHandler.java:220) ~[thymeleaf-3.0.15.RELEASE.jar:3.0.15.RELEASE]
	at org.thymeleaf.templateparser.markup.InlinedOutputExpressionMarkupHandler.handleCloseElementEnd(InlinedOutputExpressionMarkupHandler.java:164) ~[thymeleaf-3.0.15.RELEASE.jar:3.0.15.RELEASE]
	at org.attoparser.HtmlElement.handleCloseElementEnd(HtmlElement.java:169) ~[attoparser-2.0.5.RELEASE.jar:2.0.5.RELEASE]
	at org.attoparser.HtmlMarkupHandler.handleCloseElementEnd(HtmlMarkupHandler.java:412) ~[attoparser-2.0.5.RELEASE.jar:2.0.5.RELEASE]
	at org.attoparser.MarkupEventProcessorHandler.handleCloseElementEnd(MarkupEventProcessorHandler.java:473) ~[attoparser-2.0.5.RELEASE.jar:2.0.5.RELEASE]
	at org.attoparser.ParsingElementMarkupUtil.parseCloseElement(ParsingElementMarkupUtil.java:201) ~[attoparser-2.0.5.RELEASE.jar:2.0.5.RELEASE]
	at org.attoparser.MarkupParser.parseBuffer(MarkupParser.java:725) ~[attoparser-2.0.5.RELEASE.jar:2.0.5.RELEASE]
	at org.attoparser.MarkupParser.parseDocument(MarkupParser.java:301) ~[attoparser-2.0.5.RELEASE.jar:2.0.5.RELEASE]
	at org.attoparser.MarkupParser.parse(MarkupParser.java:257) ~[attoparser-2.0.5.RELEASE.jar:2.0.5.RELEASE]
	at org.thymeleaf.templateparser.markup.AbstractMarkupTemplateParser.parse(AbstractMarkupTemplateParser.java:230) ~[thymeleaf-3.0.15.RELEASE.jar:3.0.15.RELEASE]
	at org.thymeleaf.templateparser.markup.AbstractMarkupTemplateParser.parseStandalone(AbstractMarkupTemplateParser.java:100) ~[thymeleaf-3.0.15.RELEASE.jar:3.0.15.RELEASE]
	at org.thymeleaf.engine.TemplateManager.parseAndProcess(TemplateManager.java:666) ~[thymeleaf-3.0.15.RELEASE.jar:3.0.15.RELEASE]
	at org.thymeleaf.TemplateEngine.process(TemplateEngine.java:1098) ~[thymeleaf-3.0.15.RELEASE.jar:3.0.15.RELEASE]
	at org.thymeleaf.TemplateEngine.process(TemplateEngine.java:1072) ~[thymeleaf-3.0.15.RELEASE.jar:3.0.15.RELEASE]
	at org.thymeleaf.spring5.view.ThymeleafView.renderFragment(ThymeleafView.java:366) ~[thymeleaf-spring5-3.0.15.RELEASE.jar:3.0.15.RELEASE]
	at org.thymeleaf.spring5.view.ThymeleafView.render(ThymeleafView.java:190) ~[thymeleaf-spring5-3.0.15.RELEASE.jar:3.0.15.RELEASE]
	at org.springframework.web.servlet.DispatcherServlet.render(DispatcherServlet.java:1406) ~[spring-webmvc-5.3.27.jar:5.3.27]
	at org.springframework.web.servlet.DispatcherServlet.processDispatchResult(DispatcherServlet.java:1150) ~[spring-webmvc-5.3.27.jar:5.3.27]
	at org.springframework.web.servlet.DispatcherServlet.doDispatch(DispatcherServlet.java:1089) ~[spring-webmvc-5.3.27.jar:5.3.27]
	at org.springframework.web.servlet.DispatcherServlet.doService(DispatcherServlet.java:965) ~[spring-webmvc-5.3.27.jar:5.3.27]
	at org.springframework.web.servlet.FrameworkServlet.processRequest(FrameworkServlet.java:1006) ~[spring-webmvc-5.3.27.jar:5.3.27]
	at org.springframework.web.servlet.FrameworkServlet.doGet(FrameworkServlet.java:898) ~[spring-webmvc-5.3.27.jar:5.3.27]
	at javax.servlet.http.HttpServlet.service(HttpServlet.java:529) ~[tomcat-embed-core-9.0.75.jar:4.0.FR]
	at org.springframework.web.servlet.FrameworkServlet.service(FrameworkServlet.java:883) ~[spring-webmvc-5.3.27.jar:5.3.27]
	at javax.servlet.http.HttpServlet.service(HttpServlet.java:623) ~[tomcat-embed-core-9.0.75.jar:4.0.FR]
	at org.apache.catalina.core.ApplicationFilterChain.internalDoFilter(ApplicationFilterChain.java:209) ~[tomcat-embed-core-9.0.75.jar:9.0.75]
	at org.apache.catalina.core.ApplicationFilterChain.doFilter(ApplicationFilterChain.java:153) ~[tomcat-embed-core-9.0.75.jar:9.0.75]
	at org.apache.tomcat.websocket.server.WsFilter.doFilter(WsFilter.java:51) ~[tomcat-embed-websocket-9.0.75.jar:9.0.75]
	at org.apache.catalina.core.ApplicationFilterChain.internalDoFilter(ApplicationFilterChain.java:178) ~[tomcat-embed-core-9.0.75.jar:9.0.75]
	at org.apache.catalina.core.ApplicationFilterChain.doFilter(ApplicationFilterChain.java:153) ~[tomcat-embed-core-9.0.75.jar:9.0.75]
	at org.springframework.security.web.FilterChainProxy$VirtualFilterChain.doFilter(FilterChainProxy.java:337) ~[spring-security-web-5.7.8.jar:5.7.8]
	at org.springframework.security.web.access.intercept.FilterSecurityInterceptor.invoke(FilterSecurityInterceptor.java:115) ~[spring-security-web-5.7.8.jar:5.7.8]
	at org.springframework.security.web.access.intercept.FilterSecurityInterceptor.doFilter(FilterSecurityInterceptor.java:81) ~[spring-security-web-5.7.8.jar:5.7.8]
	at org.springframework.security.web.FilterChainProxy$VirtualFilterChain.doFilter(FilterChainProxy.java:346) ~[spring-security-web-5.7.8.jar:5.7.8]
	at org.springframework.security.web.access.ExceptionTranslationFilter.doFilter(ExceptionTranslationFilter.java:122) ~[spring-security-web-5.7.8.jar:5.7.8]
	at org.springframework.security.web.access.ExceptionTranslationFilter.doFilter(ExceptionTranslationFilter.java:116) ~[spring-security-web-5.7.8.jar:5.7.8]
	at org.springframework.security.web.FilterChainProxy$VirtualFilterChain.doFilter(FilterChainProxy.java:346) ~[spring-security-web-5.7.8.jar:5.7.8]
	at org.springframework.security.web.session.SessionManagementFilter.doFilter(SessionManagementFilter.java:126) ~[spring-security-web-5.7.8.jar:5.7.8]
	at org.springframework.security.web.session.SessionManagementFilter.doFilter(SessionManagementFilter.java:81) ~[spring-security-web-5.7.8.jar:5.7.8]
	at org.springframework.security.web.FilterChainProxy$VirtualFilterChain.doFilter(FilterChainProxy.java:346) ~[spring-security-web-5.7.8.jar:5.7.8]
	at org.springframework.security.web.authentication.AnonymousAuthenticationFilter.doFilter(AnonymousAuthenticationFilter.java:109) ~[spring-security-web-5.7.8.jar:5.7.8]
	at org.springframework.security.web.FilterChainProxy$VirtualFilterChain.doFilter(FilterChainProxy.java:346) ~[spring-security-web-5.7.8.jar:5.7.8]
	at org.springframework.security.web.servletapi.SecurityContextHolderAwareRequestFilter.doFilter(SecurityContextHolderAwareRequestFilter.java:149) ~[spring-security-web-5.7.8.jar:5.7.8]
	at org.springframework.security.web.FilterChainProxy$VirtualFilterChain.doFilter(FilterChainProxy.java:346) ~[spring-security-web-5.7.8.jar:5.7.8]
	at org.springframework.security.web.savedrequest.RequestCacheAwareFilter.doFilter(RequestCacheAwareFilter.java:63) ~[spring-security-web-5.7.8.jar:5.7.8]
	at org.springframework.security.web.FilterChainProxy$VirtualFilterChain.doFilter(FilterChainProxy.java:346) ~[spring-security-web-5.7.8.jar:5.7.8]
	at org.springframework.security.web.authentication.AbstractAuthenticationProcessingFilter.doFilter(AbstractAuthenticationProcessingFilter.java:223) ~[spring-security-web-5.7.8.jar:5.7.8]
	at org.springframework.security.web.authentication.AbstractAuthenticationProcessingFilter.doFilter(AbstractAuthenticationProcessingFilter.java:217) ~[spring-security-web-5.7.8.jar:5.7.8]
	at org.springframework.security.web.FilterChainProxy$VirtualFilterChain.doFilter(FilterChainProxy.java:346) ~[spring-security-web-5.7.8.jar:5.7.8]
	at org.springframework.security.web.authentication.logout.LogoutFilter.doFilter(LogoutFilter.java:103) ~[spring-security-web-5.7.8.jar:5.7.8]
	at org.springframework.security.web.authentication.logout.LogoutFilter.doFilter(LogoutFilter.java:89) ~[spring-security-web-5.7.8.jar:5.7.8]
	at org.springframework.security.web.FilterChainProxy$VirtualFilterChain.doFilter(FilterChainProxy.java:346) ~[spring-security-web-5.7.8.jar:5.7.8]
	at org.springframework.security.web.header.HeaderWriterFilter.doHeadersAfter(HeaderWriterFilter.java:90) ~[spring-security-web-5.7.8.jar:5.7.8]
	at org.springframework.security.web.header.HeaderWriterFilter.doFilterInternal(HeaderWriterFilter.java:75) ~[spring-security-web-5.7.8.jar:5.7.8]
	at org.springframework.web.filter.OncePerRequestFilter.doFilter(OncePerRequestFilter.java:117) ~[spring-web-5.3.27.jar:5.3.27]
	at org.springframework.security.web.FilterChainProxy$VirtualFilterChain.doFilter(FilterChainProxy.java:346) ~[spring-security-web-5.7.8.jar:5.7.8]
	at org.springframework.security.web.context.SecurityContextPersistenceFilter.doFilter(SecurityContextPersistenceFilter.java:112) ~[spring-security-web-5.7.8.jar:5.7.8]
	at org.springframework.security.web.context.SecurityContextPersistenceFilter.doFilter(SecurityContextPersistenceFilter.java:82) ~[spring-security-web-5.7.8.jar:5.7.8]
	at org.springframework.security.web.FilterChainProxy$VirtualFilterChain.doFilter(FilterChainProxy.java:346) ~[spring-security-web-5.7.8.jar:5.7.8]
	at org.springframework.security.web.context.request.async.WebAsyncManagerIntegrationFilter.doFilterInternal(WebAsyncManagerIntegrationFilter.java:55) ~[spring-security-web-5.7.8.jar:5.7.8]
	at org.springframework.web.filter.OncePerRequestFilter.doFilter(OncePerRequestFilter.java:117) ~[spring-web-5.3.27.jar:5.3.27]
	at org.springframework.security.web.FilterChainProxy$VirtualFilterChain.doFilter(FilterChainProxy.java:346) ~[spring-security-web-5.7.8.jar:5.7.8]
	at org.springframework.security.web.session.DisableEncodeUrlFilter.doFilterInternal(DisableEncodeUrlFilter.java:42) ~[spring-security-web-5.7.8.jar:5.7.8]
	at org.springframework.web.filter.OncePerRequestFilter.doFilter(OncePerRequestFilter.java:117) ~[spring-web-5.3.27.jar:5.3.27]
	at org.springframework.security.web.FilterChainProxy$VirtualFilterChain.doFilter(FilterChainProxy.java:346) ~[spring-security-web-5.7.8.jar:5.7.8]
	at org.springframework.security.web.FilterChainProxy.doFilterInternal(FilterChainProxy.java:221) ~[spring-security-web-5.7.8.jar:5.7.8]
	at org.springframework.security.web.FilterChainProxy.doFilter(FilterChainProxy.java:186) ~[spring-security-web-5.7.8.jar:5.7.8]
	at org.springframework.web.filter.DelegatingFilterProxy.invokeDelegate(DelegatingFilterProxy.java:354) ~[spring-web-5.3.27.jar:5.3.27]
	at org.springframework.web.filter.DelegatingFilterProxy.doFilter(DelegatingFilterProxy.java:267) ~[spring-web-5.3.27.jar:5.3.27]
	at org.apache.catalina.core.ApplicationFilterChain.internalDoFilter(ApplicationFilterChain.java:178) ~[tomcat-embed-core-9.0.75.jar:9.0.75]
	at org.apache.catalina.core.ApplicationFilterChain.doFilter(ApplicationFilterChain.java:153) ~[tomcat-embed-core-9.0.75.jar:9.0.75]
	at org.springframework.web.filter.RequestContextFilter.doFilterInternal(RequestContextFilter.java:100) ~[spring-web-5.3.27.jar:5.3.27]
	at org.springframework.web.filter.OncePerRequestFilter.doFilter(OncePerRequestFilter.java:117) ~[spring-web-5.3.27.jar:5.3.27]
	at org.apache.catalina.core.ApplicationFilterChain.internalDoFilter(ApplicationFilterChain.java:178) ~[tomcat-embed-core-9.0.75.jar:9.0.75]
	at org.apache.catalina.core.ApplicationFilterChain.doFilter(ApplicationFilterChain.java:153) ~[tomcat-embed-core-9.0.75.jar:9.0.75]
	at org.springframework.web.filter.FormContentFilter.doFilterInternal(FormContentFilter.java:93) ~[spring-web-5.3.27.jar:5.3.27]
	at org.springframework.web.filter.OncePerRequestFilter.doFilter(OncePerRequestFilter.java:117) ~[spring-web-5.3.27.jar:5.3.27]
	at org.apache.catalina.core.ApplicationFilterChain.internalDoFilter(ApplicationFilterChain.java:178) ~[tomcat-embed-core-9.0.75.jar:9.0.75]
	at org.apache.catalina.core.ApplicationFilterChain.doFilter(ApplicationFilterChain.java:153) ~[tomcat-embed-core-9.0.75.jar:9.0.75]
	at org.springframework.web.filter.CharacterEncodingFilter.doFilterInternal(CharacterEncodingFilter.java:201) ~[spring-web-5.3.27.jar:5.3.27]
	at org.springframework.web.filter.OncePerRequestFilter.doFilter(OncePerRequestFilter.java:117) ~[spring-web-5.3.27.jar:5.3.27]
	at org.apache.catalina.core.ApplicationFilterChain.internalDoFilter(ApplicationFilterChain.java:178) ~[tomcat-embed-core-9.0.75.jar:9.0.75]
	at org.apache.catalina.core.ApplicationFilterChain.doFilter(ApplicationFilterChain.java:153) ~[tomcat-embed-core-9.0.75.jar:9.0.75]
	at org.apache.catalina.core.StandardWrapperValve.invoke(StandardWrapperValve.java:167) ~[tomcat-embed-core-9.0.75.jar:9.0.75]
	at org.apache.catalina.core.StandardContextValve.invoke(StandardContextValve.java:90) ~[tomcat-embed-core-9.0.75.jar:9.0.75]
	at org.apache.catalina.authenticator.AuthenticatorBase.invoke(AuthenticatorBase.java:481) ~[tomcat-embed-core-9.0.75.jar:9.0.75]
	at org.apache.catalina.core.StandardHostValve.invoke(StandardHostValve.java:130) ~[tomcat-embed-core-9.0.75.jar:9.0.75]
	at org.apache.catalina.valves.ErrorReportValve.invoke(ErrorReportValve.java:93) ~[tomcat-embed-core-9.0.75.jar:9.0.75]
	at org.apache.catalina.core.StandardEngineValve.invoke(StandardEngineValve.java:74) ~[tomcat-embed-core-9.0.75.jar:9.0.75]
	at org.apache.catalina.connector.CoyoteAdapter.service(CoyoteAdapter.java:343) ~[tomcat-embed-core-9.0.75.jar:9.0.75]
	at org.apache.coyote.http11.Http11Processor.service(Http11Processor.java:390) ~[tomcat-embed-core-9.0.75.jar:9.0.75]
	at org.apache.coyote.AbstractProcessorLight.process(AbstractProcessorLight.java:63) ~[tomcat-embed-core-9.0.75.jar:9.0.75]
	at org.apache.coyote.AbstractProtocol$ConnectionHandler.process(AbstractProtocol.java:926) ~[tomcat-embed-core-9.0.75.jar:9.0.75]
	at org.apache.tomcat.util.net.NioEndpoint$SocketProcessor.doRun(NioEndpoint.java:1791) ~[tomcat-embed-core-9.0.75.jar:9.0.75]
	at org.apache.tomcat.util.net.SocketProcessorBase.run(SocketProcessorBase.java:52) ~[tomcat-embed-core-9.0.75.jar:9.0.75]
	at org.apache.tomcat.util.threads.ThreadPoolExecutor.runWorker(ThreadPoolExecutor.java:1191) ~[tomcat-embed-core-9.0.75.jar:9.0.75]
	at org.apache.tomcat.util.threads.ThreadPoolExecutor$Worker.run(ThreadPoolExecutor.java:659) ~[tomcat-embed-core-9.0.75.jar:9.0.75]
	at org.apache.tomcat.util.threads.TaskThread$WrappingRunnable.run(TaskThread.java:61) ~[tomcat-embed-core-9.0.75.jar:9.0.75]
	at java.lang.Thread.run(Thread.java:834) ~[?:?]
2026-06-04 21:27:10.518 [ERROR] Cannot render error page for request [/] and exception [An error happened during template parsing (template: "class path resource [templates/views/main/main.html]")] as the response has already been committed. As a result, the response may have the wrong status code.
2026-06-04 21:28:35.377 [INFO ] Closing JPA EntityManagerFactory for persistence unit 'default'
2026-06-04 21:28:35.380 [INFO ] HikariPool-1 - Shutdown initiated...
2026-06-04 21:28:35.383 [INFO ] HikariPool-1 - Shutdown completed.
2026-06-04 21:29:03.381 [INFO ] Starting RadarWebApplication using Java 11.0.2 on haems with PID 27492 (C:\0003_kimsn\kimsn\radar-web\build\classes\java\main started by imeahmik in C:\0003_kimsn\kimsn)
2026-06-04 21:29:03.403 [DEBUG] Running with Spring Boot v2.7.12, Spring v5.3.27
2026-06-04 21:29:03.405 [INFO ] No active profile set, falling back to 1 default profile: "default"
2026-06-04 21:29:03.811 [INFO ] Devtools property defaults active! Set 'spring.devtools.add-properties' to 'false' to disable
2026-06-04 21:29:03.812 [INFO ] For additional web related logging consider setting the 'logging.level.web' property to 'DEBUG'
2026-06-04 21:29:05.100 [INFO ] Bootstrapping Spring Data JPA repositories in DEFAULT mode.
2026-06-04 21:29:05.489 [INFO ] Finished Spring Data repository scanning in 370 ms. Found 24 JPA repository interfaces.
2026-06-04 21:29:06.872 [INFO ] Tomcat initialized with port(s): 8700 (http)
2026-06-04 21:29:06.890 [INFO ] Initializing ProtocolHandler ["http-nio-8700"]
2026-06-04 21:29:06.891 [INFO ] Starting service [Tomcat]
2026-06-04 21:29:06.892 [INFO ] Starting Servlet engine: [Apache Tomcat/9.0.75]
2026-06-04 21:29:07.143 [INFO ] Initializing Spring embedded WebApplicationContext
2026-06-04 21:29:07.143 [INFO ] Root WebApplicationContext: initialization completed in 3330 ms
2026-06-04 21:29:07.276 [INFO ] HikariPool-1 - Starting...
2026-06-04 21:29:07.952 [INFO ] HikariPool-1 - Start completed.
2026-06-04 21:29:08.091 [INFO ] HHH000204: Processing PersistenceUnitInfo [name: default]
2026-06-04 21:29:08.177 [INFO ] HHH000412: Hibernate ORM core version 5.6.15.Final
2026-06-04 21:29:08.502 [INFO ] HCANN000001: Hibernate Commons Annotations {5.1.2.Final}
2026-06-04 21:29:08.810 [INFO ] HHH000400: Using dialect: org.hibernate.dialect.MySQL8Dialect
2026-06-04 21:29:10.095 [INFO ] HHH000490: Using JtaPlatform implementation: [org.hibernate.engine.transaction.jta.platform.internal.NoJtaPlatform]
2026-06-04 21:29:10.115 [INFO ] Initialized JPA EntityManagerFactory for persistence unit 'default'
2026-06-04 21:29:12.385 [INFO ] Will secure any request with [org.springframework.security.web.session.DisableEncodeUrlFilter@274fd527, org.springframework.security.web.context.request.async.WebAsyncManagerIntegrationFilter@27fd7025, org.springframework.security.web.context.SecurityContextPersistenceFilter@4e7ea057, org.springframework.security.web.header.HeaderWriterFilter@39a7bb71, org.springframework.security.web.authentication.logout.LogoutFilter@69f4b0f4, org.springframework.security.web.authentication.UsernamePasswordAuthenticationFilter@5abb5cad, org.springframework.security.web.savedrequest.RequestCacheAwareFilter@25eaaf87, org.springframework.security.web.servletapi.SecurityContextHolderAwareRequestFilter@1c022261, org.springframework.security.web.authentication.AnonymousAuthenticationFilter@27231e43, org.springframework.security.web.session.SessionManagementFilter@2e075793, org.springframework.security.web.access.ExceptionTranslationFilter@613ab3e7, org.springframework.security.web.access.intercept.FilterSecurityInterceptor@3fd227f9]
2026-06-04 21:29:12.850 [WARN ] spring.jpa.open-in-view is enabled by default. Therefore, database queries may be performed during view rendering. Explicitly configure spring.jpa.open-in-view to disable this warning
2026-06-04 21:29:14.586 [INFO ] LiveReload server is running on port 35729
2026-06-04 21:29:14.626 [INFO ] Starting ProtocolHandler ["http-nio-8700"]
2026-06-04 21:29:14.670 [INFO ] Tomcat started on port(s): 8700 (http) with context path ''
2026-06-04 21:29:14.691 [INFO ] Started RadarWebApplication in 12.07 seconds (JVM running for 15.549)
2026-06-04 21:29:34.273 [INFO ] Closing JPA EntityManagerFactory for persistence unit 'default'
2026-06-04 21:29:34.277 [INFO ] HikariPool-1 - Shutdown initiated...
2026-06-04 21:29:34.282 [INFO ] HikariPool-1 - Shutdown completed.
2026-06-04 21:30:04.013 [INFO ] Starting RadarWebApplication using Java 11.0.2 on haems with PID 24236 (C:\0003_kimsn\kimsn\radar-web\build\classes\java\main started by imeahmik in C:\0003_kimsn\kimsn)
2026-06-04 21:30:04.031 [DEBUG] Running with Spring Boot v2.7.12, Spring v5.3.27
2026-06-04 21:30:04.033 [INFO ] No active profile set, falling back to 1 default profile: "default"
2026-06-04 21:30:04.452 [INFO ] Devtools property defaults active! Set 'spring.devtools.add-properties' to 'false' to disable
2026-06-04 21:30:04.452 [INFO ] For additional web related logging consider setting the 'logging.level.web' property to 'DEBUG'
2026-06-04 21:30:05.918 [INFO ] Bootstrapping Spring Data JPA repositories in DEFAULT mode.
2026-06-04 21:30:06.280 [INFO ] Finished Spring Data repository scanning in 344 ms. Found 24 JPA repository interfaces.
2026-06-04 21:30:07.718 [INFO ] Tomcat initialized with port(s): 8700 (http)
2026-06-04 21:30:07.736 [INFO ] Initializing ProtocolHandler ["http-nio-8700"]
2026-06-04 21:30:07.737 [INFO ] Starting service [Tomcat]
2026-06-04 21:30:07.737 [INFO ] Starting Servlet engine: [Apache Tomcat/9.0.75]
2026-06-04 21:30:07.995 [INFO ] Initializing Spring embedded WebApplicationContext
2026-06-04 21:30:07.995 [INFO ] Root WebApplicationContext: initialization completed in 3542 ms
2026-06-04 21:30:08.148 [INFO ] HikariPool-1 - Starting...
2026-06-04 21:30:09.089 [INFO ] HikariPool-1 - Start completed.
2026-06-04 21:30:09.293 [INFO ] HHH000204: Processing PersistenceUnitInfo [name: default]
2026-06-04 21:30:09.389 [INFO ] HHH000412: Hibernate ORM core version 5.6.15.Final
2026-06-04 21:30:09.754 [INFO ] HCANN000001: Hibernate Commons Annotations {5.1.2.Final}
2026-06-04 21:30:10.131 [INFO ] HHH000400: Using dialect: org.hibernate.dialect.MySQL8Dialect
2026-06-04 21:30:11.601 [INFO ] HHH000490: Using JtaPlatform implementation: [org.hibernate.engine.transaction.jta.platform.internal.NoJtaPlatform]
2026-06-04 21:30:11.628 [INFO ] Initialized JPA EntityManagerFactory for persistence unit 'default'
2026-06-04 21:30:13.160 [INFO ] Will secure any request with [org.springframework.security.web.session.DisableEncodeUrlFilter@609fe5f4, org.springframework.security.web.context.request.async.WebAsyncManagerIntegrationFilter@bbe345c, org.springframework.security.web.context.SecurityContextPersistenceFilter@21472936, org.springframework.security.web.header.HeaderWriterFilter@6cd15d74, org.springframework.security.web.authentication.logout.LogoutFilter@4de59d18, org.springframework.security.web.authentication.UsernamePasswordAuthenticationFilter@5a2c8eb7, org.springframework.security.web.savedrequest.RequestCacheAwareFilter@1252f819, org.springframework.security.web.servletapi.SecurityContextHolderAwareRequestFilter@5800b780, org.springframework.security.web.authentication.AnonymousAuthenticationFilter@35d95aaa, org.springframework.security.web.session.SessionManagementFilter@138d5b90, org.springframework.security.web.access.ExceptionTranslationFilter@2ace544c, org.springframework.security.web.access.intercept.FilterSecurityInterceptor@5c02812d]
2026-06-04 21:30:13.450 [WARN ] spring.jpa.open-in-view is enabled by default. Therefore, database queries may be performed during view rendering. Explicitly configure spring.jpa.open-in-view to disable this warning
2026-06-04 21:30:14.561 [INFO ] LiveReload server is running on port 35729
2026-06-04 21:30:14.581 [INFO ] Starting ProtocolHandler ["http-nio-8700"]
2026-06-04 21:30:14.609 [INFO ] Tomcat started on port(s): 8700 (http) with context path ''
2026-06-04 21:30:14.623 [INFO ] Started RadarWebApplication in 11.542 seconds (JVM running for 14.004)
2026-06-04 21:30:17.523 [INFO ] Initializing Spring DispatcherServlet 'dispatcherServlet'
2026-06-04 21:30:17.523 [INFO ] Initializing Servlet 'dispatcherServlet'
2026-06-04 21:30:17.525 [INFO ] Completed initialization in 1 ms
2026-06-04 21:30:17.705 [INFO ] loginUser ::::: test
2026-06-04 21:30:21.064 [ERROR] [THYMELEAF][http-nio-8700-exec-1] Exception processing template "views/main/main": An error happened during template parsing (template: "class path resource [templates/views/main/main.html]")
org.thymeleaf.exceptions.TemplateInputException: An error happened during template parsing (template: "class path resource [templates/views/main/main.html]")
	at org.thymeleaf.templateparser.markup.AbstractMarkupTemplateParser.parse(AbstractMarkupTemplateParser.java:241) ~[thymeleaf-3.0.15.RELEASE.jar:3.0.15.RELEASE]
	at org.thymeleaf.templateparser.markup.AbstractMarkupTemplateParser.parseStandalone(AbstractMarkupTemplateParser.java:100) ~[thymeleaf-3.0.15.RELEASE.jar:3.0.15.RELEASE]
	at org.thymeleaf.engine.TemplateManager.parseAndProcess(TemplateManager.java:666) ~[thymeleaf-3.0.15.RELEASE.jar:3.0.15.RELEASE]
	at org.thymeleaf.TemplateEngine.process(TemplateEngine.java:1098) ~[thymeleaf-3.0.15.RELEASE.jar:3.0.15.RELEASE]
	at org.thymeleaf.TemplateEngine.process(TemplateEngine.java:1072) ~[thymeleaf-3.0.15.RELEASE.jar:3.0.15.RELEASE]
	at org.thymeleaf.spring5.view.ThymeleafView.renderFragment(ThymeleafView.java:366) ~[thymeleaf-spring5-3.0.15.RELEASE.jar:3.0.15.RELEASE]
	at org.thymeleaf.spring5.view.ThymeleafView.render(ThymeleafView.java:190) ~[thymeleaf-spring5-3.0.15.RELEASE.jar:3.0.15.RELEASE]
	at org.springframework.web.servlet.DispatcherServlet.render(DispatcherServlet.java:1406) ~[spring-webmvc-5.3.27.jar:5.3.27]
	at org.springframework.web.servlet.DispatcherServlet.processDispatchResult(DispatcherServlet.java:1150) ~[spring-webmvc-5.3.27.jar:5.3.27]
	at org.springframework.web.servlet.DispatcherServlet.doDispatch(DispatcherServlet.java:1089) ~[spring-webmvc-5.3.27.jar:5.3.27]
	at org.springframework.web.servlet.DispatcherServlet.doService(DispatcherServlet.java:965) ~[spring-webmvc-5.3.27.jar:5.3.27]
	at org.springframework.web.servlet.FrameworkServlet.processRequest(FrameworkServlet.java:1006) ~[spring-webmvc-5.3.27.jar:5.3.27]
	at org.springframework.web.servlet.FrameworkServlet.doGet(FrameworkServlet.java:898) ~[spring-webmvc-5.3.27.jar:5.3.27]
	at javax.servlet.http.HttpServlet.service(HttpServlet.java:529) ~[tomcat-embed-core-9.0.75.jar:4.0.FR]
	at org.springframework.web.servlet.FrameworkServlet.service(FrameworkServlet.java:883) ~[spring-webmvc-5.3.27.jar:5.3.27]
	at javax.servlet.http.HttpServlet.service(HttpServlet.java:623) ~[tomcat-embed-core-9.0.75.jar:4.0.FR]
	at org.apache.catalina.core.ApplicationFilterChain.internalDoFilter(ApplicationFilterChain.java:209) ~[tomcat-embed-core-9.0.75.jar:9.0.75]
	at org.apache.catalina.core.ApplicationFilterChain.doFilter(ApplicationFilterChain.java:153) ~[tomcat-embed-core-9.0.75.jar:9.0.75]
	at org.apache.tomcat.websocket.server.WsFilter.doFilter(WsFilter.java:51) ~[tomcat-embed-websocket-9.0.75.jar:9.0.75]
	at org.apache.catalina.core.ApplicationFilterChain.internalDoFilter(ApplicationFilterChain.java:178) ~[tomcat-embed-core-9.0.75.jar:9.0.75]
	at org.apache.catalina.core.ApplicationFilterChain.doFilter(ApplicationFilterChain.java:153) ~[tomcat-embed-core-9.0.75.jar:9.0.75]
	at org.springframework.security.web.FilterChainProxy$VirtualFilterChain.doFilter(FilterChainProxy.java:337) ~[spring-security-web-5.7.8.jar:5.7.8]
	at org.springframework.security.web.access.intercept.FilterSecurityInterceptor.invoke(FilterSecurityInterceptor.java:115) ~[spring-security-web-5.7.8.jar:5.7.8]
	at org.springframework.security.web.access.intercept.FilterSecurityInterceptor.doFilter(FilterSecurityInterceptor.java:81) ~[spring-security-web-5.7.8.jar:5.7.8]
	at org.springframework.security.web.FilterChainProxy$VirtualFilterChain.doFilter(FilterChainProxy.java:346) ~[spring-security-web-5.7.8.jar:5.7.8]
	at org.springframework.security.web.access.ExceptionTranslationFilter.doFilter(ExceptionTranslationFilter.java:122) ~[spring-security-web-5.7.8.jar:5.7.8]
	at org.springframework.security.web.access.ExceptionTranslationFilter.doFilter(ExceptionTranslationFilter.java:116) ~[spring-security-web-5.7.8.jar:5.7.8]
	at org.springframework.security.web.FilterChainProxy$VirtualFilterChain.doFilter(FilterChainProxy.java:346) ~[spring-security-web-5.7.8.jar:5.7.8]
	at org.springframework.security.web.session.SessionManagementFilter.doFilter(SessionManagementFilter.java:126) ~[spring-security-web-5.7.8.jar:5.7.8]
	at org.springframework.security.web.session.SessionManagementFilter.doFilter(SessionManagementFilter.java:81) ~[spring-security-web-5.7.8.jar:5.7.8]
	at org.springframework.security.web.FilterChainProxy$VirtualFilterChain.doFilter(FilterChainProxy.java:346) ~[spring-security-web-5.7.8.jar:5.7.8]
	at org.springframework.security.web.authentication.AnonymousAuthenticationFilter.doFilter(AnonymousAuthenticationFilter.java:109) ~[spring-security-web-5.7.8.jar:5.7.8]
	at org.springframework.security.web.FilterChainProxy$VirtualFilterChain.doFilter(FilterChainProxy.java:346) ~[spring-security-web-5.7.8.jar:5.7.8]
	at org.springframework.security.web.servletapi.SecurityContextHolderAwareRequestFilter.doFilter(SecurityContextHolderAwareRequestFilter.java:149) ~[spring-security-web-5.7.8.jar:5.7.8]
	at org.springframework.security.web.FilterChainProxy$VirtualFilterChain.doFilter(FilterChainProxy.java:346) ~[spring-security-web-5.7.8.jar:5.7.8]
	at org.springframework.security.web.savedrequest.RequestCacheAwareFilter.doFilter(RequestCacheAwareFilter.java:63) ~[spring-security-web-5.7.8.jar:5.7.8]
	at org.springframework.security.web.FilterChainProxy$VirtualFilterChain.doFilter(FilterChainProxy.java:346) ~[spring-security-web-5.7.8.jar:5.7.8]
	at org.springframework.security.web.authentication.AbstractAuthenticationProcessingFilter.doFilter(AbstractAuthenticationProcessingFilter.java:223) ~[spring-security-web-5.7.8.jar:5.7.8]
	at org.springframework.security.web.authentication.AbstractAuthenticationProcessingFilter.doFilter(AbstractAuthenticationProcessingFilter.java:217) ~[spring-security-web-5.7.8.jar:5.7.8]
	at org.springframework.security.web.FilterChainProxy$VirtualFilterChain.doFilter(FilterChainProxy.java:346) ~[spring-security-web-5.7.8.jar:5.7.8]
	at org.springframework.security.web.authentication.logout.LogoutFilter.doFilter(LogoutFilter.java:103) ~[spring-security-web-5.7.8.jar:5.7.8]
	at org.springframework.security.web.authentication.logout.LogoutFilter.doFilter(LogoutFilter.java:89) ~[spring-security-web-5.7.8.jar:5.7.8]
	at org.springframework.security.web.FilterChainProxy$VirtualFilterChain.doFilter(FilterChainProxy.java:346) ~[spring-security-web-5.7.8.jar:5.7.8]
	at org.springframework.security.web.header.HeaderWriterFilter.doHeadersAfter(HeaderWriterFilter.java:90) ~[spring-security-web-5.7.8.jar:5.7.8]
	at org.springframework.security.web.header.HeaderWriterFilter.doFilterInternal(HeaderWriterFilter.java:75) ~[spring-security-web-5.7.8.jar:5.7.8]
	at org.springframework.web.filter.OncePerRequestFilter.doFilter(OncePerRequestFilter.java:117) ~[spring-web-5.3.27.jar:5.3.27]
	at org.springframework.security.web.FilterChainProxy$VirtualFilterChain.doFilter(FilterChainProxy.java:346) ~[spring-security-web-5.7.8.jar:5.7.8]
	at org.springframework.security.web.context.SecurityContextPersistenceFilter.doFilter(SecurityContextPersistenceFilter.java:112) ~[spring-security-web-5.7.8.jar:5.7.8]
	at org.springframework.security.web.context.SecurityContextPersistenceFilter.doFilter(SecurityContextPersistenceFilter.java:82) ~[spring-security-web-5.7.8.jar:5.7.8]
	at org.springframework.security.web.FilterChainProxy$VirtualFilterChain.doFilter(FilterChainProxy.java:346) ~[spring-security-web-5.7.8.jar:5.7.8]
	at org.springframework.security.web.context.request.async.WebAsyncManagerIntegrationFilter.doFilterInternal(WebAsyncManagerIntegrationFilter.java:55) ~[spring-security-web-5.7.8.jar:5.7.8]
	at org.springframework.web.filter.OncePerRequestFilter.doFilter(OncePerRequestFilter.java:117) ~[spring-web-5.3.27.jar:5.3.27]
	at org.springframework.security.web.FilterChainProxy$VirtualFilterChain.doFilter(FilterChainProxy.java:346) ~[spring-security-web-5.7.8.jar:5.7.8]
	at org.springframework.security.web.session.DisableEncodeUrlFilter.doFilterInternal(DisableEncodeUrlFilter.java:42) ~[spring-security-web-5.7.8.jar:5.7.8]
	at org.springframework.web.filter.OncePerRequestFilter.doFilter(OncePerRequestFilter.java:117) ~[spring-web-5.3.27.jar:5.3.27]
	at org.springframework.security.web.FilterChainProxy$VirtualFilterChain.doFilter(FilterChainProxy.java:346) ~[spring-security-web-5.7.8.jar:5.7.8]
	at org.springframework.security.web.FilterChainProxy.doFilterInternal(FilterChainProxy.java:221) ~[spring-security-web-5.7.8.jar:5.7.8]
	at org.springframework.security.web.FilterChainProxy.doFilter(FilterChainProxy.java:186) ~[spring-security-web-5.7.8.jar:5.7.8]
	at org.springframework.web.filter.DelegatingFilterProxy.invokeDelegate(DelegatingFilterProxy.java:354) ~[spring-web-5.3.27.jar:5.3.27]
	at org.springframework.web.filter.DelegatingFilterProxy.doFilter(DelegatingFilterProxy.java:267) ~[spring-web-5.3.27.jar:5.3.27]
	at org.apache.catalina.core.ApplicationFilterChain.internalDoFilter(ApplicationFilterChain.java:178) ~[tomcat-embed-core-9.0.75.jar:9.0.75]
	at org.apache.catalina.core.ApplicationFilterChain.doFilter(ApplicationFilterChain.java:153) ~[tomcat-embed-core-9.0.75.jar:9.0.75]
	at org.springframework.web.filter.RequestContextFilter.doFilterInternal(RequestContextFilter.java:100) ~[spring-web-5.3.27.jar:5.3.27]
	at org.springframework.web.filter.OncePerRequestFilter.doFilter(OncePerRequestFilter.java:117) ~[spring-web-5.3.27.jar:5.3.27]
	at org.apache.catalina.core.ApplicationFilterChain.internalDoFilter(ApplicationFilterChain.java:178) ~[tomcat-embed-core-9.0.75.jar:9.0.75]
	at org.apache.catalina.core.ApplicationFilterChain.doFilter(ApplicationFilterChain.java:153) ~[tomcat-embed-core-9.0.75.jar:9.0.75]
	at org.springframework.web.filter.FormContentFilter.doFilterInternal(FormContentFilter.java:93) ~[spring-web-5.3.27.jar:5.3.27]
	at org.springframework.web.filter.OncePerRequestFilter.doFilter(OncePerRequestFilter.java:117) ~[spring-web-5.3.27.jar:5.3.27]
	at org.apache.catalina.core.ApplicationFilterChain.internalDoFilter(ApplicationFilterChain.java:178) ~[tomcat-embed-core-9.0.75.jar:9.0.75]
	at org.apache.catalina.core.ApplicationFilterChain.doFilter(ApplicationFilterChain.java:153) ~[tomcat-embed-core-9.0.75.jar:9.0.75]
	at org.springframework.web.filter.CharacterEncodingFilter.doFilterInternal(CharacterEncodingFilter.java:201) ~[spring-web-5.3.27.jar:5.3.27]
	at org.springframework.web.filter.OncePerRequestFilter.doFilter(OncePerRequestFilter.java:117) ~[spring-web-5.3.27.jar:5.3.27]
	at org.apache.catalina.core.ApplicationFilterChain.internalDoFilter(ApplicationFilterChain.java:178) ~[tomcat-embed-core-9.0.75.jar:9.0.75]
	at org.apache.catalina.core.ApplicationFilterChain.doFilter(ApplicationFilterChain.java:153) ~[tomcat-embed-core-9.0.75.jar:9.0.75]
	at org.apache.catalina.core.StandardWrapperValve.invoke(StandardWrapperValve.java:167) ~[tomcat-embed-core-9.0.75.jar:9.0.75]
	at org.apache.catalina.core.StandardContextValve.invoke(StandardContextValve.java:90) ~[tomcat-embed-core-9.0.75.jar:9.0.75]
	at org.apache.catalina.authenticator.AuthenticatorBase.invoke(AuthenticatorBase.java:481) ~[tomcat-embed-core-9.0.75.jar:9.0.75]
	at org.apache.catalina.core.StandardHostValve.invoke(StandardHostValve.java:130) ~[tomcat-embed-core-9.0.75.jar:9.0.75]
	at org.apache.catalina.valves.ErrorReportValve.invoke(ErrorReportValve.java:93) ~[tomcat-embed-core-9.0.75.jar:9.0.75]
	at org.apache.catalina.core.StandardEngineValve.invoke(StandardEngineValve.java:74) ~[tomcat-embed-core-9.0.75.jar:9.0.75]
	at org.apache.catalina.connector.CoyoteAdapter.service(CoyoteAdapter.java:343) ~[tomcat-embed-core-9.0.75.jar:9.0.75]
	at org.apache.coyote.http11.Http11Processor.service(Http11Processor.java:390) ~[tomcat-embed-core-9.0.75.jar:9.0.75]
	at org.apache.coyote.AbstractProcessorLight.process(AbstractProcessorLight.java:63) ~[tomcat-embed-core-9.0.75.jar:9.0.75]
	at org.apache.coyote.AbstractProtocol$ConnectionHandler.process(AbstractProtocol.java:926) ~[tomcat-embed-core-9.0.75.jar:9.0.75]
	at org.apache.tomcat.util.net.NioEndpoint$SocketProcessor.doRun(NioEndpoint.java:1791) ~[tomcat-embed-core-9.0.75.jar:9.0.75]
	at org.apache.tomcat.util.net.SocketProcessorBase.run(SocketProcessorBase.java:52) ~[tomcat-embed-core-9.0.75.jar:9.0.75]
	at org.apache.tomcat.util.threads.ThreadPoolExecutor.runWorker(ThreadPoolExecutor.java:1191) ~[tomcat-embed-core-9.0.75.jar:9.0.75]
	at org.apache.tomcat.util.threads.ThreadPoolExecutor$Worker.run(ThreadPoolExecutor.java:659) ~[tomcat-embed-core-9.0.75.jar:9.0.75]
	at org.apache.tomcat.util.threads.TaskThread$WrappingRunnable.run(TaskThread.java:61) ~[tomcat-embed-core-9.0.75.jar:9.0.75]
	at java.lang.Thread.run(Thread.java:834) ~[?:?]
Caused by: org.attoparser.ParseException: Exception evaluating SpringEL expression: "sList.siteNum < 50000 && sList.siteNum > 40000" (template: "layout/header" - line 120, col 49)
	at org.attoparser.MarkupParser.parseDocument(MarkupParser.java:393) ~[attoparser-2.0.5.RELEASE.jar:2.0.5.RELEASE]
	at org.attoparser.MarkupParser.parse(MarkupParser.java:257) ~[attoparser-2.0.5.RELEASE.jar:2.0.5.RELEASE]
	at org.thymeleaf.templateparser.markup.AbstractMarkupTemplateParser.parse(AbstractMarkupTemplateParser.java:230) ~[thymeleaf-3.0.15.RELEASE.jar:3.0.15.RELEASE]
	... 89 more
Caused by: org.thymeleaf.exceptions.TemplateProcessingException: Exception evaluating SpringEL expression: "sList.siteNum < 50000 && sList.siteNum > 40000" (template: "layout/header" - line 120, col 49)
	at org.thymeleaf.spring5.expression.SPELVariableExpressionEvaluator.evaluate(SPELVariableExpressionEvaluator.java:292) ~[thymeleaf-spring5-3.0.15.RELEASE.jar:3.0.15.RELEASE]
	at org.thymeleaf.standard.expression.VariableExpression.executeVariableExpression(VariableExpression.java:166) ~[thymeleaf-3.0.15.RELEASE.jar:3.0.15.RELEASE]
	at org.thymeleaf.standard.expression.SimpleExpression.executeSimple(SimpleExpression.java:66) ~[thymeleaf-3.0.15.RELEASE.jar:3.0.15.RELEASE]
	at org.thymeleaf.standard.expression.Expression.execute(Expression.java:109) ~[thymeleaf-3.0.15.RELEASE.jar:3.0.15.RELEASE]
	at org.thymeleaf.standard.expression.Expression.execute(Expression.java:138) ~[thymeleaf-3.0.15.RELEASE.jar:3.0.15.RELEASE]
	at org.thymeleaf.standard.expression.Expression.execute(Expression.java:125) ~[thymeleaf-3.0.15.RELEASE.jar:3.0.15.RELEASE]
	at org.thymeleaf.standard.processor.StandardIfTagProcessor.isVisible(StandardIfTagProcessor.java:59) ~[thymeleaf-3.0.15.RELEASE.jar:3.0.15.RELEASE]
	at org.thymeleaf.standard.processor.AbstractStandardConditionalVisibilityTagProcessor.doProcess(AbstractStandardConditionalVisibilityTagProcessor.java:61) ~[thymeleaf-3.0.15.RELEASE.jar:3.0.15.RELEASE]
	at org.thymeleaf.processor.element.AbstractAttributeTagProcessor.doProcess(AbstractAttributeTagProcessor.java:74) ~[thymeleaf-3.0.15.RELEASE.jar:3.0.15.RELEASE]
	at org.thymeleaf.processor.element.AbstractElementTagProcessor.process(AbstractElementTagProcessor.java:95) ~[thymeleaf-3.0.15.RELEASE.jar:3.0.15.RELEASE]
	at org.thymeleaf.util.ProcessorConfigurationUtils$ElementTagProcessorWrapper.process(ProcessorConfigurationUtils.java:633) ~[thymeleaf-3.0.15.RELEASE.jar:3.0.15.RELEASE]
	at org.thymeleaf.engine.ProcessorTemplateHandler.handleOpenElement(ProcessorTemplateHandler.java:1314) ~[thymeleaf-3.0.15.RELEASE.jar:3.0.15.RELEASE]
	at org.thymeleaf.engine.OpenElementTag.beHandled(OpenElementTag.java:205) ~[thymeleaf-3.0.15.RELEASE.jar:3.0.15.RELEASE]
	at org.thymeleaf.engine.Model.process(Model.java:282) ~[thymeleaf-3.0.15.RELEASE.jar:3.0.15.RELEASE]
	at org.thymeleaf.engine.Model.process(Model.java:290) ~[thymeleaf-3.0.15.RELEASE.jar:3.0.15.RELEASE]
	at org.thymeleaf.engine.IteratedGatheringModelProcessable.processIterationModel(IteratedGatheringModelProcessable.java:367) ~[thymeleaf-3.0.15.RELEASE.jar:3.0.15.RELEASE]
	at org.thymeleaf.engine.IteratedGatheringModelProcessable.process(IteratedGatheringModelProcessable.java:221) ~[thymeleaf-3.0.15.RELEASE.jar:3.0.15.RELEASE]
	at org.thymeleaf.engine.ProcessorTemplateHandler.handleCloseElement(ProcessorTemplateHandler.java:1640) ~[thymeleaf-3.0.15.RELEASE.jar:3.0.15.RELEASE]
	at org.thymeleaf.engine.CloseElementTag.beHandled(CloseElementTag.java:139) ~[thymeleaf-3.0.15.RELEASE.jar:3.0.15.RELEASE]
	at org.thymeleaf.engine.Model.process(Model.java:282) ~[thymeleaf-3.0.15.RELEASE.jar:3.0.15.RELEASE]
	at org.thymeleaf.engine.Model.process(Model.java:290) ~[thymeleaf-3.0.15.RELEASE.jar:3.0.15.RELEASE]
	at org.thymeleaf.engine.IteratedGatheringModelProcessable.processIterationModel(IteratedGatheringModelProcessable.java:367) ~[thymeleaf-3.0.15.RELEASE.jar:3.0.15.RELEASE]
	at org.thymeleaf.engine.IteratedGatheringModelProcessable.process(IteratedGatheringModelProcessable.java:293) ~[thymeleaf-3.0.15.RELEASE.jar:3.0.15.RELEASE]
	at org.thymeleaf.engine.ProcessorTemplateHandler.handleCloseElement(ProcessorTemplateHandler.java:1640) ~[thymeleaf-3.0.15.RELEASE.jar:3.0.15.RELEASE]
	at org.thymeleaf.engine.CloseElementTag.beHandled(CloseElementTag.java:139) ~[thymeleaf-3.0.15.RELEASE.jar:3.0.15.RELEASE]
	at org.thymeleaf.engine.Model.process(Model.java:282) ~[thymeleaf-3.0.15.RELEASE.jar:3.0.15.RELEASE]
	at org.thymeleaf.engine.ProcessorTemplateHandler.handleOpenElement(ProcessorTemplateHandler.java:1587) ~[thymeleaf-3.0.15.RELEASE.jar:3.0.15.RELEASE]
	at org.thymeleaf.engine.OpenElementTag.beHandled(OpenElementTag.java:205) ~[thymeleaf-3.0.15.RELEASE.jar:3.0.15.RELEASE]
	at org.thymeleaf.engine.Model.process(Model.java:282) ~[thymeleaf-3.0.15.RELEASE.jar:3.0.15.RELEASE]
	at org.thymeleaf.engine.ProcessorTemplateHandler.handleOpenElement(ProcessorTemplateHandler.java:1587) ~[thymeleaf-3.0.15.RELEASE.jar:3.0.15.RELEASE]
	at org.thymeleaf.engine.OpenElementTag.beHandled(OpenElementTag.java:205) ~[thymeleaf-3.0.15.RELEASE.jar:3.0.15.RELEASE]
	at org.thymeleaf.engine.Model.process(Model.java:282) ~[thymeleaf-3.0.15.RELEASE.jar:3.0.15.RELEASE]
	at org.thymeleaf.engine.Model.process(Model.java:290) ~[thymeleaf-3.0.15.RELEASE.jar:3.0.15.RELEASE]
	at org.thymeleaf.engine.GatheringModelProcessable.process(GatheringModelProcessable.java:78) ~[thymeleaf-3.0.15.RELEASE.jar:3.0.15.RELEASE]
	at org.thymeleaf.engine.ProcessorTemplateHandler.handleCloseElement(ProcessorTemplateHandler.java:1640) ~[thymeleaf-3.0.15.RELEASE.jar:3.0.15.RELEASE]
	at org.thymeleaf.engine.TemplateHandlerAdapterMarkupHandler.handleCloseElementEnd(TemplateHandlerAdapterMarkupHandler.java:388) ~[thymeleaf-3.0.15.RELEASE.jar:3.0.15.RELEASE]
	at org.thymeleaf.templateparser.markup.InlinedOutputExpressionMarkupHandler$InlineMarkupAdapterPreProcessorHandler.handleCloseElementEnd(InlinedOutputExpressionMarkupHandler.java:322) ~[thymeleaf-3.0.15.RELEASE.jar:3.0.15.RELEASE]
	at org.thymeleaf.standard.inline.OutputExpressionInlinePreProcessorHandler.handleCloseElementEnd(OutputExpressionInlinePreProcessorHandler.java:220) ~[thymeleaf-3.0.15.RELEASE.jar:3.0.15.RELEASE]
	at org.thymeleaf.templateparser.markup.InlinedOutputExpressionMarkupHandler.handleCloseElementEnd(InlinedOutputExpressionMarkupHandler.java:164) ~[thymeleaf-3.0.15.RELEASE.jar:3.0.15.RELEASE]
	at org.attoparser.HtmlElement.handleCloseElementEnd(HtmlElement.java:169) ~[attoparser-2.0.5.RELEASE.jar:2.0.5.RELEASE]
	at org.attoparser.HtmlMarkupHandler.handleCloseElementEnd(HtmlMarkupHandler.java:412) ~[attoparser-2.0.5.RELEASE.jar:2.0.5.RELEASE]
	at org.attoparser.MarkupEventProcessorHandler.handleCloseElementEnd(MarkupEventProcessorHandler.java:473) ~[attoparser-2.0.5.RELEASE.jar:2.0.5.RELEASE]
	at org.attoparser.ParsingElementMarkupUtil.parseCloseElement(ParsingElementMarkupUtil.java:201) ~[attoparser-2.0.5.RELEASE.jar:2.0.5.RELEASE]
	at org.attoparser.MarkupParser.parseBuffer(MarkupParser.java:725) ~[attoparser-2.0.5.RELEASE.jar:2.0.5.RELEASE]
	at org.attoparser.MarkupParser.parseDocument(MarkupParser.java:301) ~[attoparser-2.0.5.RELEASE.jar:2.0.5.RELEASE]
	at org.attoparser.MarkupParser.parse(MarkupParser.java:257) ~[attoparser-2.0.5.RELEASE.jar:2.0.5.RELEASE]
	at org.thymeleaf.templateparser.markup.AbstractMarkupTemplateParser.parse(AbstractMarkupTemplateParser.java:230) ~[thymeleaf-3.0.15.RELEASE.jar:3.0.15.RELEASE]
	... 89 more
Caused by: org.springframework.expression.spel.SpelEvaluationException: EL1013E: Cannot compare instances of class java.lang.String and class java.lang.Integer
	at org.springframework.expression.spel.support.StandardTypeComparator.compare(StandardTypeComparator.java:109) ~[spring-expression-5.3.27.jar:5.3.27]
	at org.springframework.expression.spel.ast.OpLT.getValueInternal(OpLT.java:96) ~[spring-expression-5.3.27.jar:5.3.27]
	at org.springframework.expression.spel.ast.OpLT.getValueInternal(OpLT.java:37) ~[spring-expression-5.3.27.jar:5.3.27]
	at org.springframework.expression.spel.ast.SpelNodeImpl.getValue(SpelNodeImpl.java:212) ~[spring-expression-5.3.27.jar:5.3.27]
	at org.springframework.expression.spel.ast.OpAnd.getBooleanValue(OpAnd.java:57) ~[spring-expression-5.3.27.jar:5.3.27]
	at org.springframework.expression.spel.ast.OpAnd.getValueInternal(OpAnd.java:48) ~[spring-expression-5.3.27.jar:5.3.27]
	at org.springframework.expression.spel.ast.SpelNodeImpl.getValue(SpelNodeImpl.java:114) ~[spring-expression-5.3.27.jar:5.3.27]
	at org.springframework.expression.spel.standard.SpelExpression.getValue(SpelExpression.java:338) ~[spring-expression-5.3.27.jar:5.3.27]
	at org.thymeleaf.spring5.expression.SPELVariableExpressionEvaluator.evaluate(SPELVariableExpressionEvaluator.java:265) ~[thymeleaf-spring5-3.0.15.RELEASE.jar:3.0.15.RELEASE]
	at org.thymeleaf.standard.expression.VariableExpression.executeVariableExpression(VariableExpression.java:166) ~[thymeleaf-3.0.15.RELEASE.jar:3.0.15.RELEASE]
	at org.thymeleaf.standard.expression.SimpleExpression.executeSimple(SimpleExpression.java:66) ~[thymeleaf-3.0.15.RELEASE.jar:3.0.15.RELEASE]
	at org.thymeleaf.standard.expression.Expression.execute(Expression.java:109) ~[thymeleaf-3.0.15.RELEASE.jar:3.0.15.RELEASE]
	at org.thymeleaf.standard.expression.Expression.execute(Expression.java:138) ~[thymeleaf-3.0.15.RELEASE.jar:3.0.15.RELEASE]
	at org.thymeleaf.standard.expression.Expression.execute(Expression.java:125) ~[thymeleaf-3.0.15.RELEASE.jar:3.0.15.RELEASE]
	at org.thymeleaf.standard.processor.StandardIfTagProcessor.isVisible(StandardIfTagProcessor.java:59) ~[thymeleaf-3.0.15.RELEASE.jar:3.0.15.RELEASE]
	at org.thymeleaf.standard.processor.AbstractStandardConditionalVisibilityTagProcessor.doProcess(AbstractStandardConditionalVisibilityTagProcessor.java:61) ~[thymeleaf-3.0.15.RELEASE.jar:3.0.15.RELEASE]
	at org.thymeleaf.processor.element.AbstractAttributeTagProcessor.doProcess(AbstractAttributeTagProcessor.java:74) ~[thymeleaf-3.0.15.RELEASE.jar:3.0.15.RELEASE]
	at org.thymeleaf.processor.element.AbstractElementTagProcessor.process(AbstractElementTagProcessor.java:95) ~[thymeleaf-3.0.15.RELEASE.jar:3.0.15.RELEASE]
	at org.thymeleaf.util.ProcessorConfigurationUtils$ElementTagProcessorWrapper.process(ProcessorConfigurationUtils.java:633) ~[thymeleaf-3.0.15.RELEASE.jar:3.0.15.RELEASE]
	at org.thymeleaf.engine.ProcessorTemplateHandler.handleOpenElement(ProcessorTemplateHandler.java:1314) ~[thymeleaf-3.0.15.RELEASE.jar:3.0.15.RELEASE]
	at org.thymeleaf.engine.OpenElementTag.beHandled(OpenElementTag.java:205) ~[thymeleaf-3.0.15.RELEASE.jar:3.0.15.RELEASE]
	at org.thymeleaf.engine.Model.process(Model.java:282) ~[thymeleaf-3.0.15.RELEASE.jar:3.0.15.RELEASE]
	at org.thymeleaf.engine.Model.process(Model.java:290) ~[thymeleaf-3.0.15.RELEASE.jar:3.0.15.RELEASE]
	at org.thymeleaf.engine.IteratedGatheringModelProcessable.processIterationModel(IteratedGatheringModelProcessable.java:367) ~[thymeleaf-3.0.15.RELEASE.jar:3.0.15.RELEASE]
	at org.thymeleaf.engine.IteratedGatheringModelProcessable.process(IteratedGatheringModelProcessable.java:221) ~[thymeleaf-3.0.15.RELEASE.jar:3.0.15.RELEASE]
	at org.thymeleaf.engine.ProcessorTemplateHandler.handleCloseElement(ProcessorTemplateHandler.java:1640) ~[thymeleaf-3.0.15.RELEASE.jar:3.0.15.RELEASE]
	at org.thymeleaf.engine.CloseElementTag.beHandled(CloseElementTag.java:139) ~[thymeleaf-3.0.15.RELEASE.jar:3.0.15.RELEASE]
	at org.thymeleaf.engine.Model.process(Model.java:282) ~[thymeleaf-3.0.15.RELEASE.jar:3.0.15.RELEASE]
	at org.thymeleaf.engine.Model.process(Model.java:290) ~[thymeleaf-3.0.15.RELEASE.jar:3.0.15.RELEASE]
	at org.thymeleaf.engine.IteratedGatheringModelProcessable.processIterationModel(IteratedGatheringModelProcessable.java:367) ~[thymeleaf-3.0.15.RELEASE.jar:3.0.15.RELEASE]
	at org.thymeleaf.engine.IteratedGatheringModelProcessable.process(IteratedGatheringModelProcessable.java:293) ~[thymeleaf-3.0.15.RELEASE.jar:3.0.15.RELEASE]
	at org.thymeleaf.engine.ProcessorTemplateHandler.handleCloseElement(ProcessorTemplateHandler.java:1640) ~[thymeleaf-3.0.15.RELEASE.jar:3.0.15.RELEASE]
	at org.thymeleaf.engine.CloseElementTag.beHandled(CloseElementTag.java:139) ~[thymeleaf-3.0.15.RELEASE.jar:3.0.15.RELEASE]
	at org.thymeleaf.engine.Model.process(Model.java:282) ~[thymeleaf-3.0.15.RELEASE.jar:3.0.15.RELEASE]
	at org.thymeleaf.engine.ProcessorTemplateHandler.handleOpenElement(ProcessorTemplateHandler.java:1587) ~[thymeleaf-3.0.15.RELEASE.jar:3.0.15.RELEASE]
	at org.thymeleaf.engine.OpenElementTag.beHandled(OpenElementTag.java:205) ~[thymeleaf-3.0.15.RELEASE.jar:3.0.15.RELEASE]
	at org.thymeleaf.engine.Model.process(Model.java:282) ~[thymeleaf-3.0.15.RELEASE.jar:3.0.15.RELEASE]
	at org.thymeleaf.engine.ProcessorTemplateHandler.handleOpenElement(ProcessorTemplateHandler.java:1587) ~[thymeleaf-3.0.15.RELEASE.jar:3.0.15.RELEASE]
	at org.thymeleaf.engine.OpenElementTag.beHandled(OpenElementTag.java:205) ~[thymeleaf-3.0.15.RELEASE.jar:3.0.15.RELEASE]
	at org.thymeleaf.engine.Model.process(Model.java:282) ~[thymeleaf-3.0.15.RELEASE.jar:3.0.15.RELEASE]
	at org.thymeleaf.engine.Model.process(Model.java:290) ~[thymeleaf-3.0.15.RELEASE.jar:3.0.15.RELEASE]
	at org.thymeleaf.engine.GatheringModelProcessable.process(GatheringModelProcessable.java:78) ~[thymeleaf-3.0.15.RELEASE.jar:3.0.15.RELEASE]
	at org.thymeleaf.engine.ProcessorTemplateHandler.handleCloseElement(ProcessorTemplateHandler.java:1640) ~[thymeleaf-3.0.15.RELEASE.jar:3.0.15.RELEASE]
	at org.thymeleaf.engine.TemplateHandlerAdapterMarkupHandler.handleCloseElementEnd(TemplateHandlerAdapterMarkupHandler.java:388) ~[thymeleaf-3.0.15.RELEASE.jar:3.0.15.RELEASE]
	at org.thymeleaf.templateparser.markup.InlinedOutputExpressionMarkupHandler$InlineMarkupAdapterPreProcessorHandler.handleCloseElementEnd(InlinedOutputExpressionMarkupHandler.java:322) ~[thymeleaf-3.0.15.RELEASE.jar:3.0.15.RELEASE]
	at org.thymeleaf.standard.inline.OutputExpressionInlinePreProcessorHandler.handleCloseElementEnd(OutputExpressionInlinePreProcessorHandler.java:220) ~[thymeleaf-3.0.15.RELEASE.jar:3.0.15.RELEASE]
	at org.thymeleaf.templateparser.markup.InlinedOutputExpressionMarkupHandler.handleCloseElementEnd(InlinedOutputExpressionMarkupHandler.java:164) ~[thymeleaf-3.0.15.RELEASE.jar:3.0.15.RELEASE]
	at org.attoparser.HtmlElement.handleCloseElementEnd(HtmlElement.java:169) ~[attoparser-2.0.5.RELEASE.jar:2.0.5.RELEASE]
	at org.attoparser.HtmlMarkupHandler.handleCloseElementEnd(HtmlMarkupHandler.java:412) ~[attoparser-2.0.5.RELEASE.jar:2.0.5.RELEASE]
	at org.attoparser.MarkupEventProcessorHandler.handleCloseElementEnd(MarkupEventProcessorHandler.java:473) ~[attoparser-2.0.5.RELEASE.jar:2.0.5.RELEASE]
	at org.attoparser.ParsingElementMarkupUtil.parseCloseElement(ParsingElementMarkupUtil.java:201) ~[attoparser-2.0.5.RELEASE.jar:2.0.5.RELEASE]
	at org.attoparser.MarkupParser.parseBuffer(MarkupParser.java:725) ~[attoparser-2.0.5.RELEASE.jar:2.0.5.RELEASE]
	at org.attoparser.MarkupParser.parseDocument(MarkupParser.java:301) ~[attoparser-2.0.5.RELEASE.jar:2.0.5.RELEASE]
	at org.attoparser.MarkupParser.parse(MarkupParser.java:257) ~[attoparser-2.0.5.RELEASE.jar:2.0.5.RELEASE]
	at org.thymeleaf.templateparser.markup.AbstractMarkupTemplateParser.parse(AbstractMarkupTemplateParser.java:230) ~[thymeleaf-3.0.15.RELEASE.jar:3.0.15.RELEASE]
	... 89 more
Caused by: java.lang.ClassCastException: class java.lang.Integer cannot be cast to class java.lang.String (java.lang.Integer and java.lang.String are in module java.base of loader 'bootstrap')
	at java.lang.String.compareTo(String.java:125) ~[?:?]
	at org.springframework.expression.spel.support.StandardTypeComparator.compare(StandardTypeComparator.java:105) ~[spring-expression-5.3.27.jar:5.3.27]
	at org.springframework.expression.spel.ast.OpLT.getValueInternal(OpLT.java:96) ~[spring-expression-5.3.27.jar:5.3.27]
	at org.springframework.expression.spel.ast.OpLT.getValueInternal(OpLT.java:37) ~[spring-expression-5.3.27.jar:5.3.27]
	at org.springframework.expression.spel.ast.SpelNodeImpl.getValue(SpelNodeImpl.java:212) ~[spring-expression-5.3.27.jar:5.3.27]
	at org.springframework.expression.spel.ast.OpAnd.getBooleanValue(OpAnd.java:57) ~[spring-expression-5.3.27.jar:5.3.27]
	at org.springframework.expression.spel.ast.OpAnd.getValueInternal(OpAnd.java:48) ~[spring-expression-5.3.27.jar:5.3.27]
	at org.springframework.expression.spel.ast.SpelNodeImpl.getValue(SpelNodeImpl.java:114) ~[spring-expression-5.3.27.jar:5.3.27]
	at org.springframework.expression.spel.standard.SpelExpression.getValue(SpelExpression.java:338) ~[spring-expression-5.3.27.jar:5.3.27]
	at org.thymeleaf.spring5.expression.SPELVariableExpressionEvaluator.evaluate(SPELVariableExpressionEvaluator.java:265) ~[thymeleaf-spring5-3.0.15.RELEASE.jar:3.0.15.RELEASE]
	at org.thymeleaf.standard.expression.VariableExpression.executeVariableExpression(VariableExpression.java:166) ~[thymeleaf-3.0.15.RELEASE.jar:3.0.15.RELEASE]
	at org.thymeleaf.standard.expression.SimpleExpression.executeSimple(SimpleExpression.java:66) ~[thymeleaf-3.0.15.RELEASE.jar:3.0.15.RELEASE]
	at org.thymeleaf.standard.expression.Expression.execute(Expression.java:109) ~[thymeleaf-3.0.15.RELEASE.jar:3.0.15.RELEASE]
	at org.thymeleaf.standard.expression.Expression.execute(Expression.java:138) ~[thymeleaf-3.0.15.RELEASE.jar:3.0.15.RELEASE]
	at org.thymeleaf.standard.expression.Expression.execute(Expression.java:125) ~[thymeleaf-3.0.15.RELEASE.jar:3.0.15.RELEASE]
	at org.thymeleaf.standard.processor.StandardIfTagProcessor.isVisible(StandardIfTagProcessor.java:59) ~[thymeleaf-3.0.15.RELEASE.jar:3.0.15.RELEASE]
	at org.thymeleaf.standard.processor.AbstractStandardConditionalVisibilityTagProcessor.doProcess(AbstractStandardConditionalVisibilityTagProcessor.java:61) ~[thymeleaf-3.0.15.RELEASE.jar:3.0.15.RELEASE]
	at org.thymeleaf.processor.element.AbstractAttributeTagProcessor.doProcess(AbstractAttributeTagProcessor.java:74) ~[thymeleaf-3.0.15.RELEASE.jar:3.0.15.RELEASE]
	at org.thymeleaf.processor.element.AbstractElementTagProcessor.process(AbstractElementTagProcessor.java:95) ~[thymeleaf-3.0.15.RELEASE.jar:3.0.15.RELEASE]
	at org.thymeleaf.util.ProcessorConfigurationUtils$ElementTagProcessorWrapper.process(ProcessorConfigurationUtils.java:633) ~[thymeleaf-3.0.15.RELEASE.jar:3.0.15.RELEASE]
	at org.thymeleaf.engine.ProcessorTemplateHandler.handleOpenElement(ProcessorTemplateHandler.java:1314) ~[thymeleaf-3.0.15.RELEASE.jar:3.0.15.RELEASE]
	at org.thymeleaf.engine.OpenElementTag.beHandled(OpenElementTag.java:205) ~[thymeleaf-3.0.15.RELEASE.jar:3.0.15.RELEASE]
	at org.thymeleaf.engine.Model.process(Model.java:282) ~[thymeleaf-3.0.15.RELEASE.jar:3.0.15.RELEASE]
	at org.thymeleaf.engine.Model.process(Model.java:290) ~[thymeleaf-3.0.15.RELEASE.jar:3.0.15.RELEASE]
	at org.thymeleaf.engine.IteratedGatheringModelProcessable.processIterationModel(IteratedGatheringModelProcessable.java:367) ~[thymeleaf-3.0.15.RELEASE.jar:3.0.15.RELEASE]
	at org.thymeleaf.engine.IteratedGatheringModelProcessable.process(IteratedGatheringModelProcessable.java:221) ~[thymeleaf-3.0.15.RELEASE.jar:3.0.15.RELEASE]
	at org.thymeleaf.engine.ProcessorTemplateHandler.handleCloseElement(ProcessorTemplateHandler.java:1640) ~[thymeleaf-3.0.15.RELEASE.jar:3.0.15.RELEASE]
	at org.thymeleaf.engine.CloseElementTag.beHandled(CloseElementTag.java:139) ~[thymeleaf-3.0.15.RELEASE.jar:3.0.15.RELEASE]
	at org.thymeleaf.engine.Model.process(Model.java:282) ~[thymeleaf-3.0.15.RELEASE.jar:3.0.15.RELEASE]
	at org.thymeleaf.engine.Model.process(Model.java:290) ~[thymeleaf-3.0.15.RELEASE.jar:3.0.15.RELEASE]
	at org.thymeleaf.engine.IteratedGatheringModelProcessable.processIterationModel(IteratedGatheringModelProcessable.java:367) ~[thymeleaf-3.0.15.RELEASE.jar:3.0.15.RELEASE]
	at org.thymeleaf.engine.IteratedGatheringModelProcessable.process(IteratedGatheringModelProcessable.java:293) ~[thymeleaf-3.0.15.RELEASE.jar:3.0.15.RELEASE]
	at org.thymeleaf.engine.ProcessorTemplateHandler.handleCloseElement(ProcessorTemplateHandler.java:1640) ~[thymeleaf-3.0.15.RELEASE.jar:3.0.15.RELEASE]
	at org.thymeleaf.engine.CloseElementTag.beHandled(CloseElementTag.java:139) ~[thymeleaf-3.0.15.RELEASE.jar:3.0.15.RELEASE]
	at org.thymeleaf.engine.Model.process(Model.java:282) ~[thymeleaf-3.0.15.RELEASE.jar:3.0.15.RELEASE]
	at org.thymeleaf.engine.ProcessorTemplateHandler.handleOpenElement(ProcessorTemplateHandler.java:1587) ~[thymeleaf-3.0.15.RELEASE.jar:3.0.15.RELEASE]
	at org.thymeleaf.engine.OpenElementTag.beHandled(OpenElementTag.java:205) ~[thymeleaf-3.0.15.RELEASE.jar:3.0.15.RELEASE]
	at org.thymeleaf.engine.Model.process(Model.java:282) ~[thymeleaf-3.0.15.RELEASE.jar:3.0.15.RELEASE]
	at org.thymeleaf.engine.ProcessorTemplateHandler.handleOpenElement(ProcessorTemplateHandler.java:1587) ~[thymeleaf-3.0.15.RELEASE.jar:3.0.15.RELEASE]
	at org.thymeleaf.engine.OpenElementTag.beHandled(OpenElementTag.java:205) ~[thymeleaf-3.0.15.RELEASE.jar:3.0.15.RELEASE]
	at org.thymeleaf.engine.Model.process(Model.java:282) ~[thymeleaf-3.0.15.RELEASE.jar:3.0.15.RELEASE]
	at org.thymeleaf.engine.Model.process(Model.java:290) ~[thymeleaf-3.0.15.RELEASE.jar:3.0.15.RELEASE]
	at org.thymeleaf.engine.GatheringModelProcessable.process(GatheringModelProcessable.java:78) ~[thymeleaf-3.0.15.RELEASE.jar:3.0.15.RELEASE]
	at org.thymeleaf.engine.ProcessorTemplateHandler.handleCloseElement(ProcessorTemplateHandler.java:1640) ~[thymeleaf-3.0.15.RELEASE.jar:3.0.15.RELEASE]
	at org.thymeleaf.engine.TemplateHandlerAdapterMarkupHandler.handleCloseElementEnd(TemplateHandlerAdapterMarkupHandler.java:388) ~[thymeleaf-3.0.15.RELEASE.jar:3.0.15.RELEASE]
	at org.thymeleaf.templateparser.markup.InlinedOutputExpressionMarkupHandler$InlineMarkupAdapterPreProcessorHandler.handleCloseElementEnd(InlinedOutputExpressionMarkupHandler.java:322) ~[thymeleaf-3.0.15.RELEASE.jar:3.0.15.RELEASE]
	at org.thymeleaf.standard.inline.OutputExpressionInlinePreProcessorHandler.handleCloseElementEnd(OutputExpressionInlinePreProcessorHandler.java:220) ~[thymeleaf-3.0.15.RELEASE.jar:3.0.15.RELEASE]
	at org.thymeleaf.templateparser.markup.InlinedOutputExpressionMarkupHandler.handleCloseElementEnd(InlinedOutputExpressionMarkupHandler.java:164) ~[thymeleaf-3.0.15.RELEASE.jar:3.0.15.RELEASE]
	at org.attoparser.HtmlElement.handleCloseElementEnd(HtmlElement.java:169) ~[attoparser-2.0.5.RELEASE.jar:2.0.5.RELEASE]
	at org.attoparser.HtmlMarkupHandler.handleCloseElementEnd(HtmlMarkupHandler.java:412) ~[attoparser-2.0.5.RELEASE.jar:2.0.5.RELEASE]
	at org.attoparser.MarkupEventProcessorHandler.handleCloseElementEnd(MarkupEventProcessorHandler.java:473) ~[attoparser-2.0.5.RELEASE.jar:2.0.5.RELEASE]
	at org.attoparser.ParsingElementMarkupUtil.parseCloseElement(ParsingElementMarkupUtil.java:201) ~[attoparser-2.0.5.RELEASE.jar:2.0.5.RELEASE]
	at org.attoparser.MarkupParser.parseBuffer(MarkupParser.java:725) ~[attoparser-2.0.5.RELEASE.jar:2.0.5.RELEASE]
	at org.attoparser.MarkupParser.parseDocument(MarkupParser.java:301) ~[attoparser-2.0.5.RELEASE.jar:2.0.5.RELEASE]
	at org.attoparser.MarkupParser.parse(MarkupParser.java:257) ~[attoparser-2.0.5.RELEASE.jar:2.0.5.RELEASE]
	at org.thymeleaf.templateparser.markup.AbstractMarkupTemplateParser.parse(AbstractMarkupTemplateParser.java:230) ~[thymeleaf-3.0.15.RELEASE.jar:3.0.15.RELEASE]
	... 89 more
2026-06-04 21:30:21.129 [ERROR] Servlet.service() for servlet [dispatcherServlet] in context with path [] threw exception [Request processing failed; nested exception is org.thymeleaf.exceptions.TemplateInputException: An error happened during template parsing (template: "class path resource [templates/views/main/main.html]")] with root cause
java.lang.ClassCastException: class java.lang.Integer cannot be cast to class java.lang.String (java.lang.Integer and java.lang.String are in module java.base of loader 'bootstrap')
	at java.lang.String.compareTo(String.java:125) ~[?:?]
	at org.springframework.expression.spel.support.StandardTypeComparator.compare(StandardTypeComparator.java:105) ~[spring-expression-5.3.27.jar:5.3.27]
	at org.springframework.expression.spel.ast.OpLT.getValueInternal(OpLT.java:96) ~[spring-expression-5.3.27.jar:5.3.27]
	at org.springframework.expression.spel.ast.OpLT.getValueInternal(OpLT.java:37) ~[spring-expression-5.3.27.jar:5.3.27]
	at org.springframework.expression.spel.ast.SpelNodeImpl.getValue(SpelNodeImpl.java:212) ~[spring-expression-5.3.27.jar:5.3.27]
	at org.springframework.expression.spel.ast.OpAnd.getBooleanValue(OpAnd.java:57) ~[spring-expression-5.3.27.jar:5.3.27]
	at org.springframework.expression.spel.ast.OpAnd.getValueInternal(OpAnd.java:48) ~[spring-expression-5.3.27.jar:5.3.27]
	at org.springframework.expression.spel.ast.SpelNodeImpl.getValue(SpelNodeImpl.java:114) ~[spring-expression-5.3.27.jar:5.3.27]
	at org.springframework.expression.spel.standard.SpelExpression.getValue(SpelExpression.java:338) ~[spring-expression-5.3.27.jar:5.3.27]
	at org.thymeleaf.spring5.expression.SPELVariableExpressionEvaluator.evaluate(SPELVariableExpressionEvaluator.java:265) ~[thymeleaf-spring5-3.0.15.RELEASE.jar:3.0.15.RELEASE]
	at org.thymeleaf.standard.expression.VariableExpression.executeVariableExpression(VariableExpression.java:166) ~[thymeleaf-3.0.15.RELEASE.jar:3.0.15.RELEASE]
	at org.thymeleaf.standard.expression.SimpleExpression.executeSimple(SimpleExpression.java:66) ~[thymeleaf-3.0.15.RELEASE.jar:3.0.15.RELEASE]
	at org.thymeleaf.standard.expression.Expression.execute(Expression.java:109) ~[thymeleaf-3.0.15.RELEASE.jar:3.0.15.RELEASE]
	at org.thymeleaf.standard.expression.Expression.execute(Expression.java:138) ~[thymeleaf-3.0.15.RELEASE.jar:3.0.15.RELEASE]
	at org.thymeleaf.standard.expression.Expression.execute(Expression.java:125) ~[thymeleaf-3.0.15.RELEASE.jar:3.0.15.RELEASE]
	at org.thymeleaf.standard.processor.StandardIfTagProcessor.isVisible(StandardIfTagProcessor.java:59) ~[thymeleaf-3.0.15.RELEASE.jar:3.0.15.RELEASE]
	at org.thymeleaf.standard.processor.AbstractStandardConditionalVisibilityTagProcessor.doProcess(AbstractStandardConditionalVisibilityTagProcessor.java:61) ~[thymeleaf-3.0.15.RELEASE.jar:3.0.15.RELEASE]
	at org.thymeleaf.processor.element.AbstractAttributeTagProcessor.doProcess(AbstractAttributeTagProcessor.java:74) ~[thymeleaf-3.0.15.RELEASE.jar:3.0.15.RELEASE]
	at org.thymeleaf.processor.element.AbstractElementTagProcessor.process(AbstractElementTagProcessor.java:95) ~[thymeleaf-3.0.15.RELEASE.jar:3.0.15.RELEASE]
	at org.thymeleaf.util.ProcessorConfigurationUtils$ElementTagProcessorWrapper.process(ProcessorConfigurationUtils.java:633) ~[thymeleaf-3.0.15.RELEASE.jar:3.0.15.RELEASE]
	at org.thymeleaf.engine.ProcessorTemplateHandler.handleOpenElement(ProcessorTemplateHandler.java:1314) ~[thymeleaf-3.0.15.RELEASE.jar:3.0.15.RELEASE]
	at org.thymeleaf.engine.OpenElementTag.beHandled(OpenElementTag.java:205) ~[thymeleaf-3.0.15.RELEASE.jar:3.0.15.RELEASE]
	at org.thymeleaf.engine.Model.process(Model.java:282) ~[thymeleaf-3.0.15.RELEASE.jar:3.0.15.RELEASE]
	at org.thymeleaf.engine.Model.process(Model.java:290) ~[thymeleaf-3.0.15.RELEASE.jar:3.0.15.RELEASE]
	at org.thymeleaf.engine.IteratedGatheringModelProcessable.processIterationModel(IteratedGatheringModelProcessable.java:367) ~[thymeleaf-3.0.15.RELEASE.jar:3.0.15.RELEASE]
	at org.thymeleaf.engine.IteratedGatheringModelProcessable.process(IteratedGatheringModelProcessable.java:221) ~[thymeleaf-3.0.15.RELEASE.jar:3.0.15.RELEASE]
	at org.thymeleaf.engine.ProcessorTemplateHandler.handleCloseElement(ProcessorTemplateHandler.java:1640) ~[thymeleaf-3.0.15.RELEASE.jar:3.0.15.RELEASE]
	at org.thymeleaf.engine.CloseElementTag.beHandled(CloseElementTag.java:139) ~[thymeleaf-3.0.15.RELEASE.jar:3.0.15.RELEASE]
	at org.thymeleaf.engine.Model.process(Model.java:282) ~[thymeleaf-3.0.15.RELEASE.jar:3.0.15.RELEASE]
	at org.thymeleaf.engine.Model.process(Model.java:290) ~[thymeleaf-3.0.15.RELEASE.jar:3.0.15.RELEASE]
	at org.thymeleaf.engine.IteratedGatheringModelProcessable.processIterationModel(IteratedGatheringModelProcessable.java:367) ~[thymeleaf-3.0.15.RELEASE.jar:3.0.15.RELEASE]
	at org.thymeleaf.engine.IteratedGatheringModelProcessable.process(IteratedGatheringModelProcessable.java:293) ~[thymeleaf-3.0.15.RELEASE.jar:3.0.15.RELEASE]
	at org.thymeleaf.engine.ProcessorTemplateHandler.handleCloseElement(ProcessorTemplateHandler.java:1640) ~[thymeleaf-3.0.15.RELEASE.jar:3.0.15.RELEASE]
	at org.thymeleaf.engine.CloseElementTag.beHandled(CloseElementTag.java:139) ~[thymeleaf-3.0.15.RELEASE.jar:3.0.15.RELEASE]
	at org.thymeleaf.engine.Model.process(Model.java:282) ~[thymeleaf-3.0.15.RELEASE.jar:3.0.15.RELEASE]
	at org.thymeleaf.engine.ProcessorTemplateHandler.handleOpenElement(ProcessorTemplateHandler.java:1587) ~[thymeleaf-3.0.15.RELEASE.jar:3.0.15.RELEASE]
	at org.thymeleaf.engine.OpenElementTag.beHandled(OpenElementTag.java:205) ~[thymeleaf-3.0.15.RELEASE.jar:3.0.15.RELEASE]
	at org.thymeleaf.engine.Model.process(Model.java:282) ~[thymeleaf-3.0.15.RELEASE.jar:3.0.15.RELEASE]
	at org.thymeleaf.engine.ProcessorTemplateHandler.handleOpenElement(ProcessorTemplateHandler.java:1587) ~[thymeleaf-3.0.15.RELEASE.jar:3.0.15.RELEASE]
	at org.thymeleaf.engine.OpenElementTag.beHandled(OpenElementTag.java:205) ~[thymeleaf-3.0.15.RELEASE.jar:3.0.15.RELEASE]
	at org.thymeleaf.engine.Model.process(Model.java:282) ~[thymeleaf-3.0.15.RELEASE.jar:3.0.15.RELEASE]
	at org.thymeleaf.engine.Model.process(Model.java:290) ~[thymeleaf-3.0.15.RELEASE.jar:3.0.15.RELEASE]
	at org.thymeleaf.engine.GatheringModelProcessable.process(GatheringModelProcessable.java:78) ~[thymeleaf-3.0.15.RELEASE.jar:3.0.15.RELEASE]
	at org.thymeleaf.engine.ProcessorTemplateHandler.handleCloseElement(ProcessorTemplateHandler.java:1640) ~[thymeleaf-3.0.15.RELEASE.jar:3.0.15.RELEASE]
	at org.thymeleaf.engine.TemplateHandlerAdapterMarkupHandler.handleCloseElementEnd(TemplateHandlerAdapterMarkupHandler.java:388) ~[thymeleaf-3.0.15.RELEASE.jar:3.0.15.RELEASE]
	at org.thymeleaf.templateparser.markup.InlinedOutputExpressionMarkupHandler$InlineMarkupAdapterPreProcessorHandler.handleCloseElementEnd(InlinedOutputExpressionMarkupHandler.java:322) ~[thymeleaf-3.0.15.RELEASE.jar:3.0.15.RELEASE]
	at org.thymeleaf.standard.inline.OutputExpressionInlinePreProcessorHandler.handleCloseElementEnd(OutputExpressionInlinePreProcessorHandler.java:220) ~[thymeleaf-3.0.15.RELEASE.jar:3.0.15.RELEASE]
	at org.thymeleaf.templateparser.markup.InlinedOutputExpressionMarkupHandler.handleCloseElementEnd(InlinedOutputExpressionMarkupHandler.java:164) ~[thymeleaf-3.0.15.RELEASE.jar:3.0.15.RELEASE]
	at org.attoparser.HtmlElement.handleCloseElementEnd(HtmlElement.java:169) ~[attoparser-2.0.5.RELEASE.jar:2.0.5.RELEASE]
	at org.attoparser.HtmlMarkupHandler.handleCloseElementEnd(HtmlMarkupHandler.java:412) ~[attoparser-2.0.5.RELEASE.jar:2.0.5.RELEASE]
	at org.attoparser.MarkupEventProcessorHandler.handleCloseElementEnd(MarkupEventProcessorHandler.java:473) ~[attoparser-2.0.5.RELEASE.jar:2.0.5.RELEASE]
	at org.attoparser.ParsingElementMarkupUtil.parseCloseElement(ParsingElementMarkupUtil.java:201) ~[attoparser-2.0.5.RELEASE.jar:2.0.5.RELEASE]
	at org.attoparser.MarkupParser.parseBuffer(MarkupParser.java:725) ~[attoparser-2.0.5.RELEASE.jar:2.0.5.RELEASE]
	at org.attoparser.MarkupParser.parseDocument(MarkupParser.java:301) ~[attoparser-2.0.5.RELEASE.jar:2.0.5.RELEASE]
	at org.attoparser.MarkupParser.parse(MarkupParser.java:257) ~[attoparser-2.0.5.RELEASE.jar:2.0.5.RELEASE]
	at org.thymeleaf.templateparser.markup.AbstractMarkupTemplateParser.parse(AbstractMarkupTemplateParser.java:230) ~[thymeleaf-3.0.15.RELEASE.jar:3.0.15.RELEASE]
	at org.thymeleaf.templateparser.markup.AbstractMarkupTemplateParser.parseStandalone(AbstractMarkupTemplateParser.java:100) ~[thymeleaf-3.0.15.RELEASE.jar:3.0.15.RELEASE]
	at org.thymeleaf.engine.TemplateManager.parseAndProcess(TemplateManager.java:666) ~[thymeleaf-3.0.15.RELEASE.jar:3.0.15.RELEASE]
	at org.thymeleaf.TemplateEngine.process(TemplateEngine.java:1098) ~[thymeleaf-3.0.15.RELEASE.jar:3.0.15.RELEASE]
	at org.thymeleaf.TemplateEngine.process(TemplateEngine.java:1072) ~[thymeleaf-3.0.15.RELEASE.jar:3.0.15.RELEASE]
	at org.thymeleaf.spring5.view.ThymeleafView.renderFragment(ThymeleafView.java:366) ~[thymeleaf-spring5-3.0.15.RELEASE.jar:3.0.15.RELEASE]
	at org.thymeleaf.spring5.view.ThymeleafView.render(ThymeleafView.java:190) ~[thymeleaf-spring5-3.0.15.RELEASE.jar:3.0.15.RELEASE]
	at org.springframework.web.servlet.DispatcherServlet.render(DispatcherServlet.java:1406) ~[spring-webmvc-5.3.27.jar:5.3.27]
	at org.springframework.web.servlet.DispatcherServlet.processDispatchResult(DispatcherServlet.java:1150) ~[spring-webmvc-5.3.27.jar:5.3.27]
	at org.springframework.web.servlet.DispatcherServlet.doDispatch(DispatcherServlet.java:1089) ~[spring-webmvc-5.3.27.jar:5.3.27]
	at org.springframework.web.servlet.DispatcherServlet.doService(DispatcherServlet.java:965) ~[spring-webmvc-5.3.27.jar:5.3.27]
	at org.springframework.web.servlet.FrameworkServlet.processRequest(FrameworkServlet.java:1006) ~[spring-webmvc-5.3.27.jar:5.3.27]
	at org.springframework.web.servlet.FrameworkServlet.doGet(FrameworkServlet.java:898) ~[spring-webmvc-5.3.27.jar:5.3.27]
	at javax.servlet.http.HttpServlet.service(HttpServlet.java:529) ~[tomcat-embed-core-9.0.75.jar:4.0.FR]
	at org.springframework.web.servlet.FrameworkServlet.service(FrameworkServlet.java:883) ~[spring-webmvc-5.3.27.jar:5.3.27]
	at javax.servlet.http.HttpServlet.service(HttpServlet.java:623) ~[tomcat-embed-core-9.0.75.jar:4.0.FR]
	at org.apache.catalina.core.ApplicationFilterChain.internalDoFilter(ApplicationFilterChain.java:209) ~[tomcat-embed-core-9.0.75.jar:9.0.75]
	at org.apache.catalina.core.ApplicationFilterChain.doFilter(ApplicationFilterChain.java:153) ~[tomcat-embed-core-9.0.75.jar:9.0.75]
	at org.apache.tomcat.websocket.server.WsFilter.doFilter(WsFilter.java:51) ~[tomcat-embed-websocket-9.0.75.jar:9.0.75]
	at org.apache.catalina.core.ApplicationFilterChain.internalDoFilter(ApplicationFilterChain.java:178) ~[tomcat-embed-core-9.0.75.jar:9.0.75]
	at org.apache.catalina.core.ApplicationFilterChain.doFilter(ApplicationFilterChain.java:153) ~[tomcat-embed-core-9.0.75.jar:9.0.75]
	at org.springframework.security.web.FilterChainProxy$VirtualFilterChain.doFilter(FilterChainProxy.java:337) ~[spring-security-web-5.7.8.jar:5.7.8]
	at org.springframework.security.web.access.intercept.FilterSecurityInterceptor.invoke(FilterSecurityInterceptor.java:115) ~[spring-security-web-5.7.8.jar:5.7.8]
	at org.springframework.security.web.access.intercept.FilterSecurityInterceptor.doFilter(FilterSecurityInterceptor.java:81) ~[spring-security-web-5.7.8.jar:5.7.8]
	at org.springframework.security.web.FilterChainProxy$VirtualFilterChain.doFilter(FilterChainProxy.java:346) ~[spring-security-web-5.7.8.jar:5.7.8]
	at org.springframework.security.web.access.ExceptionTranslationFilter.doFilter(ExceptionTranslationFilter.java:122) ~[spring-security-web-5.7.8.jar:5.7.8]
	at org.springframework.security.web.access.ExceptionTranslationFilter.doFilter(ExceptionTranslationFilter.java:116) ~[spring-security-web-5.7.8.jar:5.7.8]
	at org.springframework.security.web.FilterChainProxy$VirtualFilterChain.doFilter(FilterChainProxy.java:346) ~[spring-security-web-5.7.8.jar:5.7.8]
	at org.springframework.security.web.session.SessionManagementFilter.doFilter(SessionManagementFilter.java:126) ~[spring-security-web-5.7.8.jar:5.7.8]
	at org.springframework.security.web.session.SessionManagementFilter.doFilter(SessionManagementFilter.java:81) ~[spring-security-web-5.7.8.jar:5.7.8]
	at org.springframework.security.web.FilterChainProxy$VirtualFilterChain.doFilter(FilterChainProxy.java:346) ~[spring-security-web-5.7.8.jar:5.7.8]
	at org.springframework.security.web.authentication.AnonymousAuthenticationFilter.doFilter(AnonymousAuthenticationFilter.java:109) ~[spring-security-web-5.7.8.jar:5.7.8]
	at org.springframework.security.web.FilterChainProxy$VirtualFilterChain.doFilter(FilterChainProxy.java:346) ~[spring-security-web-5.7.8.jar:5.7.8]
	at org.springframework.security.web.servletapi.SecurityContextHolderAwareRequestFilter.doFilter(SecurityContextHolderAwareRequestFilter.java:149) ~[spring-security-web-5.7.8.jar:5.7.8]
	at org.springframework.security.web.FilterChainProxy$VirtualFilterChain.doFilter(FilterChainProxy.java:346) ~[spring-security-web-5.7.8.jar:5.7.8]
	at org.springframework.security.web.savedrequest.RequestCacheAwareFilter.doFilter(RequestCacheAwareFilter.java:63) ~[spring-security-web-5.7.8.jar:5.7.8]
	at org.springframework.security.web.FilterChainProxy$VirtualFilterChain.doFilter(FilterChainProxy.java:346) ~[spring-security-web-5.7.8.jar:5.7.8]
	at org.springframework.security.web.authentication.AbstractAuthenticationProcessingFilter.doFilter(AbstractAuthenticationProcessingFilter.java:223) ~[spring-security-web-5.7.8.jar:5.7.8]
	at org.springframework.security.web.authentication.AbstractAuthenticationProcessingFilter.doFilter(AbstractAuthenticationProcessingFilter.java:217) ~[spring-security-web-5.7.8.jar:5.7.8]
	at org.springframework.security.web.FilterChainProxy$VirtualFilterChain.doFilter(FilterChainProxy.java:346) ~[spring-security-web-5.7.8.jar:5.7.8]
	at org.springframework.security.web.authentication.logout.LogoutFilter.doFilter(LogoutFilter.java:103) ~[spring-security-web-5.7.8.jar:5.7.8]
	at org.springframework.security.web.authentication.logout.LogoutFilter.doFilter(LogoutFilter.java:89) ~[spring-security-web-5.7.8.jar:5.7.8]
	at org.springframework.security.web.FilterChainProxy$VirtualFilterChain.doFilter(FilterChainProxy.java:346) ~[spring-security-web-5.7.8.jar:5.7.8]
	at org.springframework.security.web.header.HeaderWriterFilter.doHeadersAfter(HeaderWriterFilter.java:90) ~[spring-security-web-5.7.8.jar:5.7.8]
	at org.springframework.security.web.header.HeaderWriterFilter.doFilterInternal(HeaderWriterFilter.java:75) ~[spring-security-web-5.7.8.jar:5.7.8]
	at org.springframework.web.filter.OncePerRequestFilter.doFilter(OncePerRequestFilter.java:117) ~[spring-web-5.3.27.jar:5.3.27]
	at org.springframework.security.web.FilterChainProxy$VirtualFilterChain.doFilter(FilterChainProxy.java:346) ~[spring-security-web-5.7.8.jar:5.7.8]
	at org.springframework.security.web.context.SecurityContextPersistenceFilter.doFilter(SecurityContextPersistenceFilter.java:112) ~[spring-security-web-5.7.8.jar:5.7.8]
	at org.springframework.security.web.context.SecurityContextPersistenceFilter.doFilter(SecurityContextPersistenceFilter.java:82) ~[spring-security-web-5.7.8.jar:5.7.8]
	at org.springframework.security.web.FilterChainProxy$VirtualFilterChain.doFilter(FilterChainProxy.java:346) ~[spring-security-web-5.7.8.jar:5.7.8]
	at org.springframework.security.web.context.request.async.WebAsyncManagerIntegrationFilter.doFilterInternal(WebAsyncManagerIntegrationFilter.java:55) ~[spring-security-web-5.7.8.jar:5.7.8]
	at org.springframework.web.filter.OncePerRequestFilter.doFilter(OncePerRequestFilter.java:117) ~[spring-web-5.3.27.jar:5.3.27]
	at org.springframework.security.web.FilterChainProxy$VirtualFilterChain.doFilter(FilterChainProxy.java:346) ~[spring-security-web-5.7.8.jar:5.7.8]
	at org.springframework.security.web.session.DisableEncodeUrlFilter.doFilterInternal(DisableEncodeUrlFilter.java:42) ~[spring-security-web-5.7.8.jar:5.7.8]
	at org.springframework.web.filter.OncePerRequestFilter.doFilter(OncePerRequestFilter.java:117) ~[spring-web-5.3.27.jar:5.3.27]
	at org.springframework.security.web.FilterChainProxy$VirtualFilterChain.doFilter(FilterChainProxy.java:346) ~[spring-security-web-5.7.8.jar:5.7.8]
	at org.springframework.security.web.FilterChainProxy.doFilterInternal(FilterChainProxy.java:221) ~[spring-security-web-5.7.8.jar:5.7.8]
	at org.springframework.security.web.FilterChainProxy.doFilter(FilterChainProxy.java:186) ~[spring-security-web-5.7.8.jar:5.7.8]
	at org.springframework.web.filter.DelegatingFilterProxy.invokeDelegate(DelegatingFilterProxy.java:354) ~[spring-web-5.3.27.jar:5.3.27]
	at org.springframework.web.filter.DelegatingFilterProxy.doFilter(DelegatingFilterProxy.java:267) ~[spring-web-5.3.27.jar:5.3.27]
	at org.apache.catalina.core.ApplicationFilterChain.internalDoFilter(ApplicationFilterChain.java:178) ~[tomcat-embed-core-9.0.75.jar:9.0.75]
	at org.apache.catalina.core.ApplicationFilterChain.doFilter(ApplicationFilterChain.java:153) ~[tomcat-embed-core-9.0.75.jar:9.0.75]
	at org.springframework.web.filter.RequestContextFilter.doFilterInternal(RequestContextFilter.java:100) ~[spring-web-5.3.27.jar:5.3.27]
	at org.springframework.web.filter.OncePerRequestFilter.doFilter(OncePerRequestFilter.java:117) ~[spring-web-5.3.27.jar:5.3.27]
	at org.apache.catalina.core.ApplicationFilterChain.internalDoFilter(ApplicationFilterChain.java:178) ~[tomcat-embed-core-9.0.75.jar:9.0.75]
	at org.apache.catalina.core.ApplicationFilterChain.doFilter(ApplicationFilterChain.java:153) ~[tomcat-embed-core-9.0.75.jar:9.0.75]
	at org.springframework.web.filter.FormContentFilter.doFilterInternal(FormContentFilter.java:93) ~[spring-web-5.3.27.jar:5.3.27]
	at org.springframework.web.filter.OncePerRequestFilter.doFilter(OncePerRequestFilter.java:117) ~[spring-web-5.3.27.jar:5.3.27]
	at org.apache.catalina.core.ApplicationFilterChain.internalDoFilter(ApplicationFilterChain.java:178) ~[tomcat-embed-core-9.0.75.jar:9.0.75]
	at org.apache.catalina.core.ApplicationFilterChain.doFilter(ApplicationFilterChain.java:153) ~[tomcat-embed-core-9.0.75.jar:9.0.75]
	at org.springframework.web.filter.CharacterEncodingFilter.doFilterInternal(CharacterEncodingFilter.java:201) ~[spring-web-5.3.27.jar:5.3.27]
	at org.springframework.web.filter.OncePerRequestFilter.doFilter(OncePerRequestFilter.java:117) ~[spring-web-5.3.27.jar:5.3.27]
	at org.apache.catalina.core.ApplicationFilterChain.internalDoFilter(ApplicationFilterChain.java:178) ~[tomcat-embed-core-9.0.75.jar:9.0.75]
	at org.apache.catalina.core.ApplicationFilterChain.doFilter(ApplicationFilterChain.java:153) ~[tomcat-embed-core-9.0.75.jar:9.0.75]
	at org.apache.catalina.core.StandardWrapperValve.invoke(StandardWrapperValve.java:167) ~[tomcat-embed-core-9.0.75.jar:9.0.75]
	at org.apache.catalina.core.StandardContextValve.invoke(StandardContextValve.java:90) ~[tomcat-embed-core-9.0.75.jar:9.0.75]
	at org.apache.catalina.authenticator.AuthenticatorBase.invoke(AuthenticatorBase.java:481) ~[tomcat-embed-core-9.0.75.jar:9.0.75]
	at org.apache.catalina.core.StandardHostValve.invoke(StandardHostValve.java:130) ~[tomcat-embed-core-9.0.75.jar:9.0.75]
	at org.apache.catalina.valves.ErrorReportValve.invoke(ErrorReportValve.java:93) ~[tomcat-embed-core-9.0.75.jar:9.0.75]
	at org.apache.catalina.core.StandardEngineValve.invoke(StandardEngineValve.java:74) ~[tomcat-embed-core-9.0.75.jar:9.0.75]
	at org.apache.catalina.connector.CoyoteAdapter.service(CoyoteAdapter.java:343) ~[tomcat-embed-core-9.0.75.jar:9.0.75]
	at org.apache.coyote.http11.Http11Processor.service(Http11Processor.java:390) ~[tomcat-embed-core-9.0.75.jar:9.0.75]
	at org.apache.coyote.AbstractProcessorLight.process(AbstractProcessorLight.java:63) ~[tomcat-embed-core-9.0.75.jar:9.0.75]
	at org.apache.coyote.AbstractProtocol$ConnectionHandler.process(AbstractProtocol.java:926) ~[tomcat-embed-core-9.0.75.jar:9.0.75]
	at org.apache.tomcat.util.net.NioEndpoint$SocketProcessor.doRun(NioEndpoint.java:1791) ~[tomcat-embed-core-9.0.75.jar:9.0.75]
	at org.apache.tomcat.util.net.SocketProcessorBase.run(SocketProcessorBase.java:52) ~[tomcat-embed-core-9.0.75.jar:9.0.75]
	at org.apache.tomcat.util.threads.ThreadPoolExecutor.runWorker(ThreadPoolExecutor.java:1191) ~[tomcat-embed-core-9.0.75.jar:9.0.75]
	at org.apache.tomcat.util.threads.ThreadPoolExecutor$Worker.run(ThreadPoolExecutor.java:659) ~[tomcat-embed-core-9.0.75.jar:9.0.75]
	at org.apache.tomcat.util.threads.TaskThread$WrappingRunnable.run(TaskThread.java:61) ~[tomcat-embed-core-9.0.75.jar:9.0.75]
	at java.lang.Thread.run(Thread.java:834) ~[?:?]
2026-06-04 21:30:21.247 [ERROR] Cannot render error page for request [/] and exception [An error happened during template parsing (template: "class path resource [templates/views/main/main.html]")] as the response has already been committed. As a result, the response may have the wrong status code.
2026-06-04 21:32:42.420 [INFO ] Starting RadarWebApplication using Java 11.0.2 on haems with PID 6400 (C:\0003_kimsn\kimsn\radar-web\build\classes\java\main started by imeahmik in C:\0003_kimsn\kimsn)
2026-06-04 21:32:42.437 [DEBUG] Running with Spring Boot v2.7.12, Spring v5.3.27
2026-06-04 21:32:42.438 [INFO ] No active profile set, falling back to 1 default profile: "default"
2026-06-04 21:32:42.942 [INFO ] Devtools property defaults active! Set 'spring.devtools.add-properties' to 'false' to disable
2026-06-04 21:32:42.943 [INFO ] For additional web related logging consider setting the 'logging.level.web' property to 'DEBUG'
2026-06-04 21:32:44.287 [INFO ] Bootstrapping Spring Data JPA repositories in DEFAULT mode.
2026-06-04 21:32:44.642 [INFO ] Finished Spring Data repository scanning in 337 ms. Found 24 JPA repository interfaces.
2026-06-04 21:32:46.330 [INFO ] Tomcat initialized with port(s): 8700 (http)
2026-06-04 21:32:46.348 [INFO ] Initializing ProtocolHandler ["http-nio-8700"]
2026-06-04 21:32:46.349 [INFO ] Starting service [Tomcat]
2026-06-04 21:32:46.349 [INFO ] Starting Servlet engine: [Apache Tomcat/9.0.75]
2026-06-04 21:32:46.599 [INFO ] Initializing Spring embedded WebApplicationContext
2026-06-04 21:32:46.599 [INFO ] Root WebApplicationContext: initialization completed in 3654 ms
2026-06-04 21:32:46.725 [INFO ] HikariPool-1 - Starting...
2026-06-04 21:32:47.543 [INFO ] HikariPool-1 - Start completed.
2026-06-04 21:32:47.707 [INFO ] HHH000204: Processing PersistenceUnitInfo [name: default]
2026-06-04 21:32:47.827 [INFO ] HHH000412: Hibernate ORM core version 5.6.15.Final
2026-06-04 21:32:48.140 [INFO ] HCANN000001: Hibernate Commons Annotations {5.1.2.Final}
2026-06-04 21:32:48.447 [INFO ] HHH000400: Using dialect: org.hibernate.dialect.MySQL8Dialect
2026-06-04 21:32:49.796 [INFO ] HHH000490: Using JtaPlatform implementation: [org.hibernate.engine.transaction.jta.platform.internal.NoJtaPlatform]
2026-06-04 21:32:49.819 [INFO ] Initialized JPA EntityManagerFactory for persistence unit 'default'
2026-06-04 21:32:51.426 [INFO ] Will secure any request with [org.springframework.security.web.session.DisableEncodeUrlFilter@36a261d6, org.springframework.security.web.context.request.async.WebAsyncManagerIntegrationFilter@12ab7d0, org.springframework.security.web.context.SecurityContextPersistenceFilter@5901c8b3, org.springframework.security.web.header.HeaderWriterFilter@14710000, org.springframework.security.web.authentication.logout.LogoutFilter@39522d0e, org.springframework.security.web.authentication.UsernamePasswordAuthenticationFilter@16b73e36, org.springframework.security.web.savedrequest.RequestCacheAwareFilter@4b8f2da1, org.springframework.security.web.servletapi.SecurityContextHolderAwareRequestFilter@536948ef, org.springframework.security.web.authentication.AnonymousAuthenticationFilter@2e437f4d, org.springframework.security.web.session.SessionManagementFilter@1e6c7615, org.springframework.security.web.access.ExceptionTranslationFilter@767f4f3f, org.springframework.security.web.access.intercept.FilterSecurityInterceptor@1d7544f3]
2026-06-04 21:32:51.738 [WARN ] spring.jpa.open-in-view is enabled by default. Therefore, database queries may be performed during view rendering. Explicitly configure spring.jpa.open-in-view to disable this warning
2026-06-04 21:32:52.769 [INFO ] LiveReload server is running on port 35729
2026-06-04 21:32:52.787 [INFO ] Starting ProtocolHandler ["http-nio-8700"]
2026-06-04 21:32:52.811 [INFO ] Tomcat started on port(s): 8700 (http) with context path ''
2026-06-04 21:32:52.821 [INFO ] Started RadarWebApplication in 11.183 seconds (JVM running for 13.79)
2026-06-04 21:32:57.387 [INFO ] Initializing Spring DispatcherServlet 'dispatcherServlet'
2026-06-04 21:32:57.387 [INFO ] Initializing Servlet 'dispatcherServlet'
2026-06-04 21:32:57.388 [INFO ] Completed initialization in 1 ms
2026-06-04 21:32:57.519 [INFO ] loginUser ::::: test
2026-06-04 21:33:00.576 [ERROR] [THYMELEAF][http-nio-8700-exec-1] Exception processing template "views/main/main": An error happened during template parsing (template: "class path resource [templates/views/main/main.html]")
org.thymeleaf.exceptions.TemplateInputException: An error happened during template parsing (template: "class path resource [templates/views/main/main.html]")
	at org.thymeleaf.templateparser.markup.AbstractMarkupTemplateParser.parse(AbstractMarkupTemplateParser.java:241) ~[thymeleaf-3.0.15.RELEASE.jar:3.0.15.RELEASE]
	at org.thymeleaf.templateparser.markup.AbstractMarkupTemplateParser.parseStandalone(AbstractMarkupTemplateParser.java:100) ~[thymeleaf-3.0.15.RELEASE.jar:3.0.15.RELEASE]
	at org.thymeleaf.engine.TemplateManager.parseAndProcess(TemplateManager.java:666) ~[thymeleaf-3.0.15.RELEASE.jar:3.0.15.RELEASE]
	at org.thymeleaf.TemplateEngine.process(TemplateEngine.java:1098) ~[thymeleaf-3.0.15.RELEASE.jar:3.0.15.RELEASE]
	at org.thymeleaf.TemplateEngine.process(TemplateEngine.java:1072) ~[thymeleaf-3.0.15.RELEASE.jar:3.0.15.RELEASE]
	at org.thymeleaf.spring5.view.ThymeleafView.renderFragment(ThymeleafView.java:366) ~[thymeleaf-spring5-3.0.15.RELEASE.jar:3.0.15.RELEASE]
	at org.thymeleaf.spring5.view.ThymeleafView.render(ThymeleafView.java:190) ~[thymeleaf-spring5-3.0.15.RELEASE.jar:3.0.15.RELEASE]
	at org.springframework.web.servlet.DispatcherServlet.render(DispatcherServlet.java:1406) ~[spring-webmvc-5.3.27.jar:5.3.27]
	at org.springframework.web.servlet.DispatcherServlet.processDispatchResult(DispatcherServlet.java:1150) ~[spring-webmvc-5.3.27.jar:5.3.27]
	at org.springframework.web.servlet.DispatcherServlet.doDispatch(DispatcherServlet.java:1089) ~[spring-webmvc-5.3.27.jar:5.3.27]
	at org.springframework.web.servlet.DispatcherServlet.doService(DispatcherServlet.java:965) ~[spring-webmvc-5.3.27.jar:5.3.27]
	at org.springframework.web.servlet.FrameworkServlet.processRequest(FrameworkServlet.java:1006) ~[spring-webmvc-5.3.27.jar:5.3.27]
	at org.springframework.web.servlet.FrameworkServlet.doGet(FrameworkServlet.java:898) ~[spring-webmvc-5.3.27.jar:5.3.27]
	at javax.servlet.http.HttpServlet.service(HttpServlet.java:529) ~[tomcat-embed-core-9.0.75.jar:4.0.FR]
	at org.springframework.web.servlet.FrameworkServlet.service(FrameworkServlet.java:883) ~[spring-webmvc-5.3.27.jar:5.3.27]
	at javax.servlet.http.HttpServlet.service(HttpServlet.java:623) ~[tomcat-embed-core-9.0.75.jar:4.0.FR]
	at org.apache.catalina.core.ApplicationFilterChain.internalDoFilter(ApplicationFilterChain.java:209) ~[tomcat-embed-core-9.0.75.jar:9.0.75]
	at org.apache.catalina.core.ApplicationFilterChain.doFilter(ApplicationFilterChain.java:153) ~[tomcat-embed-core-9.0.75.jar:9.0.75]
	at org.apache.tomcat.websocket.server.WsFilter.doFilter(WsFilter.java:51) ~[tomcat-embed-websocket-9.0.75.jar:9.0.75]
	at org.apache.catalina.core.ApplicationFilterChain.internalDoFilter(ApplicationFilterChain.java:178) ~[tomcat-embed-core-9.0.75.jar:9.0.75]
	at org.apache.catalina.core.ApplicationFilterChain.doFilter(ApplicationFilterChain.java:153) ~[tomcat-embed-core-9.0.75.jar:9.0.75]
	at org.springframework.security.web.FilterChainProxy$VirtualFilterChain.doFilter(FilterChainProxy.java:337) ~[spring-security-web-5.7.8.jar:5.7.8]
	at org.springframework.security.web.access.intercept.FilterSecurityInterceptor.invoke(FilterSecurityInterceptor.java:115) ~[spring-security-web-5.7.8.jar:5.7.8]
	at org.springframework.security.web.access.intercept.FilterSecurityInterceptor.doFilter(FilterSecurityInterceptor.java:81) ~[spring-security-web-5.7.8.jar:5.7.8]
	at org.springframework.security.web.FilterChainProxy$VirtualFilterChain.doFilter(FilterChainProxy.java:346) ~[spring-security-web-5.7.8.jar:5.7.8]
	at org.springframework.security.web.access.ExceptionTranslationFilter.doFilter(ExceptionTranslationFilter.java:122) ~[spring-security-web-5.7.8.jar:5.7.8]
	at org.springframework.security.web.access.ExceptionTranslationFilter.doFilter(ExceptionTranslationFilter.java:116) ~[spring-security-web-5.7.8.jar:5.7.8]
	at org.springframework.security.web.FilterChainProxy$VirtualFilterChain.doFilter(FilterChainProxy.java:346) ~[spring-security-web-5.7.8.jar:5.7.8]
	at org.springframework.security.web.session.SessionManagementFilter.doFilter(SessionManagementFilter.java:126) ~[spring-security-web-5.7.8.jar:5.7.8]
	at org.springframework.security.web.session.SessionManagementFilter.doFilter(SessionManagementFilter.java:81) ~[spring-security-web-5.7.8.jar:5.7.8]
	at org.springframework.security.web.FilterChainProxy$VirtualFilterChain.doFilter(FilterChainProxy.java:346) ~[spring-security-web-5.7.8.jar:5.7.8]
	at org.springframework.security.web.authentication.AnonymousAuthenticationFilter.doFilter(AnonymousAuthenticationFilter.java:109) ~[spring-security-web-5.7.8.jar:5.7.8]
	at org.springframework.security.web.FilterChainProxy$VirtualFilterChain.doFilter(FilterChainProxy.java:346) ~[spring-security-web-5.7.8.jar:5.7.8]
	at org.springframework.security.web.servletapi.SecurityContextHolderAwareRequestFilter.doFilter(SecurityContextHolderAwareRequestFilter.java:149) ~[spring-security-web-5.7.8.jar:5.7.8]
	at org.springframework.security.web.FilterChainProxy$VirtualFilterChain.doFilter(FilterChainProxy.java:346) ~[spring-security-web-5.7.8.jar:5.7.8]
	at org.springframework.security.web.savedrequest.RequestCacheAwareFilter.doFilter(RequestCacheAwareFilter.java:63) ~[spring-security-web-5.7.8.jar:5.7.8]
	at org.springframework.security.web.FilterChainProxy$VirtualFilterChain.doFilter(FilterChainProxy.java:346) ~[spring-security-web-5.7.8.jar:5.7.8]
	at org.springframework.security.web.authentication.AbstractAuthenticationProcessingFilter.doFilter(AbstractAuthenticationProcessingFilter.java:223) ~[spring-security-web-5.7.8.jar:5.7.8]
	at org.springframework.security.web.authentication.AbstractAuthenticationProcessingFilter.doFilter(AbstractAuthenticationProcessingFilter.java:217) ~[spring-security-web-5.7.8.jar:5.7.8]
	at org.springframework.security.web.FilterChainProxy$VirtualFilterChain.doFilter(FilterChainProxy.java:346) ~[spring-security-web-5.7.8.jar:5.7.8]
	at org.springframework.security.web.authentication.logout.LogoutFilter.doFilter(LogoutFilter.java:103) ~[spring-security-web-5.7.8.jar:5.7.8]
	at org.springframework.security.web.authentication.logout.LogoutFilter.doFilter(LogoutFilter.java:89) ~[spring-security-web-5.7.8.jar:5.7.8]
	at org.springframework.security.web.FilterChainProxy$VirtualFilterChain.doFilter(FilterChainProxy.java:346) ~[spring-security-web-5.7.8.jar:5.7.8]
	at org.springframework.security.web.header.HeaderWriterFilter.doHeadersAfter(HeaderWriterFilter.java:90) ~[spring-security-web-5.7.8.jar:5.7.8]
	at org.springframework.security.web.header.HeaderWriterFilter.doFilterInternal(HeaderWriterFilter.java:75) ~[spring-security-web-5.7.8.jar:5.7.8]
	at org.springframework.web.filter.OncePerRequestFilter.doFilter(OncePerRequestFilter.java:117) ~[spring-web-5.3.27.jar:5.3.27]
	at org.springframework.security.web.FilterChainProxy$VirtualFilterChain.doFilter(FilterChainProxy.java:346) ~[spring-security-web-5.7.8.jar:5.7.8]
	at org.springframework.security.web.context.SecurityContextPersistenceFilter.doFilter(SecurityContextPersistenceFilter.java:112) ~[spring-security-web-5.7.8.jar:5.7.8]
	at org.springframework.security.web.context.SecurityContextPersistenceFilter.doFilter(SecurityContextPersistenceFilter.java:82) ~[spring-security-web-5.7.8.jar:5.7.8]
	at org.springframework.security.web.FilterChainProxy$VirtualFilterChain.doFilter(FilterChainProxy.java:346) ~[spring-security-web-5.7.8.jar:5.7.8]
	at org.springframework.security.web.context.request.async.WebAsyncManagerIntegrationFilter.doFilterInternal(WebAsyncManagerIntegrationFilter.java:55) ~[spring-security-web-5.7.8.jar:5.7.8]
	at org.springframework.web.filter.OncePerRequestFilter.doFilter(OncePerRequestFilter.java:117) ~[spring-web-5.3.27.jar:5.3.27]
	at org.springframework.security.web.FilterChainProxy$VirtualFilterChain.doFilter(FilterChainProxy.java:346) ~[spring-security-web-5.7.8.jar:5.7.8]
	at org.springframework.security.web.session.DisableEncodeUrlFilter.doFilterInternal(DisableEncodeUrlFilter.java:42) ~[spring-security-web-5.7.8.jar:5.7.8]
	at org.springframework.web.filter.OncePerRequestFilter.doFilter(OncePerRequestFilter.java:117) ~[spring-web-5.3.27.jar:5.3.27]
	at org.springframework.security.web.FilterChainProxy$VirtualFilterChain.doFilter(FilterChainProxy.java:346) ~[spring-security-web-5.7.8.jar:5.7.8]
	at org.springframework.security.web.FilterChainProxy.doFilterInternal(FilterChainProxy.java:221) ~[spring-security-web-5.7.8.jar:5.7.8]
	at org.springframework.security.web.FilterChainProxy.doFilter(FilterChainProxy.java:186) ~[spring-security-web-5.7.8.jar:5.7.8]
	at org.springframework.web.filter.DelegatingFilterProxy.invokeDelegate(DelegatingFilterProxy.java:354) ~[spring-web-5.3.27.jar:5.3.27]
	at org.springframework.web.filter.DelegatingFilterProxy.doFilter(DelegatingFilterProxy.java:267) ~[spring-web-5.3.27.jar:5.3.27]
	at org.apache.catalina.core.ApplicationFilterChain.internalDoFilter(ApplicationFilterChain.java:178) ~[tomcat-embed-core-9.0.75.jar:9.0.75]
	at org.apache.catalina.core.ApplicationFilterChain.doFilter(ApplicationFilterChain.java:153) ~[tomcat-embed-core-9.0.75.jar:9.0.75]
	at org.springframework.web.filter.RequestContextFilter.doFilterInternal(RequestContextFilter.java:100) ~[spring-web-5.3.27.jar:5.3.27]
	at org.springframework.web.filter.OncePerRequestFilter.doFilter(OncePerRequestFilter.java:117) ~[spring-web-5.3.27.jar:5.3.27]
	at org.apache.catalina.core.ApplicationFilterChain.internalDoFilter(ApplicationFilterChain.java:178) ~[tomcat-embed-core-9.0.75.jar:9.0.75]
	at org.apache.catalina.core.ApplicationFilterChain.doFilter(ApplicationFilterChain.java:153) ~[tomcat-embed-core-9.0.75.jar:9.0.75]
	at org.springframework.web.filter.FormContentFilter.doFilterInternal(FormContentFilter.java:93) ~[spring-web-5.3.27.jar:5.3.27]
	at org.springframework.web.filter.OncePerRequestFilter.doFilter(OncePerRequestFilter.java:117) ~[spring-web-5.3.27.jar:5.3.27]
	at org.apache.catalina.core.ApplicationFilterChain.internalDoFilter(ApplicationFilterChain.java:178) ~[tomcat-embed-core-9.0.75.jar:9.0.75]
	at org.apache.catalina.core.ApplicationFilterChain.doFilter(ApplicationFilterChain.java:153) ~[tomcat-embed-core-9.0.75.jar:9.0.75]
	at org.springframework.web.filter.CharacterEncodingFilter.doFilterInternal(CharacterEncodingFilter.java:201) ~[spring-web-5.3.27.jar:5.3.27]
	at org.springframework.web.filter.OncePerRequestFilter.doFilter(OncePerRequestFilter.java:117) ~[spring-web-5.3.27.jar:5.3.27]
	at org.apache.catalina.core.ApplicationFilterChain.internalDoFilter(ApplicationFilterChain.java:178) ~[tomcat-embed-core-9.0.75.jar:9.0.75]
	at org.apache.catalina.core.ApplicationFilterChain.doFilter(ApplicationFilterChain.java:153) ~[tomcat-embed-core-9.0.75.jar:9.0.75]
	at org.apache.catalina.core.StandardWrapperValve.invoke(StandardWrapperValve.java:167) ~[tomcat-embed-core-9.0.75.jar:9.0.75]
	at org.apache.catalina.core.StandardContextValve.invoke(StandardContextValve.java:90) ~[tomcat-embed-core-9.0.75.jar:9.0.75]
	at org.apache.catalina.authenticator.AuthenticatorBase.invoke(AuthenticatorBase.java:481) ~[tomcat-embed-core-9.0.75.jar:9.0.75]
	at org.apache.catalina.core.StandardHostValve.invoke(StandardHostValve.java:130) ~[tomcat-embed-core-9.0.75.jar:9.0.75]
	at org.apache.catalina.valves.ErrorReportValve.invoke(ErrorReportValve.java:93) ~[tomcat-embed-core-9.0.75.jar:9.0.75]
	at org.apache.catalina.core.StandardEngineValve.invoke(StandardEngineValve.java:74) ~[tomcat-embed-core-9.0.75.jar:9.0.75]
	at org.apache.catalina.connector.CoyoteAdapter.service(CoyoteAdapter.java:343) ~[tomcat-embed-core-9.0.75.jar:9.0.75]
	at org.apache.coyote.http11.Http11Processor.service(Http11Processor.java:390) ~[tomcat-embed-core-9.0.75.jar:9.0.75]
	at org.apache.coyote.AbstractProcessorLight.process(AbstractProcessorLight.java:63) ~[tomcat-embed-core-9.0.75.jar:9.0.75]
	at org.apache.coyote.AbstractProtocol$ConnectionHandler.process(AbstractProtocol.java:926) ~[tomcat-embed-core-9.0.75.jar:9.0.75]
	at org.apache.tomcat.util.net.NioEndpoint$SocketProcessor.doRun(NioEndpoint.java:1791) ~[tomcat-embed-core-9.0.75.jar:9.0.75]
	at org.apache.tomcat.util.net.SocketProcessorBase.run(SocketProcessorBase.java:52) ~[tomcat-embed-core-9.0.75.jar:9.0.75]
	at org.apache.tomcat.util.threads.ThreadPoolExecutor.runWorker(ThreadPoolExecutor.java:1191) ~[tomcat-embed-core-9.0.75.jar:9.0.75]
	at org.apache.tomcat.util.threads.ThreadPoolExecutor$Worker.run(ThreadPoolExecutor.java:659) ~[tomcat-embed-core-9.0.75.jar:9.0.75]
	at org.apache.tomcat.util.threads.TaskThread$WrappingRunnable.run(TaskThread.java:61) ~[tomcat-embed-core-9.0.75.jar:9.0.75]
	at java.lang.Thread.run(Thread.java:834) ~[?:?]
Caused by: org.attoparser.ParseException: Exception evaluating SpringEL expression: "Integer.parseInt(sList.siteNum) < 50000 && Integer.parseInt(sList.siteNum) > 40000" (template: "layout/header" - line 120, col 49)
	at org.attoparser.MarkupParser.parseDocument(MarkupParser.java:393) ~[attoparser-2.0.5.RELEASE.jar:2.0.5.RELEASE]
	at org.attoparser.MarkupParser.parse(MarkupParser.java:257) ~[attoparser-2.0.5.RELEASE.jar:2.0.5.RELEASE]
	at org.thymeleaf.templateparser.markup.AbstractMarkupTemplateParser.parse(AbstractMarkupTemplateParser.java:230) ~[thymeleaf-3.0.15.RELEASE.jar:3.0.15.RELEASE]
	... 89 more
Caused by: org.thymeleaf.exceptions.TemplateProcessingException: Exception evaluating SpringEL expression: "Integer.parseInt(sList.siteNum) < 50000 && Integer.parseInt(sList.siteNum) > 40000" (template: "layout/header" - line 120, col 49)
	at org.thymeleaf.spring5.expression.SPELVariableExpressionEvaluator.evaluate(SPELVariableExpressionEvaluator.java:292) ~[thymeleaf-spring5-3.0.15.RELEASE.jar:3.0.15.RELEASE]
	at org.thymeleaf.standard.expression.VariableExpression.executeVariableExpression(VariableExpression.java:166) ~[thymeleaf-3.0.15.RELEASE.jar:3.0.15.RELEASE]
	at org.thymeleaf.standard.expression.SimpleExpression.executeSimple(SimpleExpression.java:66) ~[thymeleaf-3.0.15.RELEASE.jar:3.0.15.RELEASE]
	at org.thymeleaf.standard.expression.Expression.execute(Expression.java:109) ~[thymeleaf-3.0.15.RELEASE.jar:3.0.15.RELEASE]
	at org.thymeleaf.standard.expression.Expression.execute(Expression.java:138) ~[thymeleaf-3.0.15.RELEASE.jar:3.0.15.RELEASE]
	at org.thymeleaf.standard.expression.Expression.execute(Expression.java:125) ~[thymeleaf-3.0.15.RELEASE.jar:3.0.15.RELEASE]
	at org.thymeleaf.standard.processor.StandardIfTagProcessor.isVisible(StandardIfTagProcessor.java:59) ~[thymeleaf-3.0.15.RELEASE.jar:3.0.15.RELEASE]
	at org.thymeleaf.standard.processor.AbstractStandardConditionalVisibilityTagProcessor.doProcess(AbstractStandardConditionalVisibilityTagProcessor.java:61) ~[thymeleaf-3.0.15.RELEASE.jar:3.0.15.RELEASE]
	at org.thymeleaf.processor.element.AbstractAttributeTagProcessor.doProcess(AbstractAttributeTagProcessor.java:74) ~[thymeleaf-3.0.15.RELEASE.jar:3.0.15.RELEASE]
	at org.thymeleaf.processor.element.AbstractElementTagProcessor.process(AbstractElementTagProcessor.java:95) ~[thymeleaf-3.0.15.RELEASE.jar:3.0.15.RELEASE]
	at org.thymeleaf.util.ProcessorConfigurationUtils$ElementTagProcessorWrapper.process(ProcessorConfigurationUtils.java:633) ~[thymeleaf-3.0.15.RELEASE.jar:3.0.15.RELEASE]
	at org.thymeleaf.engine.ProcessorTemplateHandler.handleOpenElement(ProcessorTemplateHandler.java:1314) ~[thymeleaf-3.0.15.RELEASE.jar:3.0.15.RELEASE]
	at org.thymeleaf.engine.OpenElementTag.beHandled(OpenElementTag.java:205) ~[thymeleaf-3.0.15.RELEASE.jar:3.0.15.RELEASE]
	at org.thymeleaf.engine.Model.process(Model.java:282) ~[thymeleaf-3.0.15.RELEASE.jar:3.0.15.RELEASE]
	at org.thymeleaf.engine.Model.process(Model.java:290) ~[thymeleaf-3.0.15.RELEASE.jar:3.0.15.RELEASE]
	at org.thymeleaf.engine.IteratedGatheringModelProcessable.processIterationModel(IteratedGatheringModelProcessable.java:367) ~[thymeleaf-3.0.15.RELEASE.jar:3.0.15.RELEASE]
	at org.thymeleaf.engine.IteratedGatheringModelProcessable.process(IteratedGatheringModelProcessable.java:221) ~[thymeleaf-3.0.15.RELEASE.jar:3.0.15.RELEASE]
	at org.thymeleaf.engine.ProcessorTemplateHandler.handleCloseElement(ProcessorTemplateHandler.java:1640) ~[thymeleaf-3.0.15.RELEASE.jar:3.0.15.RELEASE]
	at org.thymeleaf.engine.CloseElementTag.beHandled(CloseElementTag.java:139) ~[thymeleaf-3.0.15.RELEASE.jar:3.0.15.RELEASE]
	at org.thymeleaf.engine.Model.process(Model.java:282) ~[thymeleaf-3.0.15.RELEASE.jar:3.0.15.RELEASE]
	at org.thymeleaf.engine.Model.process(Model.java:290) ~[thymeleaf-3.0.15.RELEASE.jar:3.0.15.RELEASE]
	at org.thymeleaf.engine.IteratedGatheringModelProcessable.processIterationModel(IteratedGatheringModelProcessable.java:367) ~[thymeleaf-3.0.15.RELEASE.jar:3.0.15.RELEASE]
	at org.thymeleaf.engine.IteratedGatheringModelProcessable.process(IteratedGatheringModelProcessable.java:293) ~[thymeleaf-3.0.15.RELEASE.jar:3.0.15.RELEASE]
	at org.thymeleaf.engine.ProcessorTemplateHandler.handleCloseElement(ProcessorTemplateHandler.java:1640) ~[thymeleaf-3.0.15.RELEASE.jar:3.0.15.RELEASE]
	at org.thymeleaf.engine.CloseElementTag.beHandled(CloseElementTag.java:139) ~[thymeleaf-3.0.15.RELEASE.jar:3.0.15.RELEASE]
	at org.thymeleaf.engine.Model.process(Model.java:282) ~[thymeleaf-3.0.15.RELEASE.jar:3.0.15.RELEASE]
	at org.thymeleaf.engine.ProcessorTemplateHandler.handleOpenElement(ProcessorTemplateHandler.java:1587) ~[thymeleaf-3.0.15.RELEASE.jar:3.0.15.RELEASE]
	at org.thymeleaf.engine.OpenElementTag.beHandled(OpenElementTag.java:205) ~[thymeleaf-3.0.15.RELEASE.jar:3.0.15.RELEASE]
	at org.thymeleaf.engine.Model.process(Model.java:282) ~[thymeleaf-3.0.15.RELEASE.jar:3.0.15.RELEASE]
	at org.thymeleaf.engine.ProcessorTemplateHandler.handleOpenElement(ProcessorTemplateHandler.java:1587) ~[thymeleaf-3.0.15.RELEASE.jar:3.0.15.RELEASE]
	at org.thymeleaf.engine.OpenElementTag.beHandled(OpenElementTag.java:205) ~[thymeleaf-3.0.15.RELEASE.jar:3.0.15.RELEASE]
	at org.thymeleaf.engine.Model.process(Model.java:282) ~[thymeleaf-3.0.15.RELEASE.jar:3.0.15.RELEASE]
	at org.thymeleaf.engine.Model.process(Model.java:290) ~[thymeleaf-3.0.15.RELEASE.jar:3.0.15.RELEASE]
	at org.thymeleaf.engine.GatheringModelProcessable.process(GatheringModelProcessable.java:78) ~[thymeleaf-3.0.15.RELEASE.jar:3.0.15.RELEASE]
	at org.thymeleaf.engine.ProcessorTemplateHandler.handleCloseElement(ProcessorTemplateHandler.java:1640) ~[thymeleaf-3.0.15.RELEASE.jar:3.0.15.RELEASE]
	at org.thymeleaf.engine.TemplateHandlerAdapterMarkupHandler.handleCloseElementEnd(TemplateHandlerAdapterMarkupHandler.java:388) ~[thymeleaf-3.0.15.RELEASE.jar:3.0.15.RELEASE]
	at org.thymeleaf.templateparser.markup.InlinedOutputExpressionMarkupHandler$InlineMarkupAdapterPreProcessorHandler.handleCloseElementEnd(InlinedOutputExpressionMarkupHandler.java:322) ~[thymeleaf-3.0.15.RELEASE.jar:3.0.15.RELEASE]
	at org.thymeleaf.standard.inline.OutputExpressionInlinePreProcessorHandler.handleCloseElementEnd(OutputExpressionInlinePreProcessorHandler.java:220) ~[thymeleaf-3.0.15.RELEASE.jar:3.0.15.RELEASE]
	at org.thymeleaf.templateparser.markup.InlinedOutputExpressionMarkupHandler.handleCloseElementEnd(InlinedOutputExpressionMarkupHandler.java:164) ~[thymeleaf-3.0.15.RELEASE.jar:3.0.15.RELEASE]
	at org.attoparser.HtmlElement.handleCloseElementEnd(HtmlElement.java:169) ~[attoparser-2.0.5.RELEASE.jar:2.0.5.RELEASE]
	at org.attoparser.HtmlMarkupHandler.handleCloseElementEnd(HtmlMarkupHandler.java:412) ~[attoparser-2.0.5.RELEASE.jar:2.0.5.RELEASE]
	at org.attoparser.MarkupEventProcessorHandler.handleCloseElementEnd(MarkupEventProcessorHandler.java:473) ~[attoparser-2.0.5.RELEASE.jar:2.0.5.RELEASE]
	at org.attoparser.ParsingElementMarkupUtil.parseCloseElement(ParsingElementMarkupUtil.java:201) ~[attoparser-2.0.5.RELEASE.jar:2.0.5.RELEASE]
	at org.attoparser.MarkupParser.parseBuffer(MarkupParser.java:725) ~[attoparser-2.0.5.RELEASE.jar:2.0.5.RELEASE]
	at org.attoparser.MarkupParser.parseDocument(MarkupParser.java:301) ~[attoparser-2.0.5.RELEASE.jar:2.0.5.RELEASE]
	at org.attoparser.MarkupParser.parse(MarkupParser.java:257) ~[attoparser-2.0.5.RELEASE.jar:2.0.5.RELEASE]
	at org.thymeleaf.templateparser.markup.AbstractMarkupTemplateParser.parse(AbstractMarkupTemplateParser.java:230) ~[thymeleaf-3.0.15.RELEASE.jar:3.0.15.RELEASE]
	... 89 more
Caused by: org.springframework.expression.spel.SpelEvaluationException: EL1011E: Method call: Attempted to call method parseInt(java.lang.String) on null context object
	at org.springframework.expression.spel.ast.MethodReference.throwIfNotNullSafe(MethodReference.java:154) ~[spring-expression-5.3.27.jar:5.3.27]
	at org.springframework.expression.spel.ast.MethodReference.getValueRef(MethodReference.java:83) ~[spring-expression-5.3.27.jar:5.3.27]
	at org.springframework.expression.spel.ast.CompoundExpression.getValueRef(CompoundExpression.java:71) ~[spring-expression-5.3.27.jar:5.3.27]
	at org.springframework.expression.spel.ast.CompoundExpression.getValueInternal(CompoundExpression.java:92) ~[spring-expression-5.3.27.jar:5.3.27]
	at org.springframework.expression.spel.ast.OpLT.getValueInternal(OpLT.java:47) ~[spring-expression-5.3.27.jar:5.3.27]
	at org.springframework.expression.spel.ast.OpLT.getValueInternal(OpLT.java:37) ~[spring-expression-5.3.27.jar:5.3.27]
	at org.springframework.expression.spel.ast.SpelNodeImpl.getValue(SpelNodeImpl.java:212) ~[spring-expression-5.3.27.jar:5.3.27]
	at org.springframework.expression.spel.ast.OpAnd.getBooleanValue(OpAnd.java:57) ~[spring-expression-5.3.27.jar:5.3.27]
	at org.springframework.expression.spel.ast.OpAnd.getValueInternal(OpAnd.java:48) ~[spring-expression-5.3.27.jar:5.3.27]
	at org.springframework.expression.spel.ast.SpelNodeImpl.getValue(SpelNodeImpl.java:114) ~[spring-expression-5.3.27.jar:5.3.27]
	at org.springframework.expression.spel.standard.SpelExpression.getValue(SpelExpression.java:338) ~[spring-expression-5.3.27.jar:5.3.27]
	at org.thymeleaf.spring5.expression.SPELVariableExpressionEvaluator.evaluate(SPELVariableExpressionEvaluator.java:265) ~[thymeleaf-spring5-3.0.15.RELEASE.jar:3.0.15.RELEASE]
	at org.thymeleaf.standard.expression.VariableExpression.executeVariableExpression(VariableExpression.java:166) ~[thymeleaf-3.0.15.RELEASE.jar:3.0.15.RELEASE]
	at org.thymeleaf.standard.expression.SimpleExpression.executeSimple(SimpleExpression.java:66) ~[thymeleaf-3.0.15.RELEASE.jar:3.0.15.RELEASE]
	at org.thymeleaf.standard.expression.Expression.execute(Expression.java:109) ~[thymeleaf-3.0.15.RELEASE.jar:3.0.15.RELEASE]
	at org.thymeleaf.standard.expression.Expression.execute(Expression.java:138) ~[thymeleaf-3.0.15.RELEASE.jar:3.0.15.RELEASE]
	at org.thymeleaf.standard.expression.Expression.execute(Expression.java:125) ~[thymeleaf-3.0.15.RELEASE.jar:3.0.15.RELEASE]
	at org.thymeleaf.standard.processor.StandardIfTagProcessor.isVisible(StandardIfTagProcessor.java:59) ~[thymeleaf-3.0.15.RELEASE.jar:3.0.15.RELEASE]
	at org.thymeleaf.standard.processor.AbstractStandardConditionalVisibilityTagProcessor.doProcess(AbstractStandardConditionalVisibilityTagProcessor.java:61) ~[thymeleaf-3.0.15.RELEASE.jar:3.0.15.RELEASE]
	at org.thymeleaf.processor.element.AbstractAttributeTagProcessor.doProcess(AbstractAttributeTagProcessor.java:74) ~[thymeleaf-3.0.15.RELEASE.jar:3.0.15.RELEASE]
	at org.thymeleaf.processor.element.AbstractElementTagProcessor.process(AbstractElementTagProcessor.java:95) ~[thymeleaf-3.0.15.RELEASE.jar:3.0.15.RELEASE]
	at org.thymeleaf.util.ProcessorConfigurationUtils$ElementTagProcessorWrapper.process(ProcessorConfigurationUtils.java:633) ~[thymeleaf-3.0.15.RELEASE.jar:3.0.15.RELEASE]
	at org.thymeleaf.engine.ProcessorTemplateHandler.handleOpenElement(ProcessorTemplateHandler.java:1314) ~[thymeleaf-3.0.15.RELEASE.jar:3.0.15.RELEASE]
	at org.thymeleaf.engine.OpenElementTag.beHandled(OpenElementTag.java:205) ~[thymeleaf-3.0.15.RELEASE.jar:3.0.15.RELEASE]
	at org.thymeleaf.engine.Model.process(Model.java:282) ~[thymeleaf-3.0.15.RELEASE.jar:3.0.15.RELEASE]
	at org.thymeleaf.engine.Model.process(Model.java:290) ~[thymeleaf-3.0.15.RELEASE.jar:3.0.15.RELEASE]
	at org.thymeleaf.engine.IteratedGatheringModelProcessable.processIterationModel(IteratedGatheringModelProcessable.java:367) ~[thymeleaf-3.0.15.RELEASE.jar:3.0.15.RELEASE]
	at org.thymeleaf.engine.IteratedGatheringModelProcessable.process(IteratedGatheringModelProcessable.java:221) ~[thymeleaf-3.0.15.RELEASE.jar:3.0.15.RELEASE]
	at org.thymeleaf.engine.ProcessorTemplateHandler.handleCloseElement(ProcessorTemplateHandler.java:1640) ~[thymeleaf-3.0.15.RELEASE.jar:3.0.15.RELEASE]
	at org.thymeleaf.engine.CloseElementTag.beHandled(CloseElementTag.java:139) ~[thymeleaf-3.0.15.RELEASE.jar:3.0.15.RELEASE]
	at org.thymeleaf.engine.Model.process(Model.java:282) ~[thymeleaf-3.0.15.RELEASE.jar:3.0.15.RELEASE]
	at org.thymeleaf.engine.Model.process(Model.java:290) ~[thymeleaf-3.0.15.RELEASE.jar:3.0.15.RELEASE]
	at org.thymeleaf.engine.IteratedGatheringModelProcessable.processIterationModel(IteratedGatheringModelProcessable.java:367) ~[thymeleaf-3.0.15.RELEASE.jar:3.0.15.RELEASE]
	at org.thymeleaf.engine.IteratedGatheringModelProcessable.process(IteratedGatheringModelProcessable.java:293) ~[thymeleaf-3.0.15.RELEASE.jar:3.0.15.RELEASE]
	at org.thymeleaf.engine.ProcessorTemplateHandler.handleCloseElement(ProcessorTemplateHandler.java:1640) ~[thymeleaf-3.0.15.RELEASE.jar:3.0.15.RELEASE]
	at org.thymeleaf.engine.CloseElementTag.beHandled(CloseElementTag.java:139) ~[thymeleaf-3.0.15.RELEASE.jar:3.0.15.RELEASE]
	at org.thymeleaf.engine.Model.process(Model.java:282) ~[thymeleaf-3.0.15.RELEASE.jar:3.0.15.RELEASE]
	at org.thymeleaf.engine.ProcessorTemplateHandler.handleOpenElement(ProcessorTemplateHandler.java:1587) ~[thymeleaf-3.0.15.RELEASE.jar:3.0.15.RELEASE]
	at org.thymeleaf.engine.OpenElementTag.beHandled(OpenElementTag.java:205) ~[thymeleaf-3.0.15.RELEASE.jar:3.0.15.RELEASE]
	at org.thymeleaf.engine.Model.process(Model.java:282) ~[thymeleaf-3.0.15.RELEASE.jar:3.0.15.RELEASE]
	at org.thymeleaf.engine.ProcessorTemplateHandler.handleOpenElement(ProcessorTemplateHandler.java:1587) ~[thymeleaf-3.0.15.RELEASE.jar:3.0.15.RELEASE]
	at org.thymeleaf.engine.OpenElementTag.beHandled(OpenElementTag.java:205) ~[thymeleaf-3.0.15.RELEASE.jar:3.0.15.RELEASE]
	at org.thymeleaf.engine.Model.process(Model.java:282) ~[thymeleaf-3.0.15.RELEASE.jar:3.0.15.RELEASE]
	at org.thymeleaf.engine.Model.process(Model.java:290) ~[thymeleaf-3.0.15.RELEASE.jar:3.0.15.RELEASE]
	at org.thymeleaf.engine.GatheringModelProcessable.process(GatheringModelProcessable.java:78) ~[thymeleaf-3.0.15.RELEASE.jar:3.0.15.RELEASE]
	at org.thymeleaf.engine.ProcessorTemplateHandler.handleCloseElement(ProcessorTemplateHandler.java:1640) ~[thymeleaf-3.0.15.RELEASE.jar:3.0.15.RELEASE]
	at org.thymeleaf.engine.TemplateHandlerAdapterMarkupHandler.handleCloseElementEnd(TemplateHandlerAdapterMarkupHandler.java:388) ~[thymeleaf-3.0.15.RELEASE.jar:3.0.15.RELEASE]
	at org.thymeleaf.templateparser.markup.InlinedOutputExpressionMarkupHandler$InlineMarkupAdapterPreProcessorHandler.handleCloseElementEnd(InlinedOutputExpressionMarkupHandler.java:322) ~[thymeleaf-3.0.15.RELEASE.jar:3.0.15.RELEASE]
	at org.thymeleaf.standard.inline.OutputExpressionInlinePreProcessorHandler.handleCloseElementEnd(OutputExpressionInlinePreProcessorHandler.java:220) ~[thymeleaf-3.0.15.RELEASE.jar:3.0.15.RELEASE]
	at org.thymeleaf.templateparser.markup.InlinedOutputExpressionMarkupHandler.handleCloseElementEnd(InlinedOutputExpressionMarkupHandler.java:164) ~[thymeleaf-3.0.15.RELEASE.jar:3.0.15.RELEASE]
	at org.attoparser.HtmlElement.handleCloseElementEnd(HtmlElement.java:169) ~[attoparser-2.0.5.RELEASE.jar:2.0.5.RELEASE]
	at org.attoparser.HtmlMarkupHandler.handleCloseElementEnd(HtmlMarkupHandler.java:412) ~[attoparser-2.0.5.RELEASE.jar:2.0.5.RELEASE]
	at org.attoparser.MarkupEventProcessorHandler.handleCloseElementEnd(MarkupEventProcessorHandler.java:473) ~[attoparser-2.0.5.RELEASE.jar:2.0.5.RELEASE]
	at org.attoparser.ParsingElementMarkupUtil.parseCloseElement(ParsingElementMarkupUtil.java:201) ~[attoparser-2.0.5.RELEASE.jar:2.0.5.RELEASE]
	at org.attoparser.MarkupParser.parseBuffer(MarkupParser.java:725) ~[attoparser-2.0.5.RELEASE.jar:2.0.5.RELEASE]
	at org.attoparser.MarkupParser.parseDocument(MarkupParser.java:301) ~[attoparser-2.0.5.RELEASE.jar:2.0.5.RELEASE]
	at org.attoparser.MarkupParser.parse(MarkupParser.java:257) ~[attoparser-2.0.5.RELEASE.jar:2.0.5.RELEASE]
	at org.thymeleaf.templateparser.markup.AbstractMarkupTemplateParser.parse(AbstractMarkupTemplateParser.java:230) ~[thymeleaf-3.0.15.RELEASE.jar:3.0.15.RELEASE]
	... 89 more
2026-06-04 21:33:00.661 [ERROR] Servlet.service() for servlet [dispatcherServlet] in context with path [] threw exception [Request processing failed; nested exception is org.thymeleaf.exceptions.TemplateInputException: An error happened during template parsing (template: "class path resource [templates/views/main/main.html]")] with root cause
org.springframework.expression.spel.SpelEvaluationException: EL1011E: Method call: Attempted to call method parseInt(java.lang.String) on null context object
	at org.springframework.expression.spel.ast.MethodReference.throwIfNotNullSafe(MethodReference.java:154) ~[spring-expression-5.3.27.jar:5.3.27]
	at org.springframework.expression.spel.ast.MethodReference.getValueRef(MethodReference.java:83) ~[spring-expression-5.3.27.jar:5.3.27]
	at org.springframework.expression.spel.ast.CompoundExpression.getValueRef(CompoundExpression.java:71) ~[spring-expression-5.3.27.jar:5.3.27]
	at org.springframework.expression.spel.ast.CompoundExpression.getValueInternal(CompoundExpression.java:92) ~[spring-expression-5.3.27.jar:5.3.27]
	at org.springframework.expression.spel.ast.OpLT.getValueInternal(OpLT.java:47) ~[spring-expression-5.3.27.jar:5.3.27]
	at org.springframework.expression.spel.ast.OpLT.getValueInternal(OpLT.java:37) ~[spring-expression-5.3.27.jar:5.3.27]
	at org.springframework.expression.spel.ast.SpelNodeImpl.getValue(SpelNodeImpl.java:212) ~[spring-expression-5.3.27.jar:5.3.27]
	at org.springframework.expression.spel.ast.OpAnd.getBooleanValue(OpAnd.java:57) ~[spring-expression-5.3.27.jar:5.3.27]
	at org.springframework.expression.spel.ast.OpAnd.getValueInternal(OpAnd.java:48) ~[spring-expression-5.3.27.jar:5.3.27]
	at org.springframework.expression.spel.ast.SpelNodeImpl.getValue(SpelNodeImpl.java:114) ~[spring-expression-5.3.27.jar:5.3.27]
	at org.springframework.expression.spel.standard.SpelExpression.getValue(SpelExpression.java:338) ~[spring-expression-5.3.27.jar:5.3.27]
	at org.thymeleaf.spring5.expression.SPELVariableExpressionEvaluator.evaluate(SPELVariableExpressionEvaluator.java:265) ~[thymeleaf-spring5-3.0.15.RELEASE.jar:3.0.15.RELEASE]
	at org.thymeleaf.standard.expression.VariableExpression.executeVariableExpression(VariableExpression.java:166) ~[thymeleaf-3.0.15.RELEASE.jar:3.0.15.RELEASE]
	at org.thymeleaf.standard.expression.SimpleExpression.executeSimple(SimpleExpression.java:66) ~[thymeleaf-3.0.15.RELEASE.jar:3.0.15.RELEASE]
	at org.thymeleaf.standard.expression.Expression.execute(Expression.java:109) ~[thymeleaf-3.0.15.RELEASE.jar:3.0.15.RELEASE]
	at org.thymeleaf.standard.expression.Expression.execute(Expression.java:138) ~[thymeleaf-3.0.15.RELEASE.jar:3.0.15.RELEASE]
	at org.thymeleaf.standard.expression.Expression.execute(Expression.java:125) ~[thymeleaf-3.0.15.RELEASE.jar:3.0.15.RELEASE]
	at org.thymeleaf.standard.processor.StandardIfTagProcessor.isVisible(StandardIfTagProcessor.java:59) ~[thymeleaf-3.0.15.RELEASE.jar:3.0.15.RELEASE]
	at org.thymeleaf.standard.processor.AbstractStandardConditionalVisibilityTagProcessor.doProcess(AbstractStandardConditionalVisibilityTagProcessor.java:61) ~[thymeleaf-3.0.15.RELEASE.jar:3.0.15.RELEASE]
	at org.thymeleaf.processor.element.AbstractAttributeTagProcessor.doProcess(AbstractAttributeTagProcessor.java:74) ~[thymeleaf-3.0.15.RELEASE.jar:3.0.15.RELEASE]
	at org.thymeleaf.processor.element.AbstractElementTagProcessor.process(AbstractElementTagProcessor.java:95) ~[thymeleaf-3.0.15.RELEASE.jar:3.0.15.RELEASE]
	at org.thymeleaf.util.ProcessorConfigurationUtils$ElementTagProcessorWrapper.process(ProcessorConfigurationUtils.java:633) ~[thymeleaf-3.0.15.RELEASE.jar:3.0.15.RELEASE]
	at org.thymeleaf.engine.ProcessorTemplateHandler.handleOpenElement(ProcessorTemplateHandler.java:1314) ~[thymeleaf-3.0.15.RELEASE.jar:3.0.15.RELEASE]
	at org.thymeleaf.engine.OpenElementTag.beHandled(OpenElementTag.java:205) ~[thymeleaf-3.0.15.RELEASE.jar:3.0.15.RELEASE]
	at org.thymeleaf.engine.Model.process(Model.java:282) ~[thymeleaf-3.0.15.RELEASE.jar:3.0.15.RELEASE]
	at org.thymeleaf.engine.Model.process(Model.java:290) ~[thymeleaf-3.0.15.RELEASE.jar:3.0.15.RELEASE]
	at org.thymeleaf.engine.IteratedGatheringModelProcessable.processIterationModel(IteratedGatheringModelProcessable.java:367) ~[thymeleaf-3.0.15.RELEASE.jar:3.0.15.RELEASE]
	at org.thymeleaf.engine.IteratedGatheringModelProcessable.process(IteratedGatheringModelProcessable.java:221) ~[thymeleaf-3.0.15.RELEASE.jar:3.0.15.RELEASE]
	at org.thymeleaf.engine.ProcessorTemplateHandler.handleCloseElement(ProcessorTemplateHandler.java:1640) ~[thymeleaf-3.0.15.RELEASE.jar:3.0.15.RELEASE]
	at org.thymeleaf.engine.CloseElementTag.beHandled(CloseElementTag.java:139) ~[thymeleaf-3.0.15.RELEASE.jar:3.0.15.RELEASE]
	at org.thymeleaf.engine.Model.process(Model.java:282) ~[thymeleaf-3.0.15.RELEASE.jar:3.0.15.RELEASE]
	at org.thymeleaf.engine.Model.process(Model.java:290) ~[thymeleaf-3.0.15.RELEASE.jar:3.0.15.RELEASE]
	at org.thymeleaf.engine.IteratedGatheringModelProcessable.processIterationModel(IteratedGatheringModelProcessable.java:367) ~[thymeleaf-3.0.15.RELEASE.jar:3.0.15.RELEASE]
	at org.thymeleaf.engine.IteratedGatheringModelProcessable.process(IteratedGatheringModelProcessable.java:293) ~[thymeleaf-3.0.15.RELEASE.jar:3.0.15.RELEASE]
	at org.thymeleaf.engine.ProcessorTemplateHandler.handleCloseElement(ProcessorTemplateHandler.java:1640) ~[thymeleaf-3.0.15.RELEASE.jar:3.0.15.RELEASE]
	at org.thymeleaf.engine.CloseElementTag.beHandled(CloseElementTag.java:139) ~[thymeleaf-3.0.15.RELEASE.jar:3.0.15.RELEASE]
	at org.thymeleaf.engine.Model.process(Model.java:282) ~[thymeleaf-3.0.15.RELEASE.jar:3.0.15.RELEASE]
	at org.thymeleaf.engine.ProcessorTemplateHandler.handleOpenElement(ProcessorTemplateHandler.java:1587) ~[thymeleaf-3.0.15.RELEASE.jar:3.0.15.RELEASE]
	at org.thymeleaf.engine.OpenElementTag.beHandled(OpenElementTag.java:205) ~[thymeleaf-3.0.15.RELEASE.jar:3.0.15.RELEASE]
	at org.thymeleaf.engine.Model.process(Model.java:282) ~[thymeleaf-3.0.15.RELEASE.jar:3.0.15.RELEASE]
	at org.thymeleaf.engine.ProcessorTemplateHandler.handleOpenElement(ProcessorTemplateHandler.java:1587) ~[thymeleaf-3.0.15.RELEASE.jar:3.0.15.RELEASE]
	at org.thymeleaf.engine.OpenElementTag.beHandled(OpenElementTag.java:205) ~[thymeleaf-3.0.15.RELEASE.jar:3.0.15.RELEASE]
	at org.thymeleaf.engine.Model.process(Model.java:282) ~[thymeleaf-3.0.15.RELEASE.jar:3.0.15.RELEASE]
	at org.thymeleaf.engine.Model.process(Model.java:290) ~[thymeleaf-3.0.15.RELEASE.jar:3.0.15.RELEASE]
	at org.thymeleaf.engine.GatheringModelProcessable.process(GatheringModelProcessable.java:78) ~[thymeleaf-3.0.15.RELEASE.jar:3.0.15.RELEASE]
	at org.thymeleaf.engine.ProcessorTemplateHandler.handleCloseElement(ProcessorTemplateHandler.java:1640) ~[thymeleaf-3.0.15.RELEASE.jar:3.0.15.RELEASE]
	at org.thymeleaf.engine.TemplateHandlerAdapterMarkupHandler.handleCloseElementEnd(TemplateHandlerAdapterMarkupHandler.java:388) ~[thymeleaf-3.0.15.RELEASE.jar:3.0.15.RELEASE]
	at org.thymeleaf.templateparser.markup.InlinedOutputExpressionMarkupHandler$InlineMarkupAdapterPreProcessorHandler.handleCloseElementEnd(InlinedOutputExpressionMarkupHandler.java:322) ~[thymeleaf-3.0.15.RELEASE.jar:3.0.15.RELEASE]
	at org.thymeleaf.standard.inline.OutputExpressionInlinePreProcessorHandler.handleCloseElementEnd(OutputExpressionInlinePreProcessorHandler.java:220) ~[thymeleaf-3.0.15.RELEASE.jar:3.0.15.RELEASE]
	at org.thymeleaf.templateparser.markup.InlinedOutputExpressionMarkupHandler.handleCloseElementEnd(InlinedOutputExpressionMarkupHandler.java:164) ~[thymeleaf-3.0.15.RELEASE.jar:3.0.15.RELEASE]
	at org.attoparser.HtmlElement.handleCloseElementEnd(HtmlElement.java:169) ~[attoparser-2.0.5.RELEASE.jar:2.0.5.RELEASE]
	at org.attoparser.HtmlMarkupHandler.handleCloseElementEnd(HtmlMarkupHandler.java:412) ~[attoparser-2.0.5.RELEASE.jar:2.0.5.RELEASE]
	at org.attoparser.MarkupEventProcessorHandler.handleCloseElementEnd(MarkupEventProcessorHandler.java:473) ~[attoparser-2.0.5.RELEASE.jar:2.0.5.RELEASE]
	at org.attoparser.ParsingElementMarkupUtil.parseCloseElement(ParsingElementMarkupUtil.java:201) ~[attoparser-2.0.5.RELEASE.jar:2.0.5.RELEASE]
	at org.attoparser.MarkupParser.parseBuffer(MarkupParser.java:725) ~[attoparser-2.0.5.RELEASE.jar:2.0.5.RELEASE]
	at org.attoparser.MarkupParser.parseDocument(MarkupParser.java:301) ~[attoparser-2.0.5.RELEASE.jar:2.0.5.RELEASE]
	at org.attoparser.MarkupParser.parse(MarkupParser.java:257) ~[attoparser-2.0.5.RELEASE.jar:2.0.5.RELEASE]
	at org.thymeleaf.templateparser.markup.AbstractMarkupTemplateParser.parse(AbstractMarkupTemplateParser.java:230) ~[thymeleaf-3.0.15.RELEASE.jar:3.0.15.RELEASE]
	at org.thymeleaf.templateparser.markup.AbstractMarkupTemplateParser.parseStandalone(AbstractMarkupTemplateParser.java:100) ~[thymeleaf-3.0.15.RELEASE.jar:3.0.15.RELEASE]
	at org.thymeleaf.engine.TemplateManager.parseAndProcess(TemplateManager.java:666) ~[thymeleaf-3.0.15.RELEASE.jar:3.0.15.RELEASE]
	at org.thymeleaf.TemplateEngine.process(TemplateEngine.java:1098) ~[thymeleaf-3.0.15.RELEASE.jar:3.0.15.RELEASE]
	at org.thymeleaf.TemplateEngine.process(TemplateEngine.java:1072) ~[thymeleaf-3.0.15.RELEASE.jar:3.0.15.RELEASE]
	at org.thymeleaf.spring5.view.ThymeleafView.renderFragment(ThymeleafView.java:366) ~[thymeleaf-spring5-3.0.15.RELEASE.jar:3.0.15.RELEASE]
	at org.thymeleaf.spring5.view.ThymeleafView.render(ThymeleafView.java:190) ~[thymeleaf-spring5-3.0.15.RELEASE.jar:3.0.15.RELEASE]
	at org.springframework.web.servlet.DispatcherServlet.render(DispatcherServlet.java:1406) ~[spring-webmvc-5.3.27.jar:5.3.27]
	at org.springframework.web.servlet.DispatcherServlet.processDispatchResult(DispatcherServlet.java:1150) ~[spring-webmvc-5.3.27.jar:5.3.27]
	at org.springframework.web.servlet.DispatcherServlet.doDispatch(DispatcherServlet.java:1089) ~[spring-webmvc-5.3.27.jar:5.3.27]
	at org.springframework.web.servlet.DispatcherServlet.doService(DispatcherServlet.java:965) ~[spring-webmvc-5.3.27.jar:5.3.27]
	at org.springframework.web.servlet.FrameworkServlet.processRequest(FrameworkServlet.java:1006) ~[spring-webmvc-5.3.27.jar:5.3.27]
	at org.springframework.web.servlet.FrameworkServlet.doGet(FrameworkServlet.java:898) ~[spring-webmvc-5.3.27.jar:5.3.27]
	at javax.servlet.http.HttpServlet.service(HttpServlet.java:529) ~[tomcat-embed-core-9.0.75.jar:4.0.FR]
	at org.springframework.web.servlet.FrameworkServlet.service(FrameworkServlet.java:883) ~[spring-webmvc-5.3.27.jar:5.3.27]
	at javax.servlet.http.HttpServlet.service(HttpServlet.java:623) ~[tomcat-embed-core-9.0.75.jar:4.0.FR]
	at org.apache.catalina.core.ApplicationFilterChain.internalDoFilter(ApplicationFilterChain.java:209) ~[tomcat-embed-core-9.0.75.jar:9.0.75]
	at org.apache.catalina.core.ApplicationFilterChain.doFilter(ApplicationFilterChain.java:153) ~[tomcat-embed-core-9.0.75.jar:9.0.75]
	at org.apache.tomcat.websocket.server.WsFilter.doFilter(WsFilter.java:51) ~[tomcat-embed-websocket-9.0.75.jar:9.0.75]
	at org.apache.catalina.core.ApplicationFilterChain.internalDoFilter(ApplicationFilterChain.java:178) ~[tomcat-embed-core-9.0.75.jar:9.0.75]
	at org.apache.catalina.core.ApplicationFilterChain.doFilter(ApplicationFilterChain.java:153) ~[tomcat-embed-core-9.0.75.jar:9.0.75]
	at org.springframework.security.web.FilterChainProxy$VirtualFilterChain.doFilter(FilterChainProxy.java:337) ~[spring-security-web-5.7.8.jar:5.7.8]
	at org.springframework.security.web.access.intercept.FilterSecurityInterceptor.invoke(FilterSecurityInterceptor.java:115) ~[spring-security-web-5.7.8.jar:5.7.8]
	at org.springframework.security.web.access.intercept.FilterSecurityInterceptor.doFilter(FilterSecurityInterceptor.java:81) ~[spring-security-web-5.7.8.jar:5.7.8]
	at org.springframework.security.web.FilterChainProxy$VirtualFilterChain.doFilter(FilterChainProxy.java:346) ~[spring-security-web-5.7.8.jar:5.7.8]
	at org.springframework.security.web.access.ExceptionTranslationFilter.doFilter(ExceptionTranslationFilter.java:122) ~[spring-security-web-5.7.8.jar:5.7.8]
	at org.springframework.security.web.access.ExceptionTranslationFilter.doFilter(ExceptionTranslationFilter.java:116) ~[spring-security-web-5.7.8.jar:5.7.8]
	at org.springframework.security.web.FilterChainProxy$VirtualFilterChain.doFilter(FilterChainProxy.java:346) ~[spring-security-web-5.7.8.jar:5.7.8]
	at org.springframework.security.web.session.SessionManagementFilter.doFilter(SessionManagementFilter.java:126) ~[spring-security-web-5.7.8.jar:5.7.8]
	at org.springframework.security.web.session.SessionManagementFilter.doFilter(SessionManagementFilter.java:81) ~[spring-security-web-5.7.8.jar:5.7.8]
	at org.springframework.security.web.FilterChainProxy$VirtualFilterChain.doFilter(FilterChainProxy.java:346) ~[spring-security-web-5.7.8.jar:5.7.8]
	at org.springframework.security.web.authentication.AnonymousAuthenticationFilter.doFilter(AnonymousAuthenticationFilter.java:109) ~[spring-security-web-5.7.8.jar:5.7.8]
	at org.springframework.security.web.FilterChainProxy$VirtualFilterChain.doFilter(FilterChainProxy.java:346) ~[spring-security-web-5.7.8.jar:5.7.8]
	at org.springframework.security.web.servletapi.SecurityContextHolderAwareRequestFilter.doFilter(SecurityContextHolderAwareRequestFilter.java:149) ~[spring-security-web-5.7.8.jar:5.7.8]
	at org.springframework.security.web.FilterChainProxy$VirtualFilterChain.doFilter(FilterChainProxy.java:346) ~[spring-security-web-5.7.8.jar:5.7.8]
	at org.springframework.security.web.savedrequest.RequestCacheAwareFilter.doFilter(RequestCacheAwareFilter.java:63) ~[spring-security-web-5.7.8.jar:5.7.8]
	at org.springframework.security.web.FilterChainProxy$VirtualFilterChain.doFilter(FilterChainProxy.java:346) ~[spring-security-web-5.7.8.jar:5.7.8]
	at org.springframework.security.web.authentication.AbstractAuthenticationProcessingFilter.doFilter(AbstractAuthenticationProcessingFilter.java:223) ~[spring-security-web-5.7.8.jar:5.7.8]
	at org.springframework.security.web.authentication.AbstractAuthenticationProcessingFilter.doFilter(AbstractAuthenticationProcessingFilter.java:217) ~[spring-security-web-5.7.8.jar:5.7.8]
	at org.springframework.security.web.FilterChainProxy$VirtualFilterChain.doFilter(FilterChainProxy.java:346) ~[spring-security-web-5.7.8.jar:5.7.8]
	at org.springframework.security.web.authentication.logout.LogoutFilter.doFilter(LogoutFilter.java:103) ~[spring-security-web-5.7.8.jar:5.7.8]
	at org.springframework.security.web.authentication.logout.LogoutFilter.doFilter(LogoutFilter.java:89) ~[spring-security-web-5.7.8.jar:5.7.8]
	at org.springframework.security.web.FilterChainProxy$VirtualFilterChain.doFilter(FilterChainProxy.java:346) ~[spring-security-web-5.7.8.jar:5.7.8]
	at org.springframework.security.web.header.HeaderWriterFilter.doHeadersAfter(HeaderWriterFilter.java:90) ~[spring-security-web-5.7.8.jar:5.7.8]
	at org.springframework.security.web.header.HeaderWriterFilter.doFilterInternal(HeaderWriterFilter.java:75) ~[spring-security-web-5.7.8.jar:5.7.8]
	at org.springframework.web.filter.OncePerRequestFilter.doFilter(OncePerRequestFilter.java:117) ~[spring-web-5.3.27.jar:5.3.27]
	at org.springframework.security.web.FilterChainProxy$VirtualFilterChain.doFilter(FilterChainProxy.java:346) ~[spring-security-web-5.7.8.jar:5.7.8]
	at org.springframework.security.web.context.SecurityContextPersistenceFilter.doFilter(SecurityContextPersistenceFilter.java:112) ~[spring-security-web-5.7.8.jar:5.7.8]
	at org.springframework.security.web.context.SecurityContextPersistenceFilter.doFilter(SecurityContextPersistenceFilter.java:82) ~[spring-security-web-5.7.8.jar:5.7.8]
	at org.springframework.security.web.FilterChainProxy$VirtualFilterChain.doFilter(FilterChainProxy.java:346) ~[spring-security-web-5.7.8.jar:5.7.8]
	at org.springframework.security.web.context.request.async.WebAsyncManagerIntegrationFilter.doFilterInternal(WebAsyncManagerIntegrationFilter.java:55) ~[spring-security-web-5.7.8.jar:5.7.8]
	at org.springframework.web.filter.OncePerRequestFilter.doFilter(OncePerRequestFilter.java:117) ~[spring-web-5.3.27.jar:5.3.27]
	at org.springframework.security.web.FilterChainProxy$VirtualFilterChain.doFilter(FilterChainProxy.java:346) ~[spring-security-web-5.7.8.jar:5.7.8]
	at org.springframework.security.web.session.DisableEncodeUrlFilter.doFilterInternal(DisableEncodeUrlFilter.java:42) ~[spring-security-web-5.7.8.jar:5.7.8]
	at org.springframework.web.filter.OncePerRequestFilter.doFilter(OncePerRequestFilter.java:117) ~[spring-web-5.3.27.jar:5.3.27]
	at org.springframework.security.web.FilterChainProxy$VirtualFilterChain.doFilter(FilterChainProxy.java:346) ~[spring-security-web-5.7.8.jar:5.7.8]
	at org.springframework.security.web.FilterChainProxy.doFilterInternal(FilterChainProxy.java:221) ~[spring-security-web-5.7.8.jar:5.7.8]
	at org.springframework.security.web.FilterChainProxy.doFilter(FilterChainProxy.java:186) ~[spring-security-web-5.7.8.jar:5.7.8]
	at org.springframework.web.filter.DelegatingFilterProxy.invokeDelegate(DelegatingFilterProxy.java:354) ~[spring-web-5.3.27.jar:5.3.27]
	at org.springframework.web.filter.DelegatingFilterProxy.doFilter(DelegatingFilterProxy.java:267) ~[spring-web-5.3.27.jar:5.3.27]
	at org.apache.catalina.core.ApplicationFilterChain.internalDoFilter(ApplicationFilterChain.java:178) ~[tomcat-embed-core-9.0.75.jar:9.0.75]
	at org.apache.catalina.core.ApplicationFilterChain.doFilter(ApplicationFilterChain.java:153) ~[tomcat-embed-core-9.0.75.jar:9.0.75]
	at org.springframework.web.filter.RequestContextFilter.doFilterInternal(RequestContextFilter.java:100) ~[spring-web-5.3.27.jar:5.3.27]
	at org.springframework.web.filter.OncePerRequestFilter.doFilter(OncePerRequestFilter.java:117) ~[spring-web-5.3.27.jar:5.3.27]
	at org.apache.catalina.core.ApplicationFilterChain.internalDoFilter(ApplicationFilterChain.java:178) ~[tomcat-embed-core-9.0.75.jar:9.0.75]
	at org.apache.catalina.core.ApplicationFilterChain.doFilter(ApplicationFilterChain.java:153) ~[tomcat-embed-core-9.0.75.jar:9.0.75]
	at org.springframework.web.filter.FormContentFilter.doFilterInternal(FormContentFilter.java:93) ~[spring-web-5.3.27.jar:5.3.27]
	at org.springframework.web.filter.OncePerRequestFilter.doFilter(OncePerRequestFilter.java:117) ~[spring-web-5.3.27.jar:5.3.27]
	at org.apache.catalina.core.ApplicationFilterChain.internalDoFilter(ApplicationFilterChain.java:178) ~[tomcat-embed-core-9.0.75.jar:9.0.75]
	at org.apache.catalina.core.ApplicationFilterChain.doFilter(ApplicationFilterChain.java:153) ~[tomcat-embed-core-9.0.75.jar:9.0.75]
	at org.springframework.web.filter.CharacterEncodingFilter.doFilterInternal(CharacterEncodingFilter.java:201) ~[spring-web-5.3.27.jar:5.3.27]
	at org.springframework.web.filter.OncePerRequestFilter.doFilter(OncePerRequestFilter.java:117) ~[spring-web-5.3.27.jar:5.3.27]
	at org.apache.catalina.core.ApplicationFilterChain.internalDoFilter(ApplicationFilterChain.java:178) ~[tomcat-embed-core-9.0.75.jar:9.0.75]
	at org.apache.catalina.core.ApplicationFilterChain.doFilter(ApplicationFilterChain.java:153) ~[tomcat-embed-core-9.0.75.jar:9.0.75]
	at org.apache.catalina.core.StandardWrapperValve.invoke(StandardWrapperValve.java:167) ~[tomcat-embed-core-9.0.75.jar:9.0.75]
	at org.apache.catalina.core.StandardContextValve.invoke(StandardContextValve.java:90) ~[tomcat-embed-core-9.0.75.jar:9.0.75]
	at org.apache.catalina.authenticator.AuthenticatorBase.invoke(AuthenticatorBase.java:481) ~[tomcat-embed-core-9.0.75.jar:9.0.75]
	at org.apache.catalina.core.StandardHostValve.invoke(StandardHostValve.java:130) ~[tomcat-embed-core-9.0.75.jar:9.0.75]
	at org.apache.catalina.valves.ErrorReportValve.invoke(ErrorReportValve.java:93) ~[tomcat-embed-core-9.0.75.jar:9.0.75]
	at org.apache.catalina.core.StandardEngineValve.invoke(StandardEngineValve.java:74) ~[tomcat-embed-core-9.0.75.jar:9.0.75]
	at org.apache.catalina.connector.CoyoteAdapter.service(CoyoteAdapter.java:343) ~[tomcat-embed-core-9.0.75.jar:9.0.75]
	at org.apache.coyote.http11.Http11Processor.service(Http11Processor.java:390) ~[tomcat-embed-core-9.0.75.jar:9.0.75]
	at org.apache.coyote.AbstractProcessorLight.process(AbstractProcessorLight.java:63) ~[tomcat-embed-core-9.0.75.jar:9.0.75]
	at org.apache.coyote.AbstractProtocol$ConnectionHandler.process(AbstractProtocol.java:926) ~[tomcat-embed-core-9.0.75.jar:9.0.75]
	at org.apache.tomcat.util.net.NioEndpoint$SocketProcessor.doRun(NioEndpoint.java:1791) ~[tomcat-embed-core-9.0.75.jar:9.0.75]
	at org.apache.tomcat.util.net.SocketProcessorBase.run(SocketProcessorBase.java:52) ~[tomcat-embed-core-9.0.75.jar:9.0.75]
	at org.apache.tomcat.util.threads.ThreadPoolExecutor.runWorker(ThreadPoolExecutor.java:1191) ~[tomcat-embed-core-9.0.75.jar:9.0.75]
	at org.apache.tomcat.util.threads.ThreadPoolExecutor$Worker.run(ThreadPoolExecutor.java:659) ~[tomcat-embed-core-9.0.75.jar:9.0.75]
	at org.apache.tomcat.util.threads.TaskThread$WrappingRunnable.run(TaskThread.java:61) ~[tomcat-embed-core-9.0.75.jar:9.0.75]
	at java.lang.Thread.run(Thread.java:834) ~[?:?]
2026-06-04 21:33:00.810 [ERROR] Cannot render error page for request [/] and exception [An error happened during template parsing (template: "class path resource [templates/views/main/main.html]")] as the response has already been committed. As a result, the response may have the wrong status code.
2026-06-04 21:35:16.687 [INFO ] Closing JPA EntityManagerFactory for persistence unit 'default'
2026-06-04 21:35:16.690 [INFO ] HikariPool-1 - Shutdown initiated...
2026-06-04 21:35:16.694 [INFO ] HikariPool-1 - Shutdown completed.
2026-06-04 21:36:11.507 [INFO ] Starting RadarWebApplication using Java 11.0.2 on haems with PID 25836 (C:\0003_kimsn\kimsn\radar-web\build\classes\java\main started by imeahmik in C:\0003_kimsn\kimsn)
2026-06-04 21:36:11.525 [DEBUG] Running with Spring Boot v2.7.12, Spring v5.3.27
2026-06-04 21:36:11.526 [INFO ] No active profile set, falling back to 1 default profile: "default"
2026-06-04 21:36:12.029 [INFO ] Devtools property defaults active! Set 'spring.devtools.add-properties' to 'false' to disable
2026-06-04 21:36:12.030 [INFO ] For additional web related logging consider setting the 'logging.level.web' property to 'DEBUG'
2026-06-04 21:36:13.863 [INFO ] Bootstrapping Spring Data JPA repositories in DEFAULT mode.
2026-06-04 21:36:14.306 [INFO ] Finished Spring Data repository scanning in 425 ms. Found 24 JPA repository interfaces.
2026-06-04 21:36:16.342 [INFO ] Tomcat initialized with port(s): 8700 (http)
2026-06-04 21:36:16.361 [INFO ] Initializing ProtocolHandler ["http-nio-8700"]
2026-06-04 21:36:16.362 [INFO ] Starting service [Tomcat]
2026-06-04 21:36:16.362 [INFO ] Starting Servlet engine: [Apache Tomcat/9.0.75]
2026-06-04 21:36:16.709 [INFO ] Initializing Spring embedded WebApplicationContext
2026-06-04 21:36:16.710 [INFO ] Root WebApplicationContext: initialization completed in 4678 ms
2026-06-04 21:36:16.925 [INFO ] HikariPool-1 - Starting...
2026-06-04 21:36:17.857 [INFO ] HikariPool-1 - Start completed.
2026-06-04 21:36:18.120 [INFO ] HHH000204: Processing PersistenceUnitInfo [name: default]
2026-06-04 21:36:18.273 [INFO ] HHH000412: Hibernate ORM core version 5.6.15.Final
2026-06-04 21:36:18.766 [INFO ] HCANN000001: Hibernate Commons Annotations {5.1.2.Final}
2026-06-04 21:36:19.249 [INFO ] HHH000400: Using dialect: org.hibernate.dialect.MySQL8Dialect
2026-06-04 21:36:21.547 [INFO ] HHH000490: Using JtaPlatform implementation: [org.hibernate.engine.transaction.jta.platform.internal.NoJtaPlatform]
2026-06-04 21:36:21.596 [INFO ] Initialized JPA EntityManagerFactory for persistence unit 'default'
2026-06-04 21:36:24.117 [INFO ] Will secure any request with [org.springframework.security.web.session.DisableEncodeUrlFilter@16e0e4b5, org.springframework.security.web.context.request.async.WebAsyncManagerIntegrationFilter@12dc92d4, org.springframework.security.web.context.SecurityContextPersistenceFilter@44ff7234, org.springframework.security.web.header.HeaderWriterFilter@33456715, org.springframework.security.web.authentication.logout.LogoutFilter@79db5594, org.springframework.security.web.authentication.UsernamePasswordAuthenticationFilter@725cf189, org.springframework.security.web.savedrequest.RequestCacheAwareFilter@54d722a3, org.springframework.security.web.servletapi.SecurityContextHolderAwareRequestFilter@76cd64ae, org.springframework.security.web.authentication.AnonymousAuthenticationFilter@799f9bf, org.springframework.security.web.session.SessionManagementFilter@14026617, org.springframework.security.web.access.ExceptionTranslationFilter@71b428b, org.springframework.security.web.access.intercept.FilterSecurityInterceptor@40f3a228]
2026-06-04 21:36:24.394 [WARN ] spring.jpa.open-in-view is enabled by default. Therefore, database queries may be performed during view rendering. Explicitly configure spring.jpa.open-in-view to disable this warning
2026-06-04 21:36:26.008 [INFO ] LiveReload server is running on port 35729
2026-06-04 21:36:26.044 [INFO ] Starting ProtocolHandler ["http-nio-8700"]
2026-06-04 21:36:26.098 [INFO ] Tomcat started on port(s): 8700 (http) with context path ''
2026-06-04 21:36:26.117 [INFO ] Started RadarWebApplication in 15.794 seconds (JVM running for 21.571)
2026-06-04 21:36:36.394 [INFO ] Initializing Spring DispatcherServlet 'dispatcherServlet'
2026-06-04 21:36:36.394 [INFO ] Initializing Servlet 'dispatcherServlet'
2026-06-04 21:36:36.396 [INFO ] Completed initialization in 2 ms
2026-06-04 21:36:36.553 [INFO ] loginUser ::::: test
2026-06-04 21:36:39.309 [ERROR] [THYMELEAF][http-nio-8700-exec-1] Exception processing template "views/main/main": An error happened during template parsing (template: "class path resource [templates/views/main/main.html]")
org.thymeleaf.exceptions.TemplateInputException: An error happened during template parsing (template: "class path resource [templates/views/main/main.html]")
	at org.thymeleaf.templateparser.markup.AbstractMarkupTemplateParser.parse(AbstractMarkupTemplateParser.java:241) ~[thymeleaf-3.0.15.RELEASE.jar:3.0.15.RELEASE]
	at org.thymeleaf.templateparser.markup.AbstractMarkupTemplateParser.parseStandalone(AbstractMarkupTemplateParser.java:100) ~[thymeleaf-3.0.15.RELEASE.jar:3.0.15.RELEASE]
	at org.thymeleaf.engine.TemplateManager.parseAndProcess(TemplateManager.java:666) ~[thymeleaf-3.0.15.RELEASE.jar:3.0.15.RELEASE]
	at org.thymeleaf.TemplateEngine.process(TemplateEngine.java:1098) ~[thymeleaf-3.0.15.RELEASE.jar:3.0.15.RELEASE]
	at org.thymeleaf.TemplateEngine.process(TemplateEngine.java:1072) ~[thymeleaf-3.0.15.RELEASE.jar:3.0.15.RELEASE]
	at org.thymeleaf.spring5.view.ThymeleafView.renderFragment(ThymeleafView.java:366) ~[thymeleaf-spring5-3.0.15.RELEASE.jar:3.0.15.RELEASE]
	at org.thymeleaf.spring5.view.ThymeleafView.render(ThymeleafView.java:190) ~[thymeleaf-spring5-3.0.15.RELEASE.jar:3.0.15.RELEASE]
	at org.springframework.web.servlet.DispatcherServlet.render(DispatcherServlet.java:1406) ~[spring-webmvc-5.3.27.jar:5.3.27]
	at org.springframework.web.servlet.DispatcherServlet.processDispatchResult(DispatcherServlet.java:1150) ~[spring-webmvc-5.3.27.jar:5.3.27]
	at org.springframework.web.servlet.DispatcherServlet.doDispatch(DispatcherServlet.java:1089) ~[spring-webmvc-5.3.27.jar:5.3.27]
	at org.springframework.web.servlet.DispatcherServlet.doService(DispatcherServlet.java:965) ~[spring-webmvc-5.3.27.jar:5.3.27]
	at org.springframework.web.servlet.FrameworkServlet.processRequest(FrameworkServlet.java:1006) ~[spring-webmvc-5.3.27.jar:5.3.27]
	at org.springframework.web.servlet.FrameworkServlet.doGet(FrameworkServlet.java:898) ~[spring-webmvc-5.3.27.jar:5.3.27]
	at javax.servlet.http.HttpServlet.service(HttpServlet.java:529) ~[tomcat-embed-core-9.0.75.jar:4.0.FR]
	at org.springframework.web.servlet.FrameworkServlet.service(FrameworkServlet.java:883) ~[spring-webmvc-5.3.27.jar:5.3.27]
	at javax.servlet.http.HttpServlet.service(HttpServlet.java:623) ~[tomcat-embed-core-9.0.75.jar:4.0.FR]
	at org.apache.catalina.core.ApplicationFilterChain.internalDoFilter(ApplicationFilterChain.java:209) ~[tomcat-embed-core-9.0.75.jar:9.0.75]
	at org.apache.catalina.core.ApplicationFilterChain.doFilter(ApplicationFilterChain.java:153) ~[tomcat-embed-core-9.0.75.jar:9.0.75]
	at org.apache.tomcat.websocket.server.WsFilter.doFilter(WsFilter.java:51) ~[tomcat-embed-websocket-9.0.75.jar:9.0.75]
	at org.apache.catalina.core.ApplicationFilterChain.internalDoFilter(ApplicationFilterChain.java:178) ~[tomcat-embed-core-9.0.75.jar:9.0.75]
	at org.apache.catalina.core.ApplicationFilterChain.doFilter(ApplicationFilterChain.java:153) ~[tomcat-embed-core-9.0.75.jar:9.0.75]
	at org.springframework.security.web.FilterChainProxy$VirtualFilterChain.doFilter(FilterChainProxy.java:337) ~[spring-security-web-5.7.8.jar:5.7.8]
	at org.springframework.security.web.access.intercept.FilterSecurityInterceptor.invoke(FilterSecurityInterceptor.java:115) ~[spring-security-web-5.7.8.jar:5.7.8]
	at org.springframework.security.web.access.intercept.FilterSecurityInterceptor.doFilter(FilterSecurityInterceptor.java:81) ~[spring-security-web-5.7.8.jar:5.7.8]
	at org.springframework.security.web.FilterChainProxy$VirtualFilterChain.doFilter(FilterChainProxy.java:346) ~[spring-security-web-5.7.8.jar:5.7.8]
	at org.springframework.security.web.access.ExceptionTranslationFilter.doFilter(ExceptionTranslationFilter.java:122) ~[spring-security-web-5.7.8.jar:5.7.8]
	at org.springframework.security.web.access.ExceptionTranslationFilter.doFilter(ExceptionTranslationFilter.java:116) ~[spring-security-web-5.7.8.jar:5.7.8]
	at org.springframework.security.web.FilterChainProxy$VirtualFilterChain.doFilter(FilterChainProxy.java:346) ~[spring-security-web-5.7.8.jar:5.7.8]
	at org.springframework.security.web.session.SessionManagementFilter.doFilter(SessionManagementFilter.java:126) ~[spring-security-web-5.7.8.jar:5.7.8]
	at org.springframework.security.web.session.SessionManagementFilter.doFilter(SessionManagementFilter.java:81) ~[spring-security-web-5.7.8.jar:5.7.8]
	at org.springframework.security.web.FilterChainProxy$VirtualFilterChain.doFilter(FilterChainProxy.java:346) ~[spring-security-web-5.7.8.jar:5.7.8]
	at org.springframework.security.web.authentication.AnonymousAuthenticationFilter.doFilter(AnonymousAuthenticationFilter.java:109) ~[spring-security-web-5.7.8.jar:5.7.8]
	at org.springframework.security.web.FilterChainProxy$VirtualFilterChain.doFilter(FilterChainProxy.java:346) ~[spring-security-web-5.7.8.jar:5.7.8]
	at org.springframework.security.web.servletapi.SecurityContextHolderAwareRequestFilter.doFilter(SecurityContextHolderAwareRequestFilter.java:149) ~[spring-security-web-5.7.8.jar:5.7.8]
	at org.springframework.security.web.FilterChainProxy$VirtualFilterChain.doFilter(FilterChainProxy.java:346) ~[spring-security-web-5.7.8.jar:5.7.8]
	at org.springframework.security.web.savedrequest.RequestCacheAwareFilter.doFilter(RequestCacheAwareFilter.java:63) ~[spring-security-web-5.7.8.jar:5.7.8]
	at org.springframework.security.web.FilterChainProxy$VirtualFilterChain.doFilter(FilterChainProxy.java:346) ~[spring-security-web-5.7.8.jar:5.7.8]
	at org.springframework.security.web.authentication.AbstractAuthenticationProcessingFilter.doFilter(AbstractAuthenticationProcessingFilter.java:223) ~[spring-security-web-5.7.8.jar:5.7.8]
	at org.springframework.security.web.authentication.AbstractAuthenticationProcessingFilter.doFilter(AbstractAuthenticationProcessingFilter.java:217) ~[spring-security-web-5.7.8.jar:5.7.8]
	at org.springframework.security.web.FilterChainProxy$VirtualFilterChain.doFilter(FilterChainProxy.java:346) ~[spring-security-web-5.7.8.jar:5.7.8]
	at org.springframework.security.web.authentication.logout.LogoutFilter.doFilter(LogoutFilter.java:103) ~[spring-security-web-5.7.8.jar:5.7.8]
	at org.springframework.security.web.authentication.logout.LogoutFilter.doFilter(LogoutFilter.java:89) ~[spring-security-web-5.7.8.jar:5.7.8]
	at org.springframework.security.web.FilterChainProxy$VirtualFilterChain.doFilter(FilterChainProxy.java:346) ~[spring-security-web-5.7.8.jar:5.7.8]
	at org.springframework.security.web.header.HeaderWriterFilter.doHeadersAfter(HeaderWriterFilter.java:90) ~[spring-security-web-5.7.8.jar:5.7.8]
	at org.springframework.security.web.header.HeaderWriterFilter.doFilterInternal(HeaderWriterFilter.java:75) ~[spring-security-web-5.7.8.jar:5.7.8]
	at org.springframework.web.filter.OncePerRequestFilter.doFilter(OncePerRequestFilter.java:117) ~[spring-web-5.3.27.jar:5.3.27]
	at org.springframework.security.web.FilterChainProxy$VirtualFilterChain.doFilter(FilterChainProxy.java:346) ~[spring-security-web-5.7.8.jar:5.7.8]
	at org.springframework.security.web.context.SecurityContextPersistenceFilter.doFilter(SecurityContextPersistenceFilter.java:112) ~[spring-security-web-5.7.8.jar:5.7.8]
	at org.springframework.security.web.context.SecurityContextPersistenceFilter.doFilter(SecurityContextPersistenceFilter.java:82) ~[spring-security-web-5.7.8.jar:5.7.8]
	at org.springframework.security.web.FilterChainProxy$VirtualFilterChain.doFilter(FilterChainProxy.java:346) ~[spring-security-web-5.7.8.jar:5.7.8]
	at org.springframework.security.web.context.request.async.WebAsyncManagerIntegrationFilter.doFilterInternal(WebAsyncManagerIntegrationFilter.java:55) ~[spring-security-web-5.7.8.jar:5.7.8]
	at org.springframework.web.filter.OncePerRequestFilter.doFilter(OncePerRequestFilter.java:117) ~[spring-web-5.3.27.jar:5.3.27]
	at org.springframework.security.web.FilterChainProxy$VirtualFilterChain.doFilter(FilterChainProxy.java:346) ~[spring-security-web-5.7.8.jar:5.7.8]
	at org.springframework.security.web.session.DisableEncodeUrlFilter.doFilterInternal(DisableEncodeUrlFilter.java:42) ~[spring-security-web-5.7.8.jar:5.7.8]
	at org.springframework.web.filter.OncePerRequestFilter.doFilter(OncePerRequestFilter.java:117) ~[spring-web-5.3.27.jar:5.3.27]
	at org.springframework.security.web.FilterChainProxy$VirtualFilterChain.doFilter(FilterChainProxy.java:346) ~[spring-security-web-5.7.8.jar:5.7.8]
	at org.springframework.security.web.FilterChainProxy.doFilterInternal(FilterChainProxy.java:221) ~[spring-security-web-5.7.8.jar:5.7.8]
	at org.springframework.security.web.FilterChainProxy.doFilter(FilterChainProxy.java:186) ~[spring-security-web-5.7.8.jar:5.7.8]
	at org.springframework.web.filter.DelegatingFilterProxy.invokeDelegate(DelegatingFilterProxy.java:354) ~[spring-web-5.3.27.jar:5.3.27]
	at org.springframework.web.filter.DelegatingFilterProxy.doFilter(DelegatingFilterProxy.java:267) ~[spring-web-5.3.27.jar:5.3.27]
	at org.apache.catalina.core.ApplicationFilterChain.internalDoFilter(ApplicationFilterChain.java:178) ~[tomcat-embed-core-9.0.75.jar:9.0.75]
	at org.apache.catalina.core.ApplicationFilterChain.doFilter(ApplicationFilterChain.java:153) ~[tomcat-embed-core-9.0.75.jar:9.0.75]
	at org.springframework.web.filter.RequestContextFilter.doFilterInternal(RequestContextFilter.java:100) ~[spring-web-5.3.27.jar:5.3.27]
	at org.springframework.web.filter.OncePerRequestFilter.doFilter(OncePerRequestFilter.java:117) ~[spring-web-5.3.27.jar:5.3.27]
	at org.apache.catalina.core.ApplicationFilterChain.internalDoFilter(ApplicationFilterChain.java:178) ~[tomcat-embed-core-9.0.75.jar:9.0.75]
	at org.apache.catalina.core.ApplicationFilterChain.doFilter(ApplicationFilterChain.java:153) ~[tomcat-embed-core-9.0.75.jar:9.0.75]
	at org.springframework.web.filter.FormContentFilter.doFilterInternal(FormContentFilter.java:93) ~[spring-web-5.3.27.jar:5.3.27]
	at org.springframework.web.filter.OncePerRequestFilter.doFilter(OncePerRequestFilter.java:117) ~[spring-web-5.3.27.jar:5.3.27]
	at org.apache.catalina.core.ApplicationFilterChain.internalDoFilter(ApplicationFilterChain.java:178) ~[tomcat-embed-core-9.0.75.jar:9.0.75]
	at org.apache.catalina.core.ApplicationFilterChain.doFilter(ApplicationFilterChain.java:153) ~[tomcat-embed-core-9.0.75.jar:9.0.75]
	at org.springframework.web.filter.CharacterEncodingFilter.doFilterInternal(CharacterEncodingFilter.java:201) ~[spring-web-5.3.27.jar:5.3.27]
	at org.springframework.web.filter.OncePerRequestFilter.doFilter(OncePerRequestFilter.java:117) ~[spring-web-5.3.27.jar:5.3.27]
	at org.apache.catalina.core.ApplicationFilterChain.internalDoFilter(ApplicationFilterChain.java:178) ~[tomcat-embed-core-9.0.75.jar:9.0.75]
	at org.apache.catalina.core.ApplicationFilterChain.doFilter(ApplicationFilterChain.java:153) ~[tomcat-embed-core-9.0.75.jar:9.0.75]
	at org.apache.catalina.core.StandardWrapperValve.invoke(StandardWrapperValve.java:167) ~[tomcat-embed-core-9.0.75.jar:9.0.75]
	at org.apache.catalina.core.StandardContextValve.invoke(StandardContextValve.java:90) ~[tomcat-embed-core-9.0.75.jar:9.0.75]
	at org.apache.catalina.authenticator.AuthenticatorBase.invoke(AuthenticatorBase.java:481) ~[tomcat-embed-core-9.0.75.jar:9.0.75]
	at org.apache.catalina.core.StandardHostValve.invoke(StandardHostValve.java:130) ~[tomcat-embed-core-9.0.75.jar:9.0.75]
	at org.apache.catalina.valves.ErrorReportValve.invoke(ErrorReportValve.java:93) ~[tomcat-embed-core-9.0.75.jar:9.0.75]
	at org.apache.catalina.core.StandardEngineValve.invoke(StandardEngineValve.java:74) ~[tomcat-embed-core-9.0.75.jar:9.0.75]
	at org.apache.catalina.connector.CoyoteAdapter.service(CoyoteAdapter.java:343) ~[tomcat-embed-core-9.0.75.jar:9.0.75]
	at org.apache.coyote.http11.Http11Processor.service(Http11Processor.java:390) ~[tomcat-embed-core-9.0.75.jar:9.0.75]
	at org.apache.coyote.AbstractProcessorLight.process(AbstractProcessorLight.java:63) ~[tomcat-embed-core-9.0.75.jar:9.0.75]
	at org.apache.coyote.AbstractProtocol$ConnectionHandler.process(AbstractProtocol.java:926) ~[tomcat-embed-core-9.0.75.jar:9.0.75]
	at org.apache.tomcat.util.net.NioEndpoint$SocketProcessor.doRun(NioEndpoint.java:1791) ~[tomcat-embed-core-9.0.75.jar:9.0.75]
	at org.apache.tomcat.util.net.SocketProcessorBase.run(SocketProcessorBase.java:52) ~[tomcat-embed-core-9.0.75.jar:9.0.75]
	at org.apache.tomcat.util.threads.ThreadPoolExecutor.runWorker(ThreadPoolExecutor.java:1191) ~[tomcat-embed-core-9.0.75.jar:9.0.75]
	at org.apache.tomcat.util.threads.ThreadPoolExecutor$Worker.run(ThreadPoolExecutor.java:659) ~[tomcat-embed-core-9.0.75.jar:9.0.75]
	at org.apache.tomcat.util.threads.TaskThread$WrappingRunnable.run(TaskThread.java:61) ~[tomcat-embed-core-9.0.75.jar:9.0.75]
	at java.lang.Thread.run(Thread.java:834) ~[?:?]
Caused by: org.attoparser.ParseException: Exception evaluating SpringEL expression: "Integer.parseInt(sList.siteNum) < 50000 && Integer.parseInt(sList.siteNum) > 40000" (template: "layout/header" - line 120, col 49)
	at org.attoparser.MarkupParser.parseDocument(MarkupParser.java:393) ~[attoparser-2.0.5.RELEASE.jar:2.0.5.RELEASE]
	at org.attoparser.MarkupParser.parse(MarkupParser.java:257) ~[attoparser-2.0.5.RELEASE.jar:2.0.5.RELEASE]
	at org.thymeleaf.templateparser.markup.AbstractMarkupTemplateParser.parse(AbstractMarkupTemplateParser.java:230) ~[thymeleaf-3.0.15.RELEASE.jar:3.0.15.RELEASE]
	... 89 more
Caused by: org.thymeleaf.exceptions.TemplateProcessingException: Exception evaluating SpringEL expression: "Integer.parseInt(sList.siteNum) < 50000 && Integer.parseInt(sList.siteNum) > 40000" (template: "layout/header" - line 120, col 49)
	at org.thymeleaf.spring5.expression.SPELVariableExpressionEvaluator.evaluate(SPELVariableExpressionEvaluator.java:292) ~[thymeleaf-spring5-3.0.15.RELEASE.jar:3.0.15.RELEASE]
	at org.thymeleaf.standard.expression.VariableExpression.executeVariableExpression(VariableExpression.java:166) ~[thymeleaf-3.0.15.RELEASE.jar:3.0.15.RELEASE]
	at org.thymeleaf.standard.expression.SimpleExpression.executeSimple(SimpleExpression.java:66) ~[thymeleaf-3.0.15.RELEASE.jar:3.0.15.RELEASE]
	at org.thymeleaf.standard.expression.Expression.execute(Expression.java:109) ~[thymeleaf-3.0.15.RELEASE.jar:3.0.15.RELEASE]
	at org.thymeleaf.standard.expression.Expression.execute(Expression.java:138) ~[thymeleaf-3.0.15.RELEASE.jar:3.0.15.RELEASE]
	at org.thymeleaf.standard.expression.Expression.execute(Expression.java:125) ~[thymeleaf-3.0.15.RELEASE.jar:3.0.15.RELEASE]
	at org.thymeleaf.standard.processor.StandardIfTagProcessor.isVisible(StandardIfTagProcessor.java:59) ~[thymeleaf-3.0.15.RELEASE.jar:3.0.15.RELEASE]
	at org.thymeleaf.standard.processor.AbstractStandardConditionalVisibilityTagProcessor.doProcess(AbstractStandardConditionalVisibilityTagProcessor.java:61) ~[thymeleaf-3.0.15.RELEASE.jar:3.0.15.RELEASE]
	at org.thymeleaf.processor.element.AbstractAttributeTagProcessor.doProcess(AbstractAttributeTagProcessor.java:74) ~[thymeleaf-3.0.15.RELEASE.jar:3.0.15.RELEASE]
	at org.thymeleaf.processor.element.AbstractElementTagProcessor.process(AbstractElementTagProcessor.java:95) ~[thymeleaf-3.0.15.RELEASE.jar:3.0.15.RELEASE]
	at org.thymeleaf.util.ProcessorConfigurationUtils$ElementTagProcessorWrapper.process(ProcessorConfigurationUtils.java:633) ~[thymeleaf-3.0.15.RELEASE.jar:3.0.15.RELEASE]
	at org.thymeleaf.engine.ProcessorTemplateHandler.handleOpenElement(ProcessorTemplateHandler.java:1314) ~[thymeleaf-3.0.15.RELEASE.jar:3.0.15.RELEASE]
	at org.thymeleaf.engine.OpenElementTag.beHandled(OpenElementTag.java:205) ~[thymeleaf-3.0.15.RELEASE.jar:3.0.15.RELEASE]
	at org.thymeleaf.engine.Model.process(Model.java:282) ~[thymeleaf-3.0.15.RELEASE.jar:3.0.15.RELEASE]
	at org.thymeleaf.engine.Model.process(Model.java:290) ~[thymeleaf-3.0.15.RELEASE.jar:3.0.15.RELEASE]
	at org.thymeleaf.engine.IteratedGatheringModelProcessable.processIterationModel(IteratedGatheringModelProcessable.java:367) ~[thymeleaf-3.0.15.RELEASE.jar:3.0.15.RELEASE]
	at org.thymeleaf.engine.IteratedGatheringModelProcessable.process(IteratedGatheringModelProcessable.java:221) ~[thymeleaf-3.0.15.RELEASE.jar:3.0.15.RELEASE]
	at org.thymeleaf.engine.ProcessorTemplateHandler.handleCloseElement(ProcessorTemplateHandler.java:1640) ~[thymeleaf-3.0.15.RELEASE.jar:3.0.15.RELEASE]
	at org.thymeleaf.engine.CloseElementTag.beHandled(CloseElementTag.java:139) ~[thymeleaf-3.0.15.RELEASE.jar:3.0.15.RELEASE]
	at org.thymeleaf.engine.Model.process(Model.java:282) ~[thymeleaf-3.0.15.RELEASE.jar:3.0.15.RELEASE]
	at org.thymeleaf.engine.Model.process(Model.java:290) ~[thymeleaf-3.0.15.RELEASE.jar:3.0.15.RELEASE]
	at org.thymeleaf.engine.IteratedGatheringModelProcessable.processIterationModel(IteratedGatheringModelProcessable.java:367) ~[thymeleaf-3.0.15.RELEASE.jar:3.0.15.RELEASE]
	at org.thymeleaf.engine.IteratedGatheringModelProcessable.process(IteratedGatheringModelProcessable.java:293) ~[thymeleaf-3.0.15.RELEASE.jar:3.0.15.RELEASE]
	at org.thymeleaf.engine.ProcessorTemplateHandler.handleCloseElement(ProcessorTemplateHandler.java:1640) ~[thymeleaf-3.0.15.RELEASE.jar:3.0.15.RELEASE]
	at org.thymeleaf.engine.CloseElementTag.beHandled(CloseElementTag.java:139) ~[thymeleaf-3.0.15.RELEASE.jar:3.0.15.RELEASE]
	at org.thymeleaf.engine.Model.process(Model.java:282) ~[thymeleaf-3.0.15.RELEASE.jar:3.0.15.RELEASE]
	at org.thymeleaf.engine.ProcessorTemplateHandler.handleOpenElement(ProcessorTemplateHandler.java:1587) ~[thymeleaf-3.0.15.RELEASE.jar:3.0.15.RELEASE]
	at org.thymeleaf.engine.OpenElementTag.beHandled(OpenElementTag.java:205) ~[thymeleaf-3.0.15.RELEASE.jar:3.0.15.RELEASE]
	at org.thymeleaf.engine.Model.process(Model.java:282) ~[thymeleaf-3.0.15.RELEASE.jar:3.0.15.RELEASE]
	at org.thymeleaf.engine.ProcessorTemplateHandler.handleOpenElement(ProcessorTemplateHandler.java:1587) ~[thymeleaf-3.0.15.RELEASE.jar:3.0.15.RELEASE]
	at org.thymeleaf.engine.OpenElementTag.beHandled(OpenElementTag.java:205) ~[thymeleaf-3.0.15.RELEASE.jar:3.0.15.RELEASE]
	at org.thymeleaf.engine.Model.process(Model.java:282) ~[thymeleaf-3.0.15.RELEASE.jar:3.0.15.RELEASE]
	at org.thymeleaf.engine.Model.process(Model.java:290) ~[thymeleaf-3.0.15.RELEASE.jar:3.0.15.RELEASE]
	at org.thymeleaf.engine.GatheringModelProcessable.process(GatheringModelProcessable.java:78) ~[thymeleaf-3.0.15.RELEASE.jar:3.0.15.RELEASE]
	at org.thymeleaf.engine.ProcessorTemplateHandler.handleCloseElement(ProcessorTemplateHandler.java:1640) ~[thymeleaf-3.0.15.RELEASE.jar:3.0.15.RELEASE]
	at org.thymeleaf.engine.TemplateHandlerAdapterMarkupHandler.handleCloseElementEnd(TemplateHandlerAdapterMarkupHandler.java:388) ~[thymeleaf-3.0.15.RELEASE.jar:3.0.15.RELEASE]
	at org.thymeleaf.templateparser.markup.InlinedOutputExpressionMarkupHandler$InlineMarkupAdapterPreProcessorHandler.handleCloseElementEnd(InlinedOutputExpressionMarkupHandler.java:322) ~[thymeleaf-3.0.15.RELEASE.jar:3.0.15.RELEASE]
	at org.thymeleaf.standard.inline.OutputExpressionInlinePreProcessorHandler.handleCloseElementEnd(OutputExpressionInlinePreProcessorHandler.java:220) ~[thymeleaf-3.0.15.RELEASE.jar:3.0.15.RELEASE]
	at org.thymeleaf.templateparser.markup.InlinedOutputExpressionMarkupHandler.handleCloseElementEnd(InlinedOutputExpressionMarkupHandler.java:164) ~[thymeleaf-3.0.15.RELEASE.jar:3.0.15.RELEASE]
	at org.attoparser.HtmlElement.handleCloseElementEnd(HtmlElement.java:169) ~[attoparser-2.0.5.RELEASE.jar:2.0.5.RELEASE]
	at org.attoparser.HtmlMarkupHandler.handleCloseElementEnd(HtmlMarkupHandler.java:412) ~[attoparser-2.0.5.RELEASE.jar:2.0.5.RELEASE]
	at org.attoparser.MarkupEventProcessorHandler.handleCloseElementEnd(MarkupEventProcessorHandler.java:473) ~[attoparser-2.0.5.RELEASE.jar:2.0.5.RELEASE]
	at org.attoparser.ParsingElementMarkupUtil.parseCloseElement(ParsingElementMarkupUtil.java:201) ~[attoparser-2.0.5.RELEASE.jar:2.0.5.RELEASE]
	at org.attoparser.MarkupParser.parseBuffer(MarkupParser.java:725) ~[attoparser-2.0.5.RELEASE.jar:2.0.5.RELEASE]
	at org.attoparser.MarkupParser.parseDocument(MarkupParser.java:301) ~[attoparser-2.0.5.RELEASE.jar:2.0.5.RELEASE]
	at org.attoparser.MarkupParser.parse(MarkupParser.java:257) ~[attoparser-2.0.5.RELEASE.jar:2.0.5.RELEASE]
	at org.thymeleaf.templateparser.markup.AbstractMarkupTemplateParser.parse(AbstractMarkupTemplateParser.java:230) ~[thymeleaf-3.0.15.RELEASE.jar:3.0.15.RELEASE]
	... 89 more
Caused by: org.springframework.expression.spel.SpelEvaluationException: EL1011E: Method call: Attempted to call method parseInt(java.lang.String) on null context object
	at org.springframework.expression.spel.ast.MethodReference.throwIfNotNullSafe(MethodReference.java:154) ~[spring-expression-5.3.27.jar:5.3.27]
	at org.springframework.expression.spel.ast.MethodReference.getValueRef(MethodReference.java:83) ~[spring-expression-5.3.27.jar:5.3.27]
	at org.springframework.expression.spel.ast.CompoundExpression.getValueRef(CompoundExpression.java:71) ~[spring-expression-5.3.27.jar:5.3.27]
	at org.springframework.expression.spel.ast.CompoundExpression.getValueInternal(CompoundExpression.java:92) ~[spring-expression-5.3.27.jar:5.3.27]
	at org.springframework.expression.spel.ast.OpLT.getValueInternal(OpLT.java:47) ~[spring-expression-5.3.27.jar:5.3.27]
	at org.springframework.expression.spel.ast.OpLT.getValueInternal(OpLT.java:37) ~[spring-expression-5.3.27.jar:5.3.27]
	at org.springframework.expression.spel.ast.SpelNodeImpl.getValue(SpelNodeImpl.java:212) ~[spring-expression-5.3.27.jar:5.3.27]
	at org.springframework.expression.spel.ast.OpAnd.getBooleanValue(OpAnd.java:57) ~[spring-expression-5.3.27.jar:5.3.27]
	at org.springframework.expression.spel.ast.OpAnd.getValueInternal(OpAnd.java:48) ~[spring-expression-5.3.27.jar:5.3.27]
	at org.springframework.expression.spel.ast.SpelNodeImpl.getValue(SpelNodeImpl.java:114) ~[spring-expression-5.3.27.jar:5.3.27]
	at org.springframework.expression.spel.standard.SpelExpression.getValue(SpelExpression.java:338) ~[spring-expression-5.3.27.jar:5.3.27]
	at org.thymeleaf.spring5.expression.SPELVariableExpressionEvaluator.evaluate(SPELVariableExpressionEvaluator.java:265) ~[thymeleaf-spring5-3.0.15.RELEASE.jar:3.0.15.RELEASE]
	at org.thymeleaf.standard.expression.VariableExpression.executeVariableExpression(VariableExpression.java:166) ~[thymeleaf-3.0.15.RELEASE.jar:3.0.15.RELEASE]
	at org.thymeleaf.standard.expression.SimpleExpression.executeSimple(SimpleExpression.java:66) ~[thymeleaf-3.0.15.RELEASE.jar:3.0.15.RELEASE]
	at org.thymeleaf.standard.expression.Expression.execute(Expression.java:109) ~[thymeleaf-3.0.15.RELEASE.jar:3.0.15.RELEASE]
	at org.thymeleaf.standard.expression.Expression.execute(Expression.java:138) ~[thymeleaf-3.0.15.RELEASE.jar:3.0.15.RELEASE]
	at org.thymeleaf.standard.expression.Expression.execute(Expression.java:125) ~[thymeleaf-3.0.15.RELEASE.jar:3.0.15.RELEASE]
	at org.thymeleaf.standard.processor.StandardIfTagProcessor.isVisible(StandardIfTagProcessor.java:59) ~[thymeleaf-3.0.15.RELEASE.jar:3.0.15.RELEASE]
	at org.thymeleaf.standard.processor.AbstractStandardConditionalVisibilityTagProcessor.doProcess(AbstractStandardConditionalVisibilityTagProcessor.java:61) ~[thymeleaf-3.0.15.RELEASE.jar:3.0.15.RELEASE]
	at org.thymeleaf.processor.element.AbstractAttributeTagProcessor.doProcess(AbstractAttributeTagProcessor.java:74) ~[thymeleaf-3.0.15.RELEASE.jar:3.0.15.RELEASE]
	at org.thymeleaf.processor.element.AbstractElementTagProcessor.process(AbstractElementTagProcessor.java:95) ~[thymeleaf-3.0.15.RELEASE.jar:3.0.15.RELEASE]
	at org.thymeleaf.util.ProcessorConfigurationUtils$ElementTagProcessorWrapper.process(ProcessorConfigurationUtils.java:633) ~[thymeleaf-3.0.15.RELEASE.jar:3.0.15.RELEASE]
	at org.thymeleaf.engine.ProcessorTemplateHandler.handleOpenElement(ProcessorTemplateHandler.java:1314) ~[thymeleaf-3.0.15.RELEASE.jar:3.0.15.RELEASE]
	at org.thymeleaf.engine.OpenElementTag.beHandled(OpenElementTag.java:205) ~[thymeleaf-3.0.15.RELEASE.jar:3.0.15.RELEASE]
	at org.thymeleaf.engine.Model.process(Model.java:282) ~[thymeleaf-3.0.15.RELEASE.jar:3.0.15.RELEASE]
	at org.thymeleaf.engine.Model.process(Model.java:290) ~[thymeleaf-3.0.15.RELEASE.jar:3.0.15.RELEASE]
	at org.thymeleaf.engine.IteratedGatheringModelProcessable.processIterationModel(IteratedGatheringModelProcessable.java:367) ~[thymeleaf-3.0.15.RELEASE.jar:3.0.15.RELEASE]
	at org.thymeleaf.engine.IteratedGatheringModelProcessable.process(IteratedGatheringModelProcessable.java:221) ~[thymeleaf-3.0.15.RELEASE.jar:3.0.15.RELEASE]
	at org.thymeleaf.engine.ProcessorTemplateHandler.handleCloseElement(ProcessorTemplateHandler.java:1640) ~[thymeleaf-3.0.15.RELEASE.jar:3.0.15.RELEASE]
	at org.thymeleaf.engine.CloseElementTag.beHandled(CloseElementTag.java:139) ~[thymeleaf-3.0.15.RELEASE.jar:3.0.15.RELEASE]
	at org.thymeleaf.engine.Model.process(Model.java:282) ~[thymeleaf-3.0.15.RELEASE.jar:3.0.15.RELEASE]
	at org.thymeleaf.engine.Model.process(Model.java:290) ~[thymeleaf-3.0.15.RELEASE.jar:3.0.15.RELEASE]
	at org.thymeleaf.engine.IteratedGatheringModelProcessable.processIterationModel(IteratedGatheringModelProcessable.java:367) ~[thymeleaf-3.0.15.RELEASE.jar:3.0.15.RELEASE]
	at org.thymeleaf.engine.IteratedGatheringModelProcessable.process(IteratedGatheringModelProcessable.java:293) ~[thymeleaf-3.0.15.RELEASE.jar:3.0.15.RELEASE]
	at org.thymeleaf.engine.ProcessorTemplateHandler.handleCloseElement(ProcessorTemplateHandler.java:1640) ~[thymeleaf-3.0.15.RELEASE.jar:3.0.15.RELEASE]
	at org.thymeleaf.engine.CloseElementTag.beHandled(CloseElementTag.java:139) ~[thymeleaf-3.0.15.RELEASE.jar:3.0.15.RELEASE]
	at org.thymeleaf.engine.Model.process(Model.java:282) ~[thymeleaf-3.0.15.RELEASE.jar:3.0.15.RELEASE]
	at org.thymeleaf.engine.ProcessorTemplateHandler.handleOpenElement(ProcessorTemplateHandler.java:1587) ~[thymeleaf-3.0.15.RELEASE.jar:3.0.15.RELEASE]
	at org.thymeleaf.engine.OpenElementTag.beHandled(OpenElementTag.java:205) ~[thymeleaf-3.0.15.RELEASE.jar:3.0.15.RELEASE]
	at org.thymeleaf.engine.Model.process(Model.java:282) ~[thymeleaf-3.0.15.RELEASE.jar:3.0.15.RELEASE]
	at org.thymeleaf.engine.ProcessorTemplateHandler.handleOpenElement(ProcessorTemplateHandler.java:1587) ~[thymeleaf-3.0.15.RELEASE.jar:3.0.15.RELEASE]
	at org.thymeleaf.engine.OpenElementTag.beHandled(OpenElementTag.java:205) ~[thymeleaf-3.0.15.RELEASE.jar:3.0.15.RELEASE]
	at org.thymeleaf.engine.Model.process(Model.java:282) ~[thymeleaf-3.0.15.RELEASE.jar:3.0.15.RELEASE]
	at org.thymeleaf.engine.Model.process(Model.java:290) ~[thymeleaf-3.0.15.RELEASE.jar:3.0.15.RELEASE]
	at org.thymeleaf.engine.GatheringModelProcessable.process(GatheringModelProcessable.java:78) ~[thymeleaf-3.0.15.RELEASE.jar:3.0.15.RELEASE]
	at org.thymeleaf.engine.ProcessorTemplateHandler.handleCloseElement(ProcessorTemplateHandler.java:1640) ~[thymeleaf-3.0.15.RELEASE.jar:3.0.15.RELEASE]
	at org.thymeleaf.engine.TemplateHandlerAdapterMarkupHandler.handleCloseElementEnd(TemplateHandlerAdapterMarkupHandler.java:388) ~[thymeleaf-3.0.15.RELEASE.jar:3.0.15.RELEASE]
	at org.thymeleaf.templateparser.markup.InlinedOutputExpressionMarkupHandler$InlineMarkupAdapterPreProcessorHandler.handleCloseElementEnd(InlinedOutputExpressionMarkupHandler.java:322) ~[thymeleaf-3.0.15.RELEASE.jar:3.0.15.RELEASE]
	at org.thymeleaf.standard.inline.OutputExpressionInlinePreProcessorHandler.handleCloseElementEnd(OutputExpressionInlinePreProcessorHandler.java:220) ~[thymeleaf-3.0.15.RELEASE.jar:3.0.15.RELEASE]
	at org.thymeleaf.templateparser.markup.InlinedOutputExpressionMarkupHandler.handleCloseElementEnd(InlinedOutputExpressionMarkupHandler.java:164) ~[thymeleaf-3.0.15.RELEASE.jar:3.0.15.RELEASE]
	at org.attoparser.HtmlElement.handleCloseElementEnd(HtmlElement.java:169) ~[attoparser-2.0.5.RELEASE.jar:2.0.5.RELEASE]
	at org.attoparser.HtmlMarkupHandler.handleCloseElementEnd(HtmlMarkupHandler.java:412) ~[attoparser-2.0.5.RELEASE.jar:2.0.5.RELEASE]
	at org.attoparser.MarkupEventProcessorHandler.handleCloseElementEnd(MarkupEventProcessorHandler.java:473) ~[attoparser-2.0.5.RELEASE.jar:2.0.5.RELEASE]
	at org.attoparser.ParsingElementMarkupUtil.parseCloseElement(ParsingElementMarkupUtil.java:201) ~[attoparser-2.0.5.RELEASE.jar:2.0.5.RELEASE]
	at org.attoparser.MarkupParser.parseBuffer(MarkupParser.java:725) ~[attoparser-2.0.5.RELEASE.jar:2.0.5.RELEASE]
	at org.attoparser.MarkupParser.parseDocument(MarkupParser.java:301) ~[attoparser-2.0.5.RELEASE.jar:2.0.5.RELEASE]
	at org.attoparser.MarkupParser.parse(MarkupParser.java:257) ~[attoparser-2.0.5.RELEASE.jar:2.0.5.RELEASE]
	at org.thymeleaf.templateparser.markup.AbstractMarkupTemplateParser.parse(AbstractMarkupTemplateParser.java:230) ~[thymeleaf-3.0.15.RELEASE.jar:3.0.15.RELEASE]
	... 89 more
2026-06-04 21:36:39.399 [ERROR] Servlet.service() for servlet [dispatcherServlet] in context with path [] threw exception [Request processing failed; nested exception is org.thymeleaf.exceptions.TemplateInputException: An error happened during template parsing (template: "class path resource [templates/views/main/main.html]")] with root cause
org.springframework.expression.spel.SpelEvaluationException: EL1011E: Method call: Attempted to call method parseInt(java.lang.String) on null context object
	at org.springframework.expression.spel.ast.MethodReference.throwIfNotNullSafe(MethodReference.java:154) ~[spring-expression-5.3.27.jar:5.3.27]
	at org.springframework.expression.spel.ast.MethodReference.getValueRef(MethodReference.java:83) ~[spring-expression-5.3.27.jar:5.3.27]
	at org.springframework.expression.spel.ast.CompoundExpression.getValueRef(CompoundExpression.java:71) ~[spring-expression-5.3.27.jar:5.3.27]
	at org.springframework.expression.spel.ast.CompoundExpression.getValueInternal(CompoundExpression.java:92) ~[spring-expression-5.3.27.jar:5.3.27]
	at org.springframework.expression.spel.ast.OpLT.getValueInternal(OpLT.java:47) ~[spring-expression-5.3.27.jar:5.3.27]
	at org.springframework.expression.spel.ast.OpLT.getValueInternal(OpLT.java:37) ~[spring-expression-5.3.27.jar:5.3.27]
	at org.springframework.expression.spel.ast.SpelNodeImpl.getValue(SpelNodeImpl.java:212) ~[spring-expression-5.3.27.jar:5.3.27]
	at org.springframework.expression.spel.ast.OpAnd.getBooleanValue(OpAnd.java:57) ~[spring-expression-5.3.27.jar:5.3.27]
	at org.springframework.expression.spel.ast.OpAnd.getValueInternal(OpAnd.java:48) ~[spring-expression-5.3.27.jar:5.3.27]
	at org.springframework.expression.spel.ast.SpelNodeImpl.getValue(SpelNodeImpl.java:114) ~[spring-expression-5.3.27.jar:5.3.27]
	at org.springframework.expression.spel.standard.SpelExpression.getValue(SpelExpression.java:338) ~[spring-expression-5.3.27.jar:5.3.27]
	at org.thymeleaf.spring5.expression.SPELVariableExpressionEvaluator.evaluate(SPELVariableExpressionEvaluator.java:265) ~[thymeleaf-spring5-3.0.15.RELEASE.jar:3.0.15.RELEASE]
	at org.thymeleaf.standard.expression.VariableExpression.executeVariableExpression(VariableExpression.java:166) ~[thymeleaf-3.0.15.RELEASE.jar:3.0.15.RELEASE]
	at org.thymeleaf.standard.expression.SimpleExpression.executeSimple(SimpleExpression.java:66) ~[thymeleaf-3.0.15.RELEASE.jar:3.0.15.RELEASE]
	at org.thymeleaf.standard.expression.Expression.execute(Expression.java:109) ~[thymeleaf-3.0.15.RELEASE.jar:3.0.15.RELEASE]
	at org.thymeleaf.standard.expression.Expression.execute(Expression.java:138) ~[thymeleaf-3.0.15.RELEASE.jar:3.0.15.RELEASE]
	at org.thymeleaf.standard.expression.Expression.execute(Expression.java:125) ~[thymeleaf-3.0.15.RELEASE.jar:3.0.15.RELEASE]
	at org.thymeleaf.standard.processor.StandardIfTagProcessor.isVisible(StandardIfTagProcessor.java:59) ~[thymeleaf-3.0.15.RELEASE.jar:3.0.15.RELEASE]
	at org.thymeleaf.standard.processor.AbstractStandardConditionalVisibilityTagProcessor.doProcess(AbstractStandardConditionalVisibilityTagProcessor.java:61) ~[thymeleaf-3.0.15.RELEASE.jar:3.0.15.RELEASE]
	at org.thymeleaf.processor.element.AbstractAttributeTagProcessor.doProcess(AbstractAttributeTagProcessor.java:74) ~[thymeleaf-3.0.15.RELEASE.jar:3.0.15.RELEASE]
	at org.thymeleaf.processor.element.AbstractElementTagProcessor.process(AbstractElementTagProcessor.java:95) ~[thymeleaf-3.0.15.RELEASE.jar:3.0.15.RELEASE]
	at org.thymeleaf.util.ProcessorConfigurationUtils$ElementTagProcessorWrapper.process(ProcessorConfigurationUtils.java:633) ~[thymeleaf-3.0.15.RELEASE.jar:3.0.15.RELEASE]
	at org.thymeleaf.engine.ProcessorTemplateHandler.handleOpenElement(ProcessorTemplateHandler.java:1314) ~[thymeleaf-3.0.15.RELEASE.jar:3.0.15.RELEASE]
	at org.thymeleaf.engine.OpenElementTag.beHandled(OpenElementTag.java:205) ~[thymeleaf-3.0.15.RELEASE.jar:3.0.15.RELEASE]
	at org.thymeleaf.engine.Model.process(Model.java:282) ~[thymeleaf-3.0.15.RELEASE.jar:3.0.15.RELEASE]
	at org.thymeleaf.engine.Model.process(Model.java:290) ~[thymeleaf-3.0.15.RELEASE.jar:3.0.15.RELEASE]
	at org.thymeleaf.engine.IteratedGatheringModelProcessable.processIterationModel(IteratedGatheringModelProcessable.java:367) ~[thymeleaf-3.0.15.RELEASE.jar:3.0.15.RELEASE]
	at org.thymeleaf.engine.IteratedGatheringModelProcessable.process(IteratedGatheringModelProcessable.java:221) ~[thymeleaf-3.0.15.RELEASE.jar:3.0.15.RELEASE]
	at org.thymeleaf.engine.ProcessorTemplateHandler.handleCloseElement(ProcessorTemplateHandler.java:1640) ~[thymeleaf-3.0.15.RELEASE.jar:3.0.15.RELEASE]
	at org.thymeleaf.engine.CloseElementTag.beHandled(CloseElementTag.java:139) ~[thymeleaf-3.0.15.RELEASE.jar:3.0.15.RELEASE]
	at org.thymeleaf.engine.Model.process(Model.java:282) ~[thymeleaf-3.0.15.RELEASE.jar:3.0.15.RELEASE]
	at org.thymeleaf.engine.Model.process(Model.java:290) ~[thymeleaf-3.0.15.RELEASE.jar:3.0.15.RELEASE]
	at org.thymeleaf.engine.IteratedGatheringModelProcessable.processIterationModel(IteratedGatheringModelProcessable.java:367) ~[thymeleaf-3.0.15.RELEASE.jar:3.0.15.RELEASE]
	at org.thymeleaf.engine.IteratedGatheringModelProcessable.process(IteratedGatheringModelProcessable.java:293) ~[thymeleaf-3.0.15.RELEASE.jar:3.0.15.RELEASE]
	at org.thymeleaf.engine.ProcessorTemplateHandler.handleCloseElement(ProcessorTemplateHandler.java:1640) ~[thymeleaf-3.0.15.RELEASE.jar:3.0.15.RELEASE]
	at org.thymeleaf.engine.CloseElementTag.beHandled(CloseElementTag.java:139) ~[thymeleaf-3.0.15.RELEASE.jar:3.0.15.RELEASE]
	at org.thymeleaf.engine.Model.process(Model.java:282) ~[thymeleaf-3.0.15.RELEASE.jar:3.0.15.RELEASE]
	at org.thymeleaf.engine.ProcessorTemplateHandler.handleOpenElement(ProcessorTemplateHandler.java:1587) ~[thymeleaf-3.0.15.RELEASE.jar:3.0.15.RELEASE]
	at org.thymeleaf.engine.OpenElementTag.beHandled(OpenElementTag.java:205) ~[thymeleaf-3.0.15.RELEASE.jar:3.0.15.RELEASE]
	at org.thymeleaf.engine.Model.process(Model.java:282) ~[thymeleaf-3.0.15.RELEASE.jar:3.0.15.RELEASE]
	at org.thymeleaf.engine.ProcessorTemplateHandler.handleOpenElement(ProcessorTemplateHandler.java:1587) ~[thymeleaf-3.0.15.RELEASE.jar:3.0.15.RELEASE]
	at org.thymeleaf.engine.OpenElementTag.beHandled(OpenElementTag.java:205) ~[thymeleaf-3.0.15.RELEASE.jar:3.0.15.RELEASE]
	at org.thymeleaf.engine.Model.process(Model.java:282) ~[thymeleaf-3.0.15.RELEASE.jar:3.0.15.RELEASE]
	at org.thymeleaf.engine.Model.process(Model.java:290) ~[thymeleaf-3.0.15.RELEASE.jar:3.0.15.RELEASE]
	at org.thymeleaf.engine.GatheringModelProcessable.process(GatheringModelProcessable.java:78) ~[thymeleaf-3.0.15.RELEASE.jar:3.0.15.RELEASE]
	at org.thymeleaf.engine.ProcessorTemplateHandler.handleCloseElement(ProcessorTemplateHandler.java:1640) ~[thymeleaf-3.0.15.RELEASE.jar:3.0.15.RELEASE]
	at org.thymeleaf.engine.TemplateHandlerAdapterMarkupHandler.handleCloseElementEnd(TemplateHandlerAdapterMarkupHandler.java:388) ~[thymeleaf-3.0.15.RELEASE.jar:3.0.15.RELEASE]
	at org.thymeleaf.templateparser.markup.InlinedOutputExpressionMarkupHandler$InlineMarkupAdapterPreProcessorHandler.handleCloseElementEnd(InlinedOutputExpressionMarkupHandler.java:322) ~[thymeleaf-3.0.15.RELEASE.jar:3.0.15.RELEASE]
	at org.thymeleaf.standard.inline.OutputExpressionInlinePreProcessorHandler.handleCloseElementEnd(OutputExpressionInlinePreProcessorHandler.java:220) ~[thymeleaf-3.0.15.RELEASE.jar:3.0.15.RELEASE]
	at org.thymeleaf.templateparser.markup.InlinedOutputExpressionMarkupHandler.handleCloseElementEnd(InlinedOutputExpressionMarkupHandler.java:164) ~[thymeleaf-3.0.15.RELEASE.jar:3.0.15.RELEASE]
	at org.attoparser.HtmlElement.handleCloseElementEnd(HtmlElement.java:169) ~[attoparser-2.0.5.RELEASE.jar:2.0.5.RELEASE]
	at org.attoparser.HtmlMarkupHandler.handleCloseElementEnd(HtmlMarkupHandler.java:412) ~[attoparser-2.0.5.RELEASE.jar:2.0.5.RELEASE]
	at org.attoparser.MarkupEventProcessorHandler.handleCloseElementEnd(MarkupEventProcessorHandler.java:473) ~[attoparser-2.0.5.RELEASE.jar:2.0.5.RELEASE]
	at org.attoparser.ParsingElementMarkupUtil.parseCloseElement(ParsingElementMarkupUtil.java:201) ~[attoparser-2.0.5.RELEASE.jar:2.0.5.RELEASE]
	at org.attoparser.MarkupParser.parseBuffer(MarkupParser.java:725) ~[attoparser-2.0.5.RELEASE.jar:2.0.5.RELEASE]
	at org.attoparser.MarkupParser.parseDocument(MarkupParser.java:301) ~[attoparser-2.0.5.RELEASE.jar:2.0.5.RELEASE]
	at org.attoparser.MarkupParser.parse(MarkupParser.java:257) ~[attoparser-2.0.5.RELEASE.jar:2.0.5.RELEASE]
	at org.thymeleaf.templateparser.markup.AbstractMarkupTemplateParser.parse(AbstractMarkupTemplateParser.java:230) ~[thymeleaf-3.0.15.RELEASE.jar:3.0.15.RELEASE]
	at org.thymeleaf.templateparser.markup.AbstractMarkupTemplateParser.parseStandalone(AbstractMarkupTemplateParser.java:100) ~[thymeleaf-3.0.15.RELEASE.jar:3.0.15.RELEASE]
	at org.thymeleaf.engine.TemplateManager.parseAndProcess(TemplateManager.java:666) ~[thymeleaf-3.0.15.RELEASE.jar:3.0.15.RELEASE]
	at org.thymeleaf.TemplateEngine.process(TemplateEngine.java:1098) ~[thymeleaf-3.0.15.RELEASE.jar:3.0.15.RELEASE]
	at org.thymeleaf.TemplateEngine.process(TemplateEngine.java:1072) ~[thymeleaf-3.0.15.RELEASE.jar:3.0.15.RELEASE]
	at org.thymeleaf.spring5.view.ThymeleafView.renderFragment(ThymeleafView.java:366) ~[thymeleaf-spring5-3.0.15.RELEASE.jar:3.0.15.RELEASE]
	at org.thymeleaf.spring5.view.ThymeleafView.render(ThymeleafView.java:190) ~[thymeleaf-spring5-3.0.15.RELEASE.jar:3.0.15.RELEASE]
	at org.springframework.web.servlet.DispatcherServlet.render(DispatcherServlet.java:1406) ~[spring-webmvc-5.3.27.jar:5.3.27]
	at org.springframework.web.servlet.DispatcherServlet.processDispatchResult(DispatcherServlet.java:1150) ~[spring-webmvc-5.3.27.jar:5.3.27]
	at org.springframework.web.servlet.DispatcherServlet.doDispatch(DispatcherServlet.java:1089) ~[spring-webmvc-5.3.27.jar:5.3.27]
	at org.springframework.web.servlet.DispatcherServlet.doService(DispatcherServlet.java:965) ~[spring-webmvc-5.3.27.jar:5.3.27]
	at org.springframework.web.servlet.FrameworkServlet.processRequest(FrameworkServlet.java:1006) ~[spring-webmvc-5.3.27.jar:5.3.27]
	at org.springframework.web.servlet.FrameworkServlet.doGet(FrameworkServlet.java:898) ~[spring-webmvc-5.3.27.jar:5.3.27]
	at javax.servlet.http.HttpServlet.service(HttpServlet.java:529) ~[tomcat-embed-core-9.0.75.jar:4.0.FR]
	at org.springframework.web.servlet.FrameworkServlet.service(FrameworkServlet.java:883) ~[spring-webmvc-5.3.27.jar:5.3.27]
	at javax.servlet.http.HttpServlet.service(HttpServlet.java:623) ~[tomcat-embed-core-9.0.75.jar:4.0.FR]
	at org.apache.catalina.core.ApplicationFilterChain.internalDoFilter(ApplicationFilterChain.java:209) ~[tomcat-embed-core-9.0.75.jar:9.0.75]
	at org.apache.catalina.core.ApplicationFilterChain.doFilter(ApplicationFilterChain.java:153) ~[tomcat-embed-core-9.0.75.jar:9.0.75]
	at org.apache.tomcat.websocket.server.WsFilter.doFilter(WsFilter.java:51) ~[tomcat-embed-websocket-9.0.75.jar:9.0.75]
	at org.apache.catalina.core.ApplicationFilterChain.internalDoFilter(ApplicationFilterChain.java:178) ~[tomcat-embed-core-9.0.75.jar:9.0.75]
	at org.apache.catalina.core.ApplicationFilterChain.doFilter(ApplicationFilterChain.java:153) ~[tomcat-embed-core-9.0.75.jar:9.0.75]
	at org.springframework.security.web.FilterChainProxy$VirtualFilterChain.doFilter(FilterChainProxy.java:337) ~[spring-security-web-5.7.8.jar:5.7.8]
	at org.springframework.security.web.access.intercept.FilterSecurityInterceptor.invoke(FilterSecurityInterceptor.java:115) ~[spring-security-web-5.7.8.jar:5.7.8]
	at org.springframework.security.web.access.intercept.FilterSecurityInterceptor.doFilter(FilterSecurityInterceptor.java:81) ~[spring-security-web-5.7.8.jar:5.7.8]
	at org.springframework.security.web.FilterChainProxy$VirtualFilterChain.doFilter(FilterChainProxy.java:346) ~[spring-security-web-5.7.8.jar:5.7.8]
	at org.springframework.security.web.access.ExceptionTranslationFilter.doFilter(ExceptionTranslationFilter.java:122) ~[spring-security-web-5.7.8.jar:5.7.8]
	at org.springframework.security.web.access.ExceptionTranslationFilter.doFilter(ExceptionTranslationFilter.java:116) ~[spring-security-web-5.7.8.jar:5.7.8]
	at org.springframework.security.web.FilterChainProxy$VirtualFilterChain.doFilter(FilterChainProxy.java:346) ~[spring-security-web-5.7.8.jar:5.7.8]
	at org.springframework.security.web.session.SessionManagementFilter.doFilter(SessionManagementFilter.java:126) ~[spring-security-web-5.7.8.jar:5.7.8]
	at org.springframework.security.web.session.SessionManagementFilter.doFilter(SessionManagementFilter.java:81) ~[spring-security-web-5.7.8.jar:5.7.8]
	at org.springframework.security.web.FilterChainProxy$VirtualFilterChain.doFilter(FilterChainProxy.java:346) ~[spring-security-web-5.7.8.jar:5.7.8]
	at org.springframework.security.web.authentication.AnonymousAuthenticationFilter.doFilter(AnonymousAuthenticationFilter.java:109) ~[spring-security-web-5.7.8.jar:5.7.8]
	at org.springframework.security.web.FilterChainProxy$VirtualFilterChain.doFilter(FilterChainProxy.java:346) ~[spring-security-web-5.7.8.jar:5.7.8]
	at org.springframework.security.web.servletapi.SecurityContextHolderAwareRequestFilter.doFilter(SecurityContextHolderAwareRequestFilter.java:149) ~[spring-security-web-5.7.8.jar:5.7.8]
	at org.springframework.security.web.FilterChainProxy$VirtualFilterChain.doFilter(FilterChainProxy.java:346) ~[spring-security-web-5.7.8.jar:5.7.8]
	at org.springframework.security.web.savedrequest.RequestCacheAwareFilter.doFilter(RequestCacheAwareFilter.java:63) ~[spring-security-web-5.7.8.jar:5.7.8]
	at org.springframework.security.web.FilterChainProxy$VirtualFilterChain.doFilter(FilterChainProxy.java:346) ~[spring-security-web-5.7.8.jar:5.7.8]
	at org.springframework.security.web.authentication.AbstractAuthenticationProcessingFilter.doFilter(AbstractAuthenticationProcessingFilter.java:223) ~[spring-security-web-5.7.8.jar:5.7.8]
	at org.springframework.security.web.authentication.AbstractAuthenticationProcessingFilter.doFilter(AbstractAuthenticationProcessingFilter.java:217) ~[spring-security-web-5.7.8.jar:5.7.8]
	at org.springframework.security.web.FilterChainProxy$VirtualFilterChain.doFilter(FilterChainProxy.java:346) ~[spring-security-web-5.7.8.jar:5.7.8]
	at org.springframework.security.web.authentication.logout.LogoutFilter.doFilter(LogoutFilter.java:103) ~[spring-security-web-5.7.8.jar:5.7.8]
	at org.springframework.security.web.authentication.logout.LogoutFilter.doFilter(LogoutFilter.java:89) ~[spring-security-web-5.7.8.jar:5.7.8]
	at org.springframework.security.web.FilterChainProxy$VirtualFilterChain.doFilter(FilterChainProxy.java:346) ~[spring-security-web-5.7.8.jar:5.7.8]
	at org.springframework.security.web.header.HeaderWriterFilter.doHeadersAfter(HeaderWriterFilter.java:90) ~[spring-security-web-5.7.8.jar:5.7.8]
	at org.springframework.security.web.header.HeaderWriterFilter.doFilterInternal(HeaderWriterFilter.java:75) ~[spring-security-web-5.7.8.jar:5.7.8]
	at org.springframework.web.filter.OncePerRequestFilter.doFilter(OncePerRequestFilter.java:117) ~[spring-web-5.3.27.jar:5.3.27]
	at org.springframework.security.web.FilterChainProxy$VirtualFilterChain.doFilter(FilterChainProxy.java:346) ~[spring-security-web-5.7.8.jar:5.7.8]
	at org.springframework.security.web.context.SecurityContextPersistenceFilter.doFilter(SecurityContextPersistenceFilter.java:112) ~[spring-security-web-5.7.8.jar:5.7.8]
	at org.springframework.security.web.context.SecurityContextPersistenceFilter.doFilter(SecurityContextPersistenceFilter.java:82) ~[spring-security-web-5.7.8.jar:5.7.8]
	at org.springframework.security.web.FilterChainProxy$VirtualFilterChain.doFilter(FilterChainProxy.java:346) ~[spring-security-web-5.7.8.jar:5.7.8]
	at org.springframework.security.web.context.request.async.WebAsyncManagerIntegrationFilter.doFilterInternal(WebAsyncManagerIntegrationFilter.java:55) ~[spring-security-web-5.7.8.jar:5.7.8]
	at org.springframework.web.filter.OncePerRequestFilter.doFilter(OncePerRequestFilter.java:117) ~[spring-web-5.3.27.jar:5.3.27]
	at org.springframework.security.web.FilterChainProxy$VirtualFilterChain.doFilter(FilterChainProxy.java:346) ~[spring-security-web-5.7.8.jar:5.7.8]
	at org.springframework.security.web.session.DisableEncodeUrlFilter.doFilterInternal(DisableEncodeUrlFilter.java:42) ~[spring-security-web-5.7.8.jar:5.7.8]
	at org.springframework.web.filter.OncePerRequestFilter.doFilter(OncePerRequestFilter.java:117) ~[spring-web-5.3.27.jar:5.3.27]
	at org.springframework.security.web.FilterChainProxy$VirtualFilterChain.doFilter(FilterChainProxy.java:346) ~[spring-security-web-5.7.8.jar:5.7.8]
	at org.springframework.security.web.FilterChainProxy.doFilterInternal(FilterChainProxy.java:221) ~[spring-security-web-5.7.8.jar:5.7.8]
	at org.springframework.security.web.FilterChainProxy.doFilter(FilterChainProxy.java:186) ~[spring-security-web-5.7.8.jar:5.7.8]
	at org.springframework.web.filter.DelegatingFilterProxy.invokeDelegate(DelegatingFilterProxy.java:354) ~[spring-web-5.3.27.jar:5.3.27]
	at org.springframework.web.filter.DelegatingFilterProxy.doFilter(DelegatingFilterProxy.java:267) ~[spring-web-5.3.27.jar:5.3.27]
	at org.apache.catalina.core.ApplicationFilterChain.internalDoFilter(ApplicationFilterChain.java:178) ~[tomcat-embed-core-9.0.75.jar:9.0.75]
	at org.apache.catalina.core.ApplicationFilterChain.doFilter(ApplicationFilterChain.java:153) ~[tomcat-embed-core-9.0.75.jar:9.0.75]
	at org.springframework.web.filter.RequestContextFilter.doFilterInternal(RequestContextFilter.java:100) ~[spring-web-5.3.27.jar:5.3.27]
	at org.springframework.web.filter.OncePerRequestFilter.doFilter(OncePerRequestFilter.java:117) ~[spring-web-5.3.27.jar:5.3.27]
	at org.apache.catalina.core.ApplicationFilterChain.internalDoFilter(ApplicationFilterChain.java:178) ~[tomcat-embed-core-9.0.75.jar:9.0.75]
	at org.apache.catalina.core.ApplicationFilterChain.doFilter(ApplicationFilterChain.java:153) ~[tomcat-embed-core-9.0.75.jar:9.0.75]
	at org.springframework.web.filter.FormContentFilter.doFilterInternal(FormContentFilter.java:93) ~[spring-web-5.3.27.jar:5.3.27]
	at org.springframework.web.filter.OncePerRequestFilter.doFilter(OncePerRequestFilter.java:117) ~[spring-web-5.3.27.jar:5.3.27]
	at org.apache.catalina.core.ApplicationFilterChain.internalDoFilter(ApplicationFilterChain.java:178) ~[tomcat-embed-core-9.0.75.jar:9.0.75]
	at org.apache.catalina.core.ApplicationFilterChain.doFilter(ApplicationFilterChain.java:153) ~[tomcat-embed-core-9.0.75.jar:9.0.75]
	at org.springframework.web.filter.CharacterEncodingFilter.doFilterInternal(CharacterEncodingFilter.java:201) ~[spring-web-5.3.27.jar:5.3.27]
	at org.springframework.web.filter.OncePerRequestFilter.doFilter(OncePerRequestFilter.java:117) ~[spring-web-5.3.27.jar:5.3.27]
	at org.apache.catalina.core.ApplicationFilterChain.internalDoFilter(ApplicationFilterChain.java:178) ~[tomcat-embed-core-9.0.75.jar:9.0.75]
	at org.apache.catalina.core.ApplicationFilterChain.doFilter(ApplicationFilterChain.java:153) ~[tomcat-embed-core-9.0.75.jar:9.0.75]
	at org.apache.catalina.core.StandardWrapperValve.invoke(StandardWrapperValve.java:167) ~[tomcat-embed-core-9.0.75.jar:9.0.75]
	at org.apache.catalina.core.StandardContextValve.invoke(StandardContextValve.java:90) ~[tomcat-embed-core-9.0.75.jar:9.0.75]
	at org.apache.catalina.authenticator.AuthenticatorBase.invoke(AuthenticatorBase.java:481) ~[tomcat-embed-core-9.0.75.jar:9.0.75]
	at org.apache.catalina.core.StandardHostValve.invoke(StandardHostValve.java:130) ~[tomcat-embed-core-9.0.75.jar:9.0.75]
	at org.apache.catalina.valves.ErrorReportValve.invoke(ErrorReportValve.java:93) ~[tomcat-embed-core-9.0.75.jar:9.0.75]
	at org.apache.catalina.core.StandardEngineValve.invoke(StandardEngineValve.java:74) ~[tomcat-embed-core-9.0.75.jar:9.0.75]
	at org.apache.catalina.connector.CoyoteAdapter.service(CoyoteAdapter.java:343) ~[tomcat-embed-core-9.0.75.jar:9.0.75]
	at org.apache.coyote.http11.Http11Processor.service(Http11Processor.java:390) ~[tomcat-embed-core-9.0.75.jar:9.0.75]
	at org.apache.coyote.AbstractProcessorLight.process(AbstractProcessorLight.java:63) ~[tomcat-embed-core-9.0.75.jar:9.0.75]
	at org.apache.coyote.AbstractProtocol$ConnectionHandler.process(AbstractProtocol.java:926) ~[tomcat-embed-core-9.0.75.jar:9.0.75]
	at org.apache.tomcat.util.net.NioEndpoint$SocketProcessor.doRun(NioEndpoint.java:1791) ~[tomcat-embed-core-9.0.75.jar:9.0.75]
	at org.apache.tomcat.util.net.SocketProcessorBase.run(SocketProcessorBase.java:52) ~[tomcat-embed-core-9.0.75.jar:9.0.75]
	at org.apache.tomcat.util.threads.ThreadPoolExecutor.runWorker(ThreadPoolExecutor.java:1191) ~[tomcat-embed-core-9.0.75.jar:9.0.75]
	at org.apache.tomcat.util.threads.ThreadPoolExecutor$Worker.run(ThreadPoolExecutor.java:659) ~[tomcat-embed-core-9.0.75.jar:9.0.75]
	at org.apache.tomcat.util.threads.TaskThread$WrappingRunnable.run(TaskThread.java:61) ~[tomcat-embed-core-9.0.75.jar:9.0.75]
	at java.lang.Thread.run(Thread.java:834) ~[?:?]
2026-06-04 21:36:39.590 [ERROR] Cannot render error page for request [/] and exception [An error happened during template parsing (template: "class path resource [templates/views/main/main.html]")] as the response has already been committed. As a result, the response may have the wrong status code.
2026-06-04 21:38:08.761 [INFO ] Closing JPA EntityManagerFactory for persistence unit 'default'
2026-06-04 21:38:08.765 [INFO ] HikariPool-1 - Shutdown initiated...
2026-06-04 21:38:08.768 [INFO ] HikariPool-1 - Shutdown completed.
2026-06-04 21:38:33.488 [INFO ] Starting RadarWebApplication using Java 11.0.2 on haems with PID 28500 (C:\0003_kimsn\kimsn\radar-web\build\classes\java\main started by imeahmik in C:\0003_kimsn\kimsn)
2026-06-04 21:38:33.505 [DEBUG] Running with Spring Boot v2.7.12, Spring v5.3.27
2026-06-04 21:38:33.507 [INFO ] No active profile set, falling back to 1 default profile: "default"
2026-06-04 21:38:33.908 [INFO ] Devtools property defaults active! Set 'spring.devtools.add-properties' to 'false' to disable
2026-06-04 21:38:33.908 [INFO ] For additional web related logging consider setting the 'logging.level.web' property to 'DEBUG'
2026-06-04 21:38:35.207 [INFO ] Bootstrapping Spring Data JPA repositories in DEFAULT mode.
2026-06-04 21:38:35.542 [INFO ] Finished Spring Data repository scanning in 317 ms. Found 24 JPA repository interfaces.
2026-06-04 21:38:36.971 [INFO ] Tomcat initialized with port(s): 8700 (http)
2026-06-04 21:38:36.992 [INFO ] Initializing ProtocolHandler ["http-nio-8700"]
2026-06-04 21:38:36.992 [INFO ] Starting service [Tomcat]
2026-06-04 21:38:36.993 [INFO ] Starting Servlet engine: [Apache Tomcat/9.0.75]
2026-06-04 21:38:37.265 [INFO ] Initializing Spring embedded WebApplicationContext
2026-06-04 21:38:37.265 [INFO ] Root WebApplicationContext: initialization completed in 3356 ms
2026-06-04 21:38:37.377 [INFO ] HikariPool-1 - Starting...
2026-06-04 21:38:40.721 [WARN ] RMI TCP Accept-0: accept loop for ServerSocket[addr=0.0.0.0/0.0.0.0,localport=52342] throws
java.io.IOException: The server sockets created using the LocalRMIServerSocketFactory only accept connections from clients running on the host where the RMI remote objects have been exported.
	at sun.management.jmxremote.LocalRMIServerSocketFactory$1.accept(LocalRMIServerSocketFactory.java:114) ~[?:?]
	at sun.rmi.transport.tcp.TCPTransport$AcceptLoop.executeAcceptLoop(TCPTransport.java:394) ~[?:?]
	at sun.rmi.transport.tcp.TCPTransport$AcceptLoop.run(TCPTransport.java:366) ~[?:?]
	at java.lang.Thread.run(Thread.java:834) ~[?:?]
2026-06-04 21:38:41.167 [WARN ] RMI TCP Accept-0: accept loop for ServerSocket[addr=0.0.0.0/0.0.0.0,localport=52342] throws
java.io.IOException: The server sockets created using the LocalRMIServerSocketFactory only accept connections from clients running on the host where the RMI remote objects have been exported.
	at sun.management.jmxremote.LocalRMIServerSocketFactory$1.accept(LocalRMIServerSocketFactory.java:114) ~[?:?]
	at sun.rmi.transport.tcp.TCPTransport$AcceptLoop.executeAcceptLoop(TCPTransport.java:394) ~[?:?]
	at sun.rmi.transport.tcp.TCPTransport$AcceptLoop.run(TCPTransport.java:366) ~[?:?]
	at java.lang.Thread.run(Thread.java:834) ~[?:?]
2026-06-04 21:38:41.380 [WARN ] RMI TCP Accept-0: accept loop for ServerSocket[addr=0.0.0.0/0.0.0.0,localport=52342] throws
java.io.IOException: The server sockets created using the LocalRMIServerSocketFactory only accept connections from clients running on the host where the RMI remote objects have been exported.
	at sun.management.jmxremote.LocalRMIServerSocketFactory$1.accept(LocalRMIServerSocketFactory.java:114) ~[?:?]
	at sun.rmi.transport.tcp.TCPTransport$AcceptLoop.executeAcceptLoop(TCPTransport.java:394) ~[?:?]
	at sun.rmi.transport.tcp.TCPTransport$AcceptLoop.run(TCPTransport.java:366) ~[?:?]
	at java.lang.Thread.run(Thread.java:834) ~[?:?]
2026-06-04 21:38:41.574 [WARN ] RMI TCP Accept-0: accept loop for ServerSocket[addr=0.0.0.0/0.0.0.0,localport=52342] throws
java.io.IOException: The server sockets created using the LocalRMIServerSocketFactory only accept connections from clients running on the host where the RMI remote objects have been exported.
	at sun.management.jmxremote.LocalRMIServerSocketFactory$1.accept(LocalRMIServerSocketFactory.java:114) ~[?:?]
	at sun.rmi.transport.tcp.TCPTransport$AcceptLoop.executeAcceptLoop(TCPTransport.java:394) ~[?:?]
	at sun.rmi.transport.tcp.TCPTransport$AcceptLoop.run(TCPTransport.java:366) ~[?:?]
	at java.lang.Thread.run(Thread.java:834) ~[?:?]
2026-06-04 21:38:42.074 [WARN ] RMI TCP Accept-0: accept loop for ServerSocket[addr=0.0.0.0/0.0.0.0,localport=52342] throws
java.io.IOException: The server sockets created using the LocalRMIServerSocketFactory only accept connections from clients running on the host where the RMI remote objects have been exported.
	at sun.management.jmxremote.LocalRMIServerSocketFactory$1.accept(LocalRMIServerSocketFactory.java:114) ~[?:?]
	at sun.rmi.transport.tcp.TCPTransport$AcceptLoop.executeAcceptLoop(TCPTransport.java:394) ~[?:?]
	at sun.rmi.transport.tcp.TCPTransport$AcceptLoop.run(TCPTransport.java:366) ~[?:?]
	at java.lang.Thread.run(Thread.java:834) ~[?:?]
2026-06-04 21:38:43.183 [WARN ] RMI TCP Accept-0: accept loop for ServerSocket[addr=0.0.0.0/0.0.0.0,localport=52342] throws
java.io.IOException: The server sockets created using the LocalRMIServerSocketFactory only accept connections from clients running on the host where the RMI remote objects have been exported.
	at sun.management.jmxremote.LocalRMIServerSocketFactory$1.accept(LocalRMIServerSocketFactory.java:114) ~[?:?]
	at sun.rmi.transport.tcp.TCPTransport$AcceptLoop.executeAcceptLoop(TCPTransport.java:394) ~[?:?]
	at sun.rmi.transport.tcp.TCPTransport$AcceptLoop.run(TCPTransport.java:366) ~[?:?]
	at java.lang.Thread.run(Thread.java:834) ~[?:?]
2026-06-04 21:38:44.116 [WARN ] RMI TCP Accept-0: accept loop for ServerSocket[addr=0.0.0.0/0.0.0.0,localport=52342] throws
java.io.IOException: The server sockets created using the LocalRMIServerSocketFactory only accept connections from clients running on the host where the RMI remote objects have been exported.
	at sun.management.jmxremote.LocalRMIServerSocketFactory$1.accept(LocalRMIServerSocketFactory.java:114) ~[?:?]
	at sun.rmi.transport.tcp.TCPTransport$AcceptLoop.executeAcceptLoop(TCPTransport.java:394) ~[?:?]
	at sun.rmi.transport.tcp.TCPTransport$AcceptLoop.run(TCPTransport.java:366) ~[?:?]
	at java.lang.Thread.run(Thread.java:834) ~[?:?]
2026-06-04 21:38:44.514 [ERROR] HikariPool-1 - Exception during pool initialization.
com.mysql.cj.jdbc.exceptions.CommunicationsException: Communications link failure

The last packet sent successfully to the server was 0 milliseconds ago. The driver has not received any packets from the server.
	at com.mysql.cj.jdbc.exceptions.SQLError.createCommunicationsException(SQLError.java:175) ~[mysql-connector-j-8.0.33.jar:8.0.33]
	at com.mysql.cj.jdbc.exceptions.SQLExceptionsMapping.translateException(SQLExceptionsMapping.java:64) ~[mysql-connector-j-8.0.33.jar:8.0.33]
	at com.mysql.cj.jdbc.ConnectionImpl.createNewIO(ConnectionImpl.java:825) ~[mysql-connector-j-8.0.33.jar:8.0.33]
	at com.mysql.cj.jdbc.ConnectionImpl.<init>(ConnectionImpl.java:446) ~[mysql-connector-j-8.0.33.jar:8.0.33]
	at com.mysql.cj.jdbc.ConnectionImpl.getInstance(ConnectionImpl.java:239) ~[mysql-connector-j-8.0.33.jar:8.0.33]
	at com.mysql.cj.jdbc.NonRegisteringDriver.connect(NonRegisteringDriver.java:188) ~[mysql-connector-j-8.0.33.jar:8.0.33]
	at com.zaxxer.hikari.util.DriverDataSource.getConnection(DriverDataSource.java:138) ~[HikariCP-4.0.3.jar:?]
	at com.zaxxer.hikari.pool.PoolBase.newConnection(PoolBase.java:364) ~[HikariCP-4.0.3.jar:?]
	at com.zaxxer.hikari.pool.PoolBase.newPoolEntry(PoolBase.java:206) ~[HikariCP-4.0.3.jar:?]
	at com.zaxxer.hikari.pool.HikariPool.createPoolEntry(HikariPool.java:476) ~[HikariCP-4.0.3.jar:?]
	at com.zaxxer.hikari.pool.HikariPool.checkFailFast(HikariPool.java:561) ~[HikariCP-4.0.3.jar:?]
	at com.zaxxer.hikari.pool.HikariPool.<init>(HikariPool.java:115) ~[HikariCP-4.0.3.jar:?]
	at com.zaxxer.hikari.HikariDataSource.<init>(HikariDataSource.java:81) ~[HikariCP-4.0.3.jar:?]
	at kr.or.kimsn.radar.data.config.DataSourceConfig.dataSource(DataSourceConfig.java:45) ~[main/:?]
	at kr.or.kimsn.radar.data.config.DataSourceConfig$$EnhancerBySpringCGLIB$$359ceb68.CGLIB$dataSource$0(<generated>) ~[main/:?]
	at kr.or.kimsn.radar.data.config.DataSourceConfig$$EnhancerBySpringCGLIB$$359ceb68$$FastClassBySpringCGLIB$$26f9adc5.invoke(<generated>) ~[main/:?]
	at org.springframework.cglib.proxy.MethodProxy.invokeSuper(MethodProxy.java:244) ~[spring-core-5.3.27.jar:5.3.27]
	at org.springframework.context.annotation.ConfigurationClassEnhancer$BeanMethodInterceptor.intercept(ConfigurationClassEnhancer.java:331) ~[spring-context-5.3.27.jar:5.3.27]
	at kr.or.kimsn.radar.data.config.DataSourceConfig$$EnhancerBySpringCGLIB$$359ceb68.dataSource(<generated>) ~[main/:?]
	at jdk.internal.reflect.NativeMethodAccessorImpl.invoke0(Native Method) ~[?:?]
	at jdk.internal.reflect.NativeMethodAccessorImpl.invoke(NativeMethodAccessorImpl.java:62) ~[?:?]
	at jdk.internal.reflect.DelegatingMethodAccessorImpl.invoke(DelegatingMethodAccessorImpl.java:43) ~[?:?]
	at java.lang.reflect.Method.invoke(Method.java:566) ~[?:?]
	at org.springframework.beans.factory.support.SimpleInstantiationStrategy.instantiate(SimpleInstantiationStrategy.java:154) ~[spring-beans-5.3.27.jar:5.3.27]
	at org.springframework.beans.factory.support.ConstructorResolver.instantiate(ConstructorResolver.java:653) ~[spring-beans-5.3.27.jar:5.3.27]
	at org.springframework.beans.factory.support.ConstructorResolver.instantiateUsingFactoryMethod(ConstructorResolver.java:486) ~[spring-beans-5.3.27.jar:5.3.27]
	at org.springframework.beans.factory.support.AbstractAutowireCapableBeanFactory.instantiateUsingFactoryMethod(AbstractAutowireCapableBeanFactory.java:1352) ~[spring-beans-5.3.27.jar:5.3.27]
	at org.springframework.beans.factory.support.AbstractAutowireCapableBeanFactory.createBeanInstance(AbstractAutowireCapableBeanFactory.java:1195) ~[spring-beans-5.3.27.jar:5.3.27]
	at org.springframework.beans.factory.support.AbstractAutowireCapableBeanFactory.doCreateBean(AbstractAutowireCapableBeanFactory.java:582) ~[spring-beans-5.3.27.jar:5.3.27]
	at org.springframework.beans.factory.support.AbstractAutowireCapableBeanFactory.createBean(AbstractAutowireCapableBeanFactory.java:542) ~[spring-beans-5.3.27.jar:5.3.27]
	at org.springframework.beans.factory.support.AbstractBeanFactory.lambda$doGetBean$0(AbstractBeanFactory.java:335) ~[spring-beans-5.3.27.jar:5.3.27]
	at org.springframework.beans.factory.support.DefaultSingletonBeanRegistry.getSingleton(DefaultSingletonBeanRegistry.java:234) ~[spring-beans-5.3.27.jar:5.3.27]
	at org.springframework.beans.factory.support.AbstractBeanFactory.doGetBean(AbstractBeanFactory.java:333) ~[spring-beans-5.3.27.jar:5.3.27]
	at org.springframework.beans.factory.support.AbstractBeanFactory.getBean(AbstractBeanFactory.java:208) ~[spring-beans-5.3.27.jar:5.3.27]
	at org.springframework.beans.factory.config.DependencyDescriptor.resolveCandidate(DependencyDescriptor.java:276) ~[spring-beans-5.3.27.jar:5.3.27]
	at org.springframework.beans.factory.support.DefaultListableBeanFactory.doResolveDependency(DefaultListableBeanFactory.java:1391) ~[spring-beans-5.3.27.jar:5.3.27]
	at org.springframework.beans.factory.support.DefaultListableBeanFactory.resolveDependency(DefaultListableBeanFactory.java:1311) ~[spring-beans-5.3.27.jar:5.3.27]
	at org.springframework.beans.factory.support.ConstructorResolver.resolveAutowiredArgument(ConstructorResolver.java:887) ~[spring-beans-5.3.27.jar:5.3.27]
	at org.springframework.beans.factory.support.ConstructorResolver.createArgumentArray(ConstructorResolver.java:791) ~[spring-beans-5.3.27.jar:5.3.27]
	at org.springframework.beans.factory.support.ConstructorResolver.instantiateUsingFactoryMethod(ConstructorResolver.java:541) ~[spring-beans-5.3.27.jar:5.3.27]
	at org.springframework.beans.factory.support.AbstractAutowireCapableBeanFactory.instantiateUsingFactoryMethod(AbstractAutowireCapableBeanFactory.java:1352) ~[spring-beans-5.3.27.jar:5.3.27]
	at org.springframework.beans.factory.support.AbstractAutowireCapableBeanFactory.createBeanInstance(AbstractAutowireCapableBeanFactory.java:1195) ~[spring-beans-5.3.27.jar:5.3.27]
	at org.springframework.beans.factory.support.AbstractAutowireCapableBeanFactory.doCreateBean(AbstractAutowireCapableBeanFactory.java:582) ~[spring-beans-5.3.27.jar:5.3.27]
	at org.springframework.beans.factory.support.AbstractAutowireCapableBeanFactory.createBean(AbstractAutowireCapableBeanFactory.java:542) ~[spring-beans-5.3.27.jar:5.3.27]
	at org.springframework.beans.factory.support.AbstractBeanFactory.lambda$doGetBean$0(AbstractBeanFactory.java:335) ~[spring-beans-5.3.27.jar:5.3.27]
	at org.springframework.beans.factory.support.DefaultSingletonBeanRegistry.getSingleton(DefaultSingletonBeanRegistry.java:234) ~[spring-beans-5.3.27.jar:5.3.27]
	at org.springframework.beans.factory.support.AbstractBeanFactory.doGetBean(AbstractBeanFactory.java:333) ~[spring-beans-5.3.27.jar:5.3.27]
	at org.springframework.beans.factory.support.AbstractBeanFactory.getBean(AbstractBeanFactory.java:208) ~[spring-beans-5.3.27.jar:5.3.27]
	at org.springframework.beans.factory.support.AbstractBeanFactory.doGetBean(AbstractBeanFactory.java:322) ~[spring-beans-5.3.27.jar:5.3.27]
	at org.springframework.beans.factory.support.AbstractBeanFactory.getBean(AbstractBeanFactory.java:208) ~[spring-beans-5.3.27.jar:5.3.27]
	at org.springframework.context.support.AbstractApplicationContext.getBean(AbstractApplicationContext.java:1156) ~[spring-context-5.3.27.jar:5.3.27]
	at org.springframework.context.support.AbstractApplicationContext.finishBeanFactoryInitialization(AbstractApplicationContext.java:910) ~[spring-context-5.3.27.jar:5.3.27]
	at org.springframework.context.support.AbstractApplicationContext.refresh(AbstractApplicationContext.java:583) ~[spring-context-5.3.27.jar:5.3.27]
	at org.springframework.boot.web.servlet.context.ServletWebServerApplicationContext.refresh(ServletWebServerApplicationContext.java:147) ~[spring-boot-2.7.12.jar:2.7.12]
	at org.springframework.boot.SpringApplication.refresh(SpringApplication.java:731) ~[spring-boot-2.7.12.jar:2.7.12]
	at org.springframework.boot.SpringApplication.refreshContext(SpringApplication.java:408) ~[spring-boot-2.7.12.jar:2.7.12]
	at org.springframework.boot.SpringApplication.run(SpringApplication.java:307) ~[spring-boot-2.7.12.jar:2.7.12]
	at org.springframework.boot.SpringApplication.run(SpringApplication.java:1303) ~[spring-boot-2.7.12.jar:2.7.12]
	at org.springframework.boot.SpringApplication.run(SpringApplication.java:1292) ~[spring-boot-2.7.12.jar:2.7.12]
	at kr.or.kimsn.radar.web.RadarWebApplication.main(RadarWebApplication.java:14) ~[main/:?]
	at jdk.internal.reflect.NativeMethodAccessorImpl.invoke0(Native Method) ~[?:?]
	at jdk.internal.reflect.NativeMethodAccessorImpl.invoke(NativeMethodAccessorImpl.java:62) ~[?:?]
	at jdk.internal.reflect.DelegatingMethodAccessorImpl.invoke(DelegatingMethodAccessorImpl.java:43) ~[?:?]
	at java.lang.reflect.Method.invoke(Method.java:566) ~[?:?]
	at org.springframework.boot.devtools.restart.RestartLauncher.run(RestartLauncher.java:49) ~[spring-boot-devtools-2.7.12.jar:2.7.12]
Caused by: com.mysql.cj.exceptions.CJCommunicationsException: Communications link failure

The last packet sent successfully to the server was 0 milliseconds ago. The driver has not received any packets from the server.
	at jdk.internal.reflect.NativeConstructorAccessorImpl.newInstance0(Native Method) ~[?:?]
	at jdk.internal.reflect.NativeConstructorAccessorImpl.newInstance(NativeConstructorAccessorImpl.java:62) ~[?:?]
	at jdk.internal.reflect.DelegatingConstructorAccessorImpl.newInstance(DelegatingConstructorAccessorImpl.java:45) ~[?:?]
	at java.lang.reflect.Constructor.newInstance(Constructor.java:490) ~[?:?]
	at com.mysql.cj.exceptions.ExceptionFactory.createException(ExceptionFactory.java:62) ~[mysql-connector-j-8.0.33.jar:8.0.33]
	at com.mysql.cj.exceptions.ExceptionFactory.createException(ExceptionFactory.java:105) ~[mysql-connector-j-8.0.33.jar:8.0.33]
	at com.mysql.cj.exceptions.ExceptionFactory.createException(ExceptionFactory.java:150) ~[mysql-connector-j-8.0.33.jar:8.0.33]
	at com.mysql.cj.exceptions.ExceptionFactory.createCommunicationsException(ExceptionFactory.java:166) ~[mysql-connector-j-8.0.33.jar:8.0.33]
	at com.mysql.cj.protocol.a.NativeSocketConnection.connect(NativeSocketConnection.java:89) ~[mysql-connector-j-8.0.33.jar:8.0.33]
	at com.mysql.cj.NativeSession.connect(NativeSession.java:121) ~[mysql-connector-j-8.0.33.jar:8.0.33]
	at com.mysql.cj.jdbc.ConnectionImpl.connectOneTryOnly(ConnectionImpl.java:945) ~[mysql-connector-j-8.0.33.jar:8.0.33]
	at com.mysql.cj.jdbc.ConnectionImpl.createNewIO(ConnectionImpl.java:815) ~[mysql-connector-j-8.0.33.jar:8.0.33]
	... 62 more
Caused by: java.net.SocketException: Software caused connection abort: connect
	at java.net.PlainSocketImpl.waitForConnect(Native Method) ~[?:?]
	at java.net.PlainSocketImpl.socketConnect(PlainSocketImpl.java:107) ~[?:?]
	at java.net.AbstractPlainSocketImpl.doConnect(AbstractPlainSocketImpl.java:399) ~[?:?]
	at java.net.AbstractPlainSocketImpl.connectToAddress(AbstractPlainSocketImpl.java:242) ~[?:?]
	at java.net.AbstractPlainSocketImpl.connect(AbstractPlainSocketImpl.java:224) ~[?:?]
	at java.net.SocksSocketImpl.connect(SocksSocketImpl.java:403) ~[?:?]
	at java.net.Socket.connect(Socket.java:591) ~[?:?]
	at com.mysql.cj.protocol.StandardSocketFactory.connect(StandardSocketFactory.java:153) ~[mysql-connector-j-8.0.33.jar:8.0.33]
	at com.mysql.cj.protocol.a.NativeSocketConnection.connect(NativeSocketConnection.java:63) ~[mysql-connector-j-8.0.33.jar:8.0.33]
	at com.mysql.cj.NativeSession.connect(NativeSession.java:121) ~[mysql-connector-j-8.0.33.jar:8.0.33]
	at com.mysql.cj.jdbc.ConnectionImpl.connectOneTryOnly(ConnectionImpl.java:945) ~[mysql-connector-j-8.0.33.jar:8.0.33]
	at com.mysql.cj.jdbc.ConnectionImpl.createNewIO(ConnectionImpl.java:815) ~[mysql-connector-j-8.0.33.jar:8.0.33]
	... 62 more
2026-06-04 21:38:44.529 [WARN ] Exception encountered during context initialization - cancelling refresh attempt: org.springframework.beans.factory.UnsatisfiedDependencyException: Error creating bean with name 'dataSourceScriptDatabaseInitializer' defined in class path resource [org/springframework/boot/autoconfigure/sql/init/DataSourceInitializationConfiguration.class]: Unsatisfied dependency expressed through method 'dataSourceScriptDatabaseInitializer' parameter 0; nested exception is org.springframework.beans.factory.BeanCreationException: Error creating bean with name 'dataSource' defined in class path resource [kr/or/kimsn/radar/data/config/DataSourceConfig.class]: Bean instantiation via factory method failed; nested exception is org.springframework.beans.BeanInstantiationException: Failed to instantiate [javax.sql.DataSource]: Factory method 'dataSource' threw exception; nested exception is com.zaxxer.hikari.pool.HikariPool$PoolInitializationException: Failed to initialize pool: Communications link failure

The last packet sent successfully to the server was 0 milliseconds ago. The driver has not received any packets from the server.
2026-06-04 21:38:44.534 [INFO ] Stopping service [Tomcat]
2026-06-04 21:38:44.564 [INFO ] 

Error starting ApplicationContext. To display the conditions report re-run your application with 'debug' enabled.
2026-06-04 21:38:44.695 [ERROR] Application run failed
org.springframework.beans.factory.UnsatisfiedDependencyException: Error creating bean with name 'dataSourceScriptDatabaseInitializer' defined in class path resource [org/springframework/boot/autoconfigure/sql/init/DataSourceInitializationConfiguration.class]: Unsatisfied dependency expressed through method 'dataSourceScriptDatabaseInitializer' parameter 0; nested exception is org.springframework.beans.factory.BeanCreationException: Error creating bean with name 'dataSource' defined in class path resource [kr/or/kimsn/radar/data/config/DataSourceConfig.class]: Bean instantiation via factory method failed; nested exception is org.springframework.beans.BeanInstantiationException: Failed to instantiate [javax.sql.DataSource]: Factory method 'dataSource' threw exception; nested exception is com.zaxxer.hikari.pool.HikariPool$PoolInitializationException: Failed to initialize pool: Communications link failure

The last packet sent successfully to the server was 0 milliseconds ago. The driver has not received any packets from the server.
	at org.springframework.beans.factory.support.ConstructorResolver.createArgumentArray(ConstructorResolver.java:800) ~[spring-beans-5.3.27.jar:5.3.27]
	at org.springframework.beans.factory.support.ConstructorResolver.instantiateUsingFactoryMethod(ConstructorResolver.java:541) ~[spring-beans-5.3.27.jar:5.3.27]
	at org.springframework.beans.factory.support.AbstractAutowireCapableBeanFactory.instantiateUsingFactoryMethod(AbstractAutowireCapableBeanFactory.java:1352) ~[spring-beans-5.3.27.jar:5.3.27]
	at org.springframework.beans.factory.support.AbstractAutowireCapableBeanFactory.createBeanInstance(AbstractAutowireCapableBeanFactory.java:1195) ~[spring-beans-5.3.27.jar:5.3.27]
	at org.springframework.beans.factory.support.AbstractAutowireCapableBeanFactory.doCreateBean(AbstractAutowireCapableBeanFactory.java:582) ~[spring-beans-5.3.27.jar:5.3.27]
	at org.springframework.beans.factory.support.AbstractAutowireCapableBeanFactory.createBean(AbstractAutowireCapableBeanFactory.java:542) ~[spring-beans-5.3.27.jar:5.3.27]
	at org.springframework.beans.factory.support.AbstractBeanFactory.lambda$doGetBean$0(AbstractBeanFactory.java:335) ~[spring-beans-5.3.27.jar:5.3.27]
	at org.springframework.beans.factory.support.DefaultSingletonBeanRegistry.getSingleton(DefaultSingletonBeanRegistry.java:234) ~[spring-beans-5.3.27.jar:5.3.27]
	at org.springframework.beans.factory.support.AbstractBeanFactory.doGetBean(AbstractBeanFactory.java:333) ~[spring-beans-5.3.27.jar:5.3.27]
	at org.springframework.beans.factory.support.AbstractBeanFactory.getBean(AbstractBeanFactory.java:208) ~[spring-beans-5.3.27.jar:5.3.27]
	at org.springframework.beans.factory.support.AbstractBeanFactory.doGetBean(AbstractBeanFactory.java:322) ~[spring-beans-5.3.27.jar:5.3.27]
	at org.springframework.beans.factory.support.AbstractBeanFactory.getBean(AbstractBeanFactory.java:208) ~[spring-beans-5.3.27.jar:5.3.27]
	at org.springframework.context.support.AbstractApplicationContext.getBean(AbstractApplicationContext.java:1156) ~[spring-context-5.3.27.jar:5.3.27]
	at org.springframework.context.support.AbstractApplicationContext.finishBeanFactoryInitialization(AbstractApplicationContext.java:910) ~[spring-context-5.3.27.jar:5.3.27]
	at org.springframework.context.support.AbstractApplicationContext.refresh(AbstractApplicationContext.java:583) ~[spring-context-5.3.27.jar:5.3.27]
	at org.springframework.boot.web.servlet.context.ServletWebServerApplicationContext.refresh(ServletWebServerApplicationContext.java:147) ~[spring-boot-2.7.12.jar:2.7.12]
	at org.springframework.boot.SpringApplication.refresh(SpringApplication.java:731) ~[spring-boot-2.7.12.jar:2.7.12]
	at org.springframework.boot.SpringApplication.refreshContext(SpringApplication.java:408) ~[spring-boot-2.7.12.jar:2.7.12]
	at org.springframework.boot.SpringApplication.run(SpringApplication.java:307) ~[spring-boot-2.7.12.jar:2.7.12]
	at org.springframework.boot.SpringApplication.run(SpringApplication.java:1303) ~[spring-boot-2.7.12.jar:2.7.12]
	at org.springframework.boot.SpringApplication.run(SpringApplication.java:1292) ~[spring-boot-2.7.12.jar:2.7.12]
	at kr.or.kimsn.radar.web.RadarWebApplication.main(RadarWebApplication.java:14) ~[main/:?]
	at jdk.internal.reflect.NativeMethodAccessorImpl.invoke0(Native Method) ~[?:?]
	at jdk.internal.reflect.NativeMethodAccessorImpl.invoke(NativeMethodAccessorImpl.java:62) ~[?:?]
	at jdk.internal.reflect.DelegatingMethodAccessorImpl.invoke(DelegatingMethodAccessorImpl.java:43) ~[?:?]
	at java.lang.reflect.Method.invoke(Method.java:566) ~[?:?]
	at org.springframework.boot.devtools.restart.RestartLauncher.run(RestartLauncher.java:49) ~[spring-boot-devtools-2.7.12.jar:2.7.12]
Caused by: org.springframework.beans.factory.BeanCreationException: Error creating bean with name 'dataSource' defined in class path resource [kr/or/kimsn/radar/data/config/DataSourceConfig.class]: Bean instantiation via factory method failed; nested exception is org.springframework.beans.BeanInstantiationException: Failed to instantiate [javax.sql.DataSource]: Factory method 'dataSource' threw exception; nested exception is com.zaxxer.hikari.pool.HikariPool$PoolInitializationException: Failed to initialize pool: Communications link failure

The last packet sent successfully to the server was 0 milliseconds ago. The driver has not received any packets from the server.
	at org.springframework.beans.factory.support.ConstructorResolver.instantiate(ConstructorResolver.java:658) ~[spring-beans-5.3.27.jar:5.3.27]
	at org.springframework.beans.factory.support.ConstructorResolver.instantiateUsingFactoryMethod(ConstructorResolver.java:486) ~[spring-beans-5.3.27.jar:5.3.27]
	at org.springframework.beans.factory.support.AbstractAutowireCapableBeanFactory.instantiateUsingFactoryMethod(AbstractAutowireCapableBeanFactory.java:1352) ~[spring-beans-5.3.27.jar:5.3.27]
	at org.springframework.beans.factory.support.AbstractAutowireCapableBeanFactory.createBeanInstance(AbstractAutowireCapableBeanFactory.java:1195) ~[spring-beans-5.3.27.jar:5.3.27]
	at org.springframework.beans.factory.support.AbstractAutowireCapableBeanFactory.doCreateBean(AbstractAutowireCapableBeanFactory.java:582) ~[spring-beans-5.3.27.jar:5.3.27]
	at org.springframework.beans.factory.support.AbstractAutowireCapableBeanFactory.createBean(AbstractAutowireCapableBeanFactory.java:542) ~[spring-beans-5.3.27.jar:5.3.27]
	at org.springframework.beans.factory.support.AbstractBeanFactory.lambda$doGetBean$0(AbstractBeanFactory.java:335) ~[spring-beans-5.3.27.jar:5.3.27]
	at org.springframework.beans.factory.support.DefaultSingletonBeanRegistry.getSingleton(DefaultSingletonBeanRegistry.java:234) ~[spring-beans-5.3.27.jar:5.3.27]
	at org.springframework.beans.factory.support.AbstractBeanFactory.doGetBean(AbstractBeanFactory.java:333) ~[spring-beans-5.3.27.jar:5.3.27]
	at org.springframework.beans.factory.support.AbstractBeanFactory.getBean(AbstractBeanFactory.java:208) ~[spring-beans-5.3.27.jar:5.3.27]
	at org.springframework.beans.factory.config.DependencyDescriptor.resolveCandidate(DependencyDescriptor.java:276) ~[spring-beans-5.3.27.jar:5.3.27]
	at org.springframework.beans.factory.support.DefaultListableBeanFactory.doResolveDependency(DefaultListableBeanFactory.java:1391) ~[spring-beans-5.3.27.jar:5.3.27]
	at org.springframework.beans.factory.support.DefaultListableBeanFactory.resolveDependency(DefaultListableBeanFactory.java:1311) ~[spring-beans-5.3.27.jar:5.3.27]
	at org.springframework.beans.factory.support.ConstructorResolver.resolveAutowiredArgument(ConstructorResolver.java:887) ~[spring-beans-5.3.27.jar:5.3.27]
	at org.springframework.beans.factory.support.ConstructorResolver.createArgumentArray(ConstructorResolver.java:791) ~[spring-beans-5.3.27.jar:5.3.27]
	... 26 more
Caused by: org.springframework.beans.BeanInstantiationException: Failed to instantiate [javax.sql.DataSource]: Factory method 'dataSource' threw exception; nested exception is com.zaxxer.hikari.pool.HikariPool$PoolInitializationException: Failed to initialize pool: Communications link failure

The last packet sent successfully to the server was 0 milliseconds ago. The driver has not received any packets from the server.
	at org.springframework.beans.factory.support.SimpleInstantiationStrategy.instantiate(SimpleInstantiationStrategy.java:185) ~[spring-beans-5.3.27.jar:5.3.27]
	at org.springframework.beans.factory.support.ConstructorResolver.instantiate(ConstructorResolver.java:653) ~[spring-beans-5.3.27.jar:5.3.27]
	at org.springframework.beans.factory.support.ConstructorResolver.instantiateUsingFactoryMethod(ConstructorResolver.java:486) ~[spring-beans-5.3.27.jar:5.3.27]
	at org.springframework.beans.factory.support.AbstractAutowireCapableBeanFactory.instantiateUsingFactoryMethod(AbstractAutowireCapableBeanFactory.java:1352) ~[spring-beans-5.3.27.jar:5.3.27]
	at org.springframework.beans.factory.support.AbstractAutowireCapableBeanFactory.createBeanInstance(AbstractAutowireCapableBeanFactory.java:1195) ~[spring-beans-5.3.27.jar:5.3.27]
	at org.springframework.beans.factory.support.AbstractAutowireCapableBeanFactory.doCreateBean(AbstractAutowireCapableBeanFactory.java:582) ~[spring-beans-5.3.27.jar:5.3.27]
	at org.springframework.beans.factory.support.AbstractAutowireCapableBeanFactory.createBean(AbstractAutowireCapableBeanFactory.java:542) ~[spring-beans-5.3.27.jar:5.3.27]
	at org.springframework.beans.factory.support.AbstractBeanFactory.lambda$doGetBean$0(AbstractBeanFactory.java:335) ~[spring-beans-5.3.27.jar:5.3.27]
	at org.springframework.beans.factory.support.DefaultSingletonBeanRegistry.getSingleton(DefaultSingletonBeanRegistry.java:234) ~[spring-beans-5.3.27.jar:5.3.27]
	at org.springframework.beans.factory.support.AbstractBeanFactory.doGetBean(AbstractBeanFactory.java:333) ~[spring-beans-5.3.27.jar:5.3.27]
	at org.springframework.beans.factory.support.AbstractBeanFactory.getBean(AbstractBeanFactory.java:208) ~[spring-beans-5.3.27.jar:5.3.27]
	at org.springframework.beans.factory.config.DependencyDescriptor.resolveCandidate(DependencyDescriptor.java:276) ~[spring-beans-5.3.27.jar:5.3.27]
	at org.springframework.beans.factory.support.DefaultListableBeanFactory.doResolveDependency(DefaultListableBeanFactory.java:1391) ~[spring-beans-5.3.27.jar:5.3.27]
	at org.springframework.beans.factory.support.DefaultListableBeanFactory.resolveDependency(DefaultListableBeanFactory.java:1311) ~[spring-beans-5.3.27.jar:5.3.27]
	at org.springframework.beans.factory.support.ConstructorResolver.resolveAutowiredArgument(ConstructorResolver.java:887) ~[spring-beans-5.3.27.jar:5.3.27]
	at org.springframework.beans.factory.support.ConstructorResolver.createArgumentArray(ConstructorResolver.java:791) ~[spring-beans-5.3.27.jar:5.3.27]
	... 26 more
Caused by: com.zaxxer.hikari.pool.HikariPool$PoolInitializationException: Failed to initialize pool: Communications link failure

The last packet sent successfully to the server was 0 milliseconds ago. The driver has not received any packets from the server.
	at com.zaxxer.hikari.pool.HikariPool.throwPoolInitializationException(HikariPool.java:596) ~[HikariCP-4.0.3.jar:?]
	at com.zaxxer.hikari.pool.HikariPool.checkFailFast(HikariPool.java:582) ~[HikariCP-4.0.3.jar:?]
	at com.zaxxer.hikari.pool.HikariPool.<init>(HikariPool.java:115) ~[HikariCP-4.0.3.jar:?]
	at com.zaxxer.hikari.HikariDataSource.<init>(HikariDataSource.java:81) ~[HikariCP-4.0.3.jar:?]
	at kr.or.kimsn.radar.data.config.DataSourceConfig.dataSource(DataSourceConfig.java:45) ~[main/:?]
	at kr.or.kimsn.radar.data.config.DataSourceConfig$$EnhancerBySpringCGLIB$$359ceb68.CGLIB$dataSource$0(<generated>) ~[main/:?]
	at kr.or.kimsn.radar.data.config.DataSourceConfig$$EnhancerBySpringCGLIB$$359ceb68$$FastClassBySpringCGLIB$$26f9adc5.invoke(<generated>) ~[main/:?]
	at org.springframework.cglib.proxy.MethodProxy.invokeSuper(MethodProxy.java:244) ~[spring-core-5.3.27.jar:5.3.27]
	at org.springframework.context.annotation.ConfigurationClassEnhancer$BeanMethodInterceptor.intercept(ConfigurationClassEnhancer.java:331) ~[spring-context-5.3.27.jar:5.3.27]
	at kr.or.kimsn.radar.data.config.DataSourceConfig$$EnhancerBySpringCGLIB$$359ceb68.dataSource(<generated>) ~[main/:?]
	at jdk.internal.reflect.NativeMethodAccessorImpl.invoke0(Native Method) ~[?:?]
	at jdk.internal.reflect.NativeMethodAccessorImpl.invoke(NativeMethodAccessorImpl.java:62) ~[?:?]
	at jdk.internal.reflect.DelegatingMethodAccessorImpl.invoke(DelegatingMethodAccessorImpl.java:43) ~[?:?]
	at java.lang.reflect.Method.invoke(Method.java:566) ~[?:?]
	at org.springframework.beans.factory.support.SimpleInstantiationStrategy.instantiate(SimpleInstantiationStrategy.java:154) ~[spring-beans-5.3.27.jar:5.3.27]
	at org.springframework.beans.factory.support.ConstructorResolver.instantiate(ConstructorResolver.java:653) ~[spring-beans-5.3.27.jar:5.3.27]
	at org.springframework.beans.factory.support.ConstructorResolver.instantiateUsingFactoryMethod(ConstructorResolver.java:486) ~[spring-beans-5.3.27.jar:5.3.27]
	at org.springframework.beans.factory.support.AbstractAutowireCapableBeanFactory.instantiateUsingFactoryMethod(AbstractAutowireCapableBeanFactory.java:1352) ~[spring-beans-5.3.27.jar:5.3.27]
	at org.springframework.beans.factory.support.AbstractAutowireCapableBeanFactory.createBeanInstance(AbstractAutowireCapableBeanFactory.java:1195) ~[spring-beans-5.3.27.jar:5.3.27]
	at org.springframework.beans.factory.support.AbstractAutowireCapableBeanFactory.doCreateBean(AbstractAutowireCapableBeanFactory.java:582) ~[spring-beans-5.3.27.jar:5.3.27]
	at org.springframework.beans.factory.support.AbstractAutowireCapableBeanFactory.createBean(AbstractAutowireCapableBeanFactory.java:542) ~[spring-beans-5.3.27.jar:5.3.27]
	at org.springframework.beans.factory.support.AbstractBeanFactory.lambda$doGetBean$0(AbstractBeanFactory.java:335) ~[spring-beans-5.3.27.jar:5.3.27]
	at org.springframework.beans.factory.support.DefaultSingletonBeanRegistry.getSingleton(DefaultSingletonBeanRegistry.java:234) ~[spring-beans-5.3.27.jar:5.3.27]
	at org.springframework.beans.factory.support.AbstractBeanFactory.doGetBean(AbstractBeanFactory.java:333) ~[spring-beans-5.3.27.jar:5.3.27]
	at org.springframework.beans.factory.support.AbstractBeanFactory.getBean(AbstractBeanFactory.java:208) ~[spring-beans-5.3.27.jar:5.3.27]
	at org.springframework.beans.factory.config.DependencyDescriptor.resolveCandidate(DependencyDescriptor.java:276) ~[spring-beans-5.3.27.jar:5.3.27]
	at org.springframework.beans.factory.support.DefaultListableBeanFactory.doResolveDependency(DefaultListableBeanFactory.java:1391) ~[spring-beans-5.3.27.jar:5.3.27]
	at org.springframework.beans.factory.support.DefaultListableBeanFactory.resolveDependency(DefaultListableBeanFactory.java:1311) ~[spring-beans-5.3.27.jar:5.3.27]
	at org.springframework.beans.factory.support.ConstructorResolver.resolveAutowiredArgument(ConstructorResolver.java:887) ~[spring-beans-5.3.27.jar:5.3.27]
	at org.springframework.beans.factory.support.ConstructorResolver.createArgumentArray(ConstructorResolver.java:791) ~[spring-beans-5.3.27.jar:5.3.27]
	... 26 more
Caused by: com.mysql.cj.jdbc.exceptions.CommunicationsException: Communications link failure

The last packet sent successfully to the server was 0 milliseconds ago. The driver has not received any packets from the server.
	at com.mysql.cj.jdbc.exceptions.SQLError.createCommunicationsException(SQLError.java:175) ~[mysql-connector-j-8.0.33.jar:8.0.33]
	at com.mysql.cj.jdbc.exceptions.SQLExceptionsMapping.translateException(SQLExceptionsMapping.java:64) ~[mysql-connector-j-8.0.33.jar:8.0.33]
	at com.mysql.cj.jdbc.ConnectionImpl.createNewIO(ConnectionImpl.java:825) ~[mysql-connector-j-8.0.33.jar:8.0.33]
	at com.mysql.cj.jdbc.ConnectionImpl.<init>(ConnectionImpl.java:446) ~[mysql-connector-j-8.0.33.jar:8.0.33]
	at com.mysql.cj.jdbc.ConnectionImpl.getInstance(ConnectionImpl.java:239) ~[mysql-connector-j-8.0.33.jar:8.0.33]
	at com.mysql.cj.jdbc.NonRegisteringDriver.connect(NonRegisteringDriver.java:188) ~[mysql-connector-j-8.0.33.jar:8.0.33]
	at com.zaxxer.hikari.util.DriverDataSource.getConnection(DriverDataSource.java:138) ~[HikariCP-4.0.3.jar:?]
	at com.zaxxer.hikari.pool.PoolBase.newConnection(PoolBase.java:364) ~[HikariCP-4.0.3.jar:?]
	at com.zaxxer.hikari.pool.PoolBase.newPoolEntry(PoolBase.java:206) ~[HikariCP-4.0.3.jar:?]
	at com.zaxxer.hikari.pool.HikariPool.createPoolEntry(HikariPool.java:476) ~[HikariCP-4.0.3.jar:?]
	at com.zaxxer.hikari.pool.HikariPool.checkFailFast(HikariPool.java:561) ~[HikariCP-4.0.3.jar:?]
	at com.zaxxer.hikari.pool.HikariPool.<init>(HikariPool.java:115) ~[HikariCP-4.0.3.jar:?]
	at com.zaxxer.hikari.HikariDataSource.<init>(HikariDataSource.java:81) ~[HikariCP-4.0.3.jar:?]
	at kr.or.kimsn.radar.data.config.DataSourceConfig.dataSource(DataSourceConfig.java:45) ~[main/:?]
	at kr.or.kimsn.radar.data.config.DataSourceConfig$$EnhancerBySpringCGLIB$$359ceb68.CGLIB$dataSource$0(<generated>) ~[main/:?]
	at kr.or.kimsn.radar.data.config.DataSourceConfig$$EnhancerBySpringCGLIB$$359ceb68$$FastClassBySpringCGLIB$$26f9adc5.invoke(<generated>) ~[main/:?]
	at org.springframework.cglib.proxy.MethodProxy.invokeSuper(MethodProxy.java:244) ~[spring-core-5.3.27.jar:5.3.27]
	at org.springframework.context.annotation.ConfigurationClassEnhancer$BeanMethodInterceptor.intercept(ConfigurationClassEnhancer.java:331) ~[spring-context-5.3.27.jar:5.3.27]
	at kr.or.kimsn.radar.data.config.DataSourceConfig$$EnhancerBySpringCGLIB$$359ceb68.dataSource(<generated>) ~[main/:?]
	at jdk.internal.reflect.NativeMethodAccessorImpl.invoke0(Native Method) ~[?:?]
	at jdk.internal.reflect.NativeMethodAccessorImpl.invoke(NativeMethodAccessorImpl.java:62) ~[?:?]
	at jdk.internal.reflect.DelegatingMethodAccessorImpl.invoke(DelegatingMethodAccessorImpl.java:43) ~[?:?]
	at java.lang.reflect.Method.invoke(Method.java:566) ~[?:?]
	at org.springframework.beans.factory.support.SimpleInstantiationStrategy.instantiate(SimpleInstantiationStrategy.java:154) ~[spring-beans-5.3.27.jar:5.3.27]
	at org.springframework.beans.factory.support.ConstructorResolver.instantiate(ConstructorResolver.java:653) ~[spring-beans-5.3.27.jar:5.3.27]
	at org.springframework.beans.factory.support.ConstructorResolver.instantiateUsingFactoryMethod(ConstructorResolver.java:486) ~[spring-beans-5.3.27.jar:5.3.27]
	at org.springframework.beans.factory.support.AbstractAutowireCapableBeanFactory.instantiateUsingFactoryMethod(AbstractAutowireCapableBeanFactory.java:1352) ~[spring-beans-5.3.27.jar:5.3.27]
	at org.springframework.beans.factory.support.AbstractAutowireCapableBeanFactory.createBeanInstance(AbstractAutowireCapableBeanFactory.java:1195) ~[spring-beans-5.3.27.jar:5.3.27]
	at org.springframework.beans.factory.support.AbstractAutowireCapableBeanFactory.doCreateBean(AbstractAutowireCapableBeanFactory.java:582) ~[spring-beans-5.3.27.jar:5.3.27]
	at org.springframework.beans.factory.support.AbstractAutowireCapableBeanFactory.createBean(AbstractAutowireCapableBeanFactory.java:542) ~[spring-beans-5.3.27.jar:5.3.27]
	at org.springframework.beans.factory.support.AbstractBeanFactory.lambda$doGetBean$0(AbstractBeanFactory.java:335) ~[spring-beans-5.3.27.jar:5.3.27]
	at org.springframework.beans.factory.support.DefaultSingletonBeanRegistry.getSingleton(DefaultSingletonBeanRegistry.java:234) ~[spring-beans-5.3.27.jar:5.3.27]
	at org.springframework.beans.factory.support.AbstractBeanFactory.doGetBean(AbstractBeanFactory.java:333) ~[spring-beans-5.3.27.jar:5.3.27]
	at org.springframework.beans.factory.support.AbstractBeanFactory.getBean(AbstractBeanFactory.java:208) ~[spring-beans-5.3.27.jar:5.3.27]
	at org.springframework.beans.factory.config.DependencyDescriptor.resolveCandidate(DependencyDescriptor.java:276) ~[spring-beans-5.3.27.jar:5.3.27]
	at org.springframework.beans.factory.support.DefaultListableBeanFactory.doResolveDependency(DefaultListableBeanFactory.java:1391) ~[spring-beans-5.3.27.jar:5.3.27]
	at org.springframework.beans.factory.support.DefaultListableBeanFactory.resolveDependency(DefaultListableBeanFactory.java:1311) ~[spring-beans-5.3.27.jar:5.3.27]
	at org.springframework.beans.factory.support.ConstructorResolver.resolveAutowiredArgument(ConstructorResolver.java:887) ~[spring-beans-5.3.27.jar:5.3.27]
	at org.springframework.beans.factory.support.ConstructorResolver.createArgumentArray(ConstructorResolver.java:791) ~[spring-beans-5.3.27.jar:5.3.27]
	... 26 more
Caused by: com.mysql.cj.exceptions.CJCommunicationsException: Communications link failure

The last packet sent successfully to the server was 0 milliseconds ago. The driver has not received any packets from the server.
	at jdk.internal.reflect.NativeConstructorAccessorImpl.newInstance0(Native Method) ~[?:?]
	at jdk.internal.reflect.NativeConstructorAccessorImpl.newInstance(NativeConstructorAccessorImpl.java:62) ~[?:?]
	at jdk.internal.reflect.DelegatingConstructorAccessorImpl.newInstance(DelegatingConstructorAccessorImpl.java:45) ~[?:?]
	at java.lang.reflect.Constructor.newInstance(Constructor.java:490) ~[?:?]
	at com.mysql.cj.exceptions.ExceptionFactory.createException(ExceptionFactory.java:62) ~[mysql-connector-j-8.0.33.jar:8.0.33]
	at com.mysql.cj.exceptions.ExceptionFactory.createException(ExceptionFactory.java:105) ~[mysql-connector-j-8.0.33.jar:8.0.33]
	at com.mysql.cj.exceptions.ExceptionFactory.createException(ExceptionFactory.java:150) ~[mysql-connector-j-8.0.33.jar:8.0.33]
	at com.mysql.cj.exceptions.ExceptionFactory.createCommunicationsException(ExceptionFactory.java:166) ~[mysql-connector-j-8.0.33.jar:8.0.33]
	at com.mysql.cj.protocol.a.NativeSocketConnection.connect(NativeSocketConnection.java:89) ~[mysql-connector-j-8.0.33.jar:8.0.33]
	at com.mysql.cj.NativeSession.connect(NativeSession.java:121) ~[mysql-connector-j-8.0.33.jar:8.0.33]
	at com.mysql.cj.jdbc.ConnectionImpl.connectOneTryOnly(ConnectionImpl.java:945) ~[mysql-connector-j-8.0.33.jar:8.0.33]
	at com.mysql.cj.jdbc.ConnectionImpl.createNewIO(ConnectionImpl.java:815) ~[mysql-connector-j-8.0.33.jar:8.0.33]
	at com.mysql.cj.jdbc.ConnectionImpl.<init>(ConnectionImpl.java:446) ~[mysql-connector-j-8.0.33.jar:8.0.33]
	at com.mysql.cj.jdbc.ConnectionImpl.getInstance(ConnectionImpl.java:239) ~[mysql-connector-j-8.0.33.jar:8.0.33]
	at com.mysql.cj.jdbc.NonRegisteringDriver.connect(NonRegisteringDriver.java:188) ~[mysql-connector-j-8.0.33.jar:8.0.33]
	at com.zaxxer.hikari.util.DriverDataSource.getConnection(DriverDataSource.java:138) ~[HikariCP-4.0.3.jar:?]
	at com.zaxxer.hikari.pool.PoolBase.newConnection(PoolBase.java:364) ~[HikariCP-4.0.3.jar:?]
	at com.zaxxer.hikari.pool.PoolBase.newPoolEntry(PoolBase.java:206) ~[HikariCP-4.0.3.jar:?]
	at com.zaxxer.hikari.pool.HikariPool.createPoolEntry(HikariPool.java:476) ~[HikariCP-4.0.3.jar:?]
	at com.zaxxer.hikari.pool.HikariPool.checkFailFast(HikariPool.java:561) ~[HikariCP-4.0.3.jar:?]
	at com.zaxxer.hikari.pool.HikariPool.<init>(HikariPool.java:115) ~[HikariCP-4.0.3.jar:?]
	at com.zaxxer.hikari.HikariDataSource.<init>(HikariDataSource.java:81) ~[HikariCP-4.0.3.jar:?]
	at kr.or.kimsn.radar.data.config.DataSourceConfig.dataSource(DataSourceConfig.java:45) ~[main/:?]
	at kr.or.kimsn.radar.data.config.DataSourceConfig$$EnhancerBySpringCGLIB$$359ceb68.CGLIB$dataSource$0(<generated>) ~[main/:?]
	at kr.or.kimsn.radar.data.config.DataSourceConfig$$EnhancerBySpringCGLIB$$359ceb68$$FastClassBySpringCGLIB$$26f9adc5.invoke(<generated>) ~[main/:?]
	at org.springframework.cglib.proxy.MethodProxy.invokeSuper(MethodProxy.java:244) ~[spring-core-5.3.27.jar:5.3.27]
	at org.springframework.context.annotation.ConfigurationClassEnhancer$BeanMethodInterceptor.intercept(ConfigurationClassEnhancer.java:331) ~[spring-context-5.3.27.jar:5.3.27]
	at kr.or.kimsn.radar.data.config.DataSourceConfig$$EnhancerBySpringCGLIB$$359ceb68.dataSource(<generated>) ~[main/:?]
	at jdk.internal.reflect.NativeMethodAccessorImpl.invoke0(Native Method) ~[?:?]
	at jdk.internal.reflect.NativeMethodAccessorImpl.invoke(NativeMethodAccessorImpl.java:62) ~[?:?]
	at jdk.internal.reflect.DelegatingMethodAccessorImpl.invoke(DelegatingMethodAccessorImpl.java:43) ~[?:?]
	at java.lang.reflect.Method.invoke(Method.java:566) ~[?:?]
	at org.springframework.beans.factory.support.SimpleInstantiationStrategy.instantiate(SimpleInstantiationStrategy.java:154) ~[spring-beans-5.3.27.jar:5.3.27]
	at org.springframework.beans.factory.support.ConstructorResolver.instantiate(ConstructorResolver.java:653) ~[spring-beans-5.3.27.jar:5.3.27]
	at org.springframework.beans.factory.support.ConstructorResolver.instantiateUsingFactoryMethod(ConstructorResolver.java:486) ~[spring-beans-5.3.27.jar:5.3.27]
	at org.springframework.beans.factory.support.AbstractAutowireCapableBeanFactory.instantiateUsingFactoryMethod(AbstractAutowireCapableBeanFactory.java:1352) ~[spring-beans-5.3.27.jar:5.3.27]
	at org.springframework.beans.factory.support.AbstractAutowireCapableBeanFactory.createBeanInstance(AbstractAutowireCapableBeanFactory.java:1195) ~[spring-beans-5.3.27.jar:5.3.27]
	at org.springframework.beans.factory.support.AbstractAutowireCapableBeanFactory.doCreateBean(AbstractAutowireCapableBeanFactory.java:582) ~[spring-beans-5.3.27.jar:5.3.27]
	at org.springframework.beans.factory.support.AbstractAutowireCapableBeanFactory.createBean(AbstractAutowireCapableBeanFactory.java:542) ~[spring-beans-5.3.27.jar:5.3.27]
	at org.springframework.beans.factory.support.AbstractBeanFactory.lambda$doGetBean$0(AbstractBeanFactory.java:335) ~[spring-beans-5.3.27.jar:5.3.27]
	at org.springframework.beans.factory.support.DefaultSingletonBeanRegistry.getSingleton(DefaultSingletonBeanRegistry.java:234) ~[spring-beans-5.3.27.jar:5.3.27]
	at org.springframework.beans.factory.support.AbstractBeanFactory.doGetBean(AbstractBeanFactory.java:333) ~[spring-beans-5.3.27.jar:5.3.27]
	at org.springframework.beans.factory.support.AbstractBeanFactory.getBean(AbstractBeanFactory.java:208) ~[spring-beans-5.3.27.jar:5.3.27]
	at org.springframework.beans.factory.config.DependencyDescriptor.resolveCandidate(DependencyDescriptor.java:276) ~[spring-beans-5.3.27.jar:5.3.27]
	at org.springframework.beans.factory.support.DefaultListableBeanFactory.doResolveDependency(DefaultListableBeanFactory.java:1391) ~[spring-beans-5.3.27.jar:5.3.27]
	at org.springframework.beans.factory.support.DefaultListableBeanFactory.resolveDependency(DefaultListableBeanFactory.java:1311) ~[spring-beans-5.3.27.jar:5.3.27]
	at org.springframework.beans.factory.support.ConstructorResolver.resolveAutowiredArgument(ConstructorResolver.java:887) ~[spring-beans-5.3.27.jar:5.3.27]
	at org.springframework.beans.factory.support.ConstructorResolver.createArgumentArray(ConstructorResolver.java:791) ~[spring-beans-5.3.27.jar:5.3.27]
	... 26 more
Caused by: java.net.SocketException: Software caused connection abort: connect
	at java.net.PlainSocketImpl.waitForConnect(Native Method) ~[?:?]
	at java.net.PlainSocketImpl.socketConnect(PlainSocketImpl.java:107) ~[?:?]
	at java.net.AbstractPlainSocketImpl.doConnect(AbstractPlainSocketImpl.java:399) ~[?:?]
	at java.net.AbstractPlainSocketImpl.connectToAddress(AbstractPlainSocketImpl.java:242) ~[?:?]
	at java.net.AbstractPlainSocketImpl.connect(AbstractPlainSocketImpl.java:224) ~[?:?]
	at java.net.SocksSocketImpl.connect(SocksSocketImpl.java:403) ~[?:?]
	at java.net.Socket.connect(Socket.java:591) ~[?:?]
	at com.mysql.cj.protocol.StandardSocketFactory.connect(StandardSocketFactory.java:153) ~[mysql-connector-j-8.0.33.jar:8.0.33]
	at com.mysql.cj.protocol.a.NativeSocketConnection.connect(NativeSocketConnection.java:63) ~[mysql-connector-j-8.0.33.jar:8.0.33]
	at com.mysql.cj.NativeSession.connect(NativeSession.java:121) ~[mysql-connector-j-8.0.33.jar:8.0.33]
	at com.mysql.cj.jdbc.ConnectionImpl.connectOneTryOnly(ConnectionImpl.java:945) ~[mysql-connector-j-8.0.33.jar:8.0.33]
	at com.mysql.cj.jdbc.ConnectionImpl.createNewIO(ConnectionImpl.java:815) ~[mysql-connector-j-8.0.33.jar:8.0.33]
	at com.mysql.cj.jdbc.ConnectionImpl.<init>(ConnectionImpl.java:446) ~[mysql-connector-j-8.0.33.jar:8.0.33]
	at com.mysql.cj.jdbc.ConnectionImpl.getInstance(ConnectionImpl.java:239) ~[mysql-connector-j-8.0.33.jar:8.0.33]
	at com.mysql.cj.jdbc.NonRegisteringDriver.connect(NonRegisteringDriver.java:188) ~[mysql-connector-j-8.0.33.jar:8.0.33]
	at com.zaxxer.hikari.util.DriverDataSource.getConnection(DriverDataSource.java:138) ~[HikariCP-4.0.3.jar:?]
	at com.zaxxer.hikari.pool.PoolBase.newConnection(PoolBase.java:364) ~[HikariCP-4.0.3.jar:?]
	at com.zaxxer.hikari.pool.PoolBase.newPoolEntry(PoolBase.java:206) ~[HikariCP-4.0.3.jar:?]
	at com.zaxxer.hikari.pool.HikariPool.createPoolEntry(HikariPool.java:476) ~[HikariCP-4.0.3.jar:?]
	at com.zaxxer.hikari.pool.HikariPool.checkFailFast(HikariPool.java:561) ~[HikariCP-4.0.3.jar:?]
	at com.zaxxer.hikari.pool.HikariPool.<init>(HikariPool.java:115) ~[HikariCP-4.0.3.jar:?]
	at com.zaxxer.hikari.HikariDataSource.<init>(HikariDataSource.java:81) ~[HikariCP-4.0.3.jar:?]
	at kr.or.kimsn.radar.data.config.DataSourceConfig.dataSource(DataSourceConfig.java:45) ~[main/:?]
	at kr.or.kimsn.radar.data.config.DataSourceConfig$$EnhancerBySpringCGLIB$$359ceb68.CGLIB$dataSource$0(<generated>) ~[main/:?]
	at kr.or.kimsn.radar.data.config.DataSourceConfig$$EnhancerBySpringCGLIB$$359ceb68$$FastClassBySpringCGLIB$$26f9adc5.invoke(<generated>) ~[main/:?]
	at org.springframework.cglib.proxy.MethodProxy.invokeSuper(MethodProxy.java:244) ~[spring-core-5.3.27.jar:5.3.27]
	at org.springframework.context.annotation.ConfigurationClassEnhancer$BeanMethodInterceptor.intercept(ConfigurationClassEnhancer.java:331) ~[spring-context-5.3.27.jar:5.3.27]
	at kr.or.kimsn.radar.data.config.DataSourceConfig$$EnhancerBySpringCGLIB$$359ceb68.dataSource(<generated>) ~[main/:?]
	at jdk.internal.reflect.NativeMethodAccessorImpl.invoke0(Native Method) ~[?:?]
	at jdk.internal.reflect.NativeMethodAccessorImpl.invoke(NativeMethodAccessorImpl.java:62) ~[?:?]
	at jdk.internal.reflect.DelegatingMethodAccessorImpl.invoke(DelegatingMethodAccessorImpl.java:43) ~[?:?]
	at java.lang.reflect.Method.invoke(Method.java:566) ~[?:?]
	at org.springframework.beans.factory.support.SimpleInstantiationStrategy.instantiate(SimpleInstantiationStrategy.java:154) ~[spring-beans-5.3.27.jar:5.3.27]
	at org.springframework.beans.factory.support.ConstructorResolver.instantiate(ConstructorResolver.java:653) ~[spring-beans-5.3.27.jar:5.3.27]
	at org.springframework.beans.factory.support.ConstructorResolver.instantiateUsingFactoryMethod(ConstructorResolver.java:486) ~[spring-beans-5.3.27.jar:5.3.27]
	at org.springframework.beans.factory.support.AbstractAutowireCapableBeanFactory.instantiateUsingFactoryMethod(AbstractAutowireCapableBeanFactory.java:1352) ~[spring-beans-5.3.27.jar:5.3.27]
	at org.springframework.beans.factory.support.AbstractAutowireCapableBeanFactory.createBeanInstance(AbstractAutowireCapableBeanFactory.java:1195) ~[spring-beans-5.3.27.jar:5.3.27]
	at org.springframework.beans.factory.support.AbstractAutowireCapableBeanFactory.doCreateBean(AbstractAutowireCapableBeanFactory.java:582) ~[spring-beans-5.3.27.jar:5.3.27]
	at org.springframework.beans.factory.support.AbstractAutowireCapableBeanFactory.createBean(AbstractAutowireCapableBeanFactory.java:542) ~[spring-beans-5.3.27.jar:5.3.27]
	at org.springframework.beans.factory.support.AbstractBeanFactory.lambda$doGetBean$0(AbstractBeanFactory.java:335) ~[spring-beans-5.3.27.jar:5.3.27]
	at org.springframework.beans.factory.support.DefaultSingletonBeanRegistry.getSingleton(DefaultSingletonBeanRegistry.java:234) ~[spring-beans-5.3.27.jar:5.3.27]
	at org.springframework.beans.factory.support.AbstractBeanFactory.doGetBean(AbstractBeanFactory.java:333) ~[spring-beans-5.3.27.jar:5.3.27]
	at org.springframework.beans.factory.support.AbstractBeanFactory.getBean(AbstractBeanFactory.java:208) ~[spring-beans-5.3.27.jar:5.3.27]
	at org.springframework.beans.factory.config.DependencyDescriptor.resolveCandidate(DependencyDescriptor.java:276) ~[spring-beans-5.3.27.jar:5.3.27]
	at org.springframework.beans.factory.support.DefaultListableBeanFactory.doResolveDependency(DefaultListableBeanFactory.java:1391) ~[spring-beans-5.3.27.jar:5.3.27]
	at org.springframework.beans.factory.support.DefaultListableBeanFactory.resolveDependency(DefaultListableBeanFactory.java:1311) ~[spring-beans-5.3.27.jar:5.3.27]
	at org.springframework.beans.factory.support.ConstructorResolver.resolveAutowiredArgument(ConstructorResolver.java:887) ~[spring-beans-5.3.27.jar:5.3.27]
	at org.springframework.beans.factory.support.ConstructorResolver.createArgumentArray(ConstructorResolver.java:791) ~[spring-beans-5.3.27.jar:5.3.27]
	... 26 more
2026-06-04 21:43:30.756 [INFO ] Starting RadarWebApplication using Java 11.0.2 on haems with PID 10268 (C:\0003_kimsn\kimsn\radar-web\build\classes\java\main started by imeahmik in C:\0003_kimsn\kimsn)
2026-06-04 21:43:30.774 [DEBUG] Running with Spring Boot v2.7.12, Spring v5.3.27
2026-06-04 21:43:30.776 [INFO ] No active profile set, falling back to 1 default profile: "default"
2026-06-04 21:43:31.233 [INFO ] Devtools property defaults active! Set 'spring.devtools.add-properties' to 'false' to disable
2026-06-04 21:43:31.233 [INFO ] For additional web related logging consider setting the 'logging.level.web' property to 'DEBUG'
2026-06-04 21:43:32.456 [INFO ] Bootstrapping Spring Data JPA repositories in DEFAULT mode.
2026-06-04 21:43:32.777 [INFO ] Finished Spring Data repository scanning in 300 ms. Found 24 JPA repository interfaces.
2026-06-04 21:43:33.945 [INFO ] Tomcat initialized with port(s): 8700 (http)
2026-06-04 21:43:33.958 [INFO ] Initializing ProtocolHandler ["http-nio-8700"]
2026-06-04 21:43:33.959 [INFO ] Starting service [Tomcat]
2026-06-04 21:43:33.959 [INFO ] Starting Servlet engine: [Apache Tomcat/9.0.75]
2026-06-04 21:43:34.193 [INFO ] Initializing Spring embedded WebApplicationContext
2026-06-04 21:43:34.193 [INFO ] Root WebApplicationContext: initialization completed in 2959 ms
2026-06-04 21:43:34.344 [INFO ] HikariPool-1 - Starting...
2026-06-04 21:43:34.759 [INFO ] HikariPool-1 - Start completed.
2026-06-04 21:43:34.888 [INFO ] HHH000204: Processing PersistenceUnitInfo [name: default]
2026-06-04 21:43:34.983 [INFO ] HHH000412: Hibernate ORM core version 5.6.15.Final
2026-06-04 21:43:35.259 [INFO ] HCANN000001: Hibernate Commons Annotations {5.1.2.Final}
2026-06-04 21:43:35.473 [INFO ] HHH000400: Using dialect: org.hibernate.dialect.MySQL8Dialect
2026-06-04 21:43:36.676 [INFO ] HHH000490: Using JtaPlatform implementation: [org.hibernate.engine.transaction.jta.platform.internal.NoJtaPlatform]
2026-06-04 21:43:36.698 [INFO ] Initialized JPA EntityManagerFactory for persistence unit 'default'
2026-06-04 21:43:38.314 [INFO ] Will secure any request with [org.springframework.security.web.session.DisableEncodeUrlFilter@de75f21, org.springframework.security.web.context.request.async.WebAsyncManagerIntegrationFilter@725969c2, org.springframework.security.web.context.SecurityContextPersistenceFilter@4dde09ef, org.springframework.security.web.header.HeaderWriterFilter@616b7afb, org.springframework.security.web.authentication.logout.LogoutFilter@6351526b, org.springframework.security.web.authentication.UsernamePasswordAuthenticationFilter@5688f396, org.springframework.security.web.savedrequest.RequestCacheAwareFilter@430d9bc2, org.springframework.security.web.servletapi.SecurityContextHolderAwareRequestFilter@4898763b, org.springframework.security.web.authentication.AnonymousAuthenticationFilter@63dc205c, org.springframework.security.web.session.SessionManagementFilter@5e6a3ce9, org.springframework.security.web.access.ExceptionTranslationFilter@170bc004, org.springframework.security.web.access.intercept.FilterSecurityInterceptor@20ca9e5e]
2026-06-04 21:43:38.688 [WARN ] spring.jpa.open-in-view is enabled by default. Therefore, database queries may be performed during view rendering. Explicitly configure spring.jpa.open-in-view to disable this warning
2026-06-04 21:43:39.857 [INFO ] LiveReload server is running on port 35729
2026-06-04 21:43:39.877 [INFO ] Starting ProtocolHandler ["http-nio-8700"]
2026-06-04 21:43:39.913 [INFO ] Tomcat started on port(s): 8700 (http) with context path ''
2026-06-04 21:43:39.924 [INFO ] Started RadarWebApplication in 10.062 seconds (JVM running for 12.676)
2026-06-04 21:43:46.252 [INFO ] Initializing Spring DispatcherServlet 'dispatcherServlet'
2026-06-04 21:43:46.252 [INFO ] Initializing Servlet 'dispatcherServlet'
2026-06-04 21:43:46.255 [INFO ] Completed initialization in 3 ms
2026-06-04 21:43:46.435 [INFO ] loginUser ::::: test
2026-06-04 21:43:49.312 [ERROR] [THYMELEAF][http-nio-8700-exec-1] Exception processing template "views/main/main": An error happened during template parsing (template: "class path resource [templates/views/main/main.html]")
org.thymeleaf.exceptions.TemplateInputException: An error happened during template parsing (template: "class path resource [templates/views/main/main.html]")
	at org.thymeleaf.templateparser.markup.AbstractMarkupTemplateParser.parse(AbstractMarkupTemplateParser.java:241) ~[thymeleaf-3.0.15.RELEASE.jar:3.0.15.RELEASE]
	at org.thymeleaf.templateparser.markup.AbstractMarkupTemplateParser.parseStandalone(AbstractMarkupTemplateParser.java:100) ~[thymeleaf-3.0.15.RELEASE.jar:3.0.15.RELEASE]
	at org.thymeleaf.engine.TemplateManager.parseAndProcess(TemplateManager.java:666) ~[thymeleaf-3.0.15.RELEASE.jar:3.0.15.RELEASE]
	at org.thymeleaf.TemplateEngine.process(TemplateEngine.java:1098) ~[thymeleaf-3.0.15.RELEASE.jar:3.0.15.RELEASE]
	at org.thymeleaf.TemplateEngine.process(TemplateEngine.java:1072) ~[thymeleaf-3.0.15.RELEASE.jar:3.0.15.RELEASE]
	at org.thymeleaf.spring5.view.ThymeleafView.renderFragment(ThymeleafView.java:366) ~[thymeleaf-spring5-3.0.15.RELEASE.jar:3.0.15.RELEASE]
	at org.thymeleaf.spring5.view.ThymeleafView.render(ThymeleafView.java:190) ~[thymeleaf-spring5-3.0.15.RELEASE.jar:3.0.15.RELEASE]
	at org.springframework.web.servlet.DispatcherServlet.render(DispatcherServlet.java:1406) ~[spring-webmvc-5.3.27.jar:5.3.27]
	at org.springframework.web.servlet.DispatcherServlet.processDispatchResult(DispatcherServlet.java:1150) ~[spring-webmvc-5.3.27.jar:5.3.27]
	at org.springframework.web.servlet.DispatcherServlet.doDispatch(DispatcherServlet.java:1089) ~[spring-webmvc-5.3.27.jar:5.3.27]
	at org.springframework.web.servlet.DispatcherServlet.doService(DispatcherServlet.java:965) ~[spring-webmvc-5.3.27.jar:5.3.27]
	at org.springframework.web.servlet.FrameworkServlet.processRequest(FrameworkServlet.java:1006) ~[spring-webmvc-5.3.27.jar:5.3.27]
	at org.springframework.web.servlet.FrameworkServlet.doGet(FrameworkServlet.java:898) ~[spring-webmvc-5.3.27.jar:5.3.27]
	at javax.servlet.http.HttpServlet.service(HttpServlet.java:529) ~[tomcat-embed-core-9.0.75.jar:4.0.FR]
	at org.springframework.web.servlet.FrameworkServlet.service(FrameworkServlet.java:883) ~[spring-webmvc-5.3.27.jar:5.3.27]
	at javax.servlet.http.HttpServlet.service(HttpServlet.java:623) ~[tomcat-embed-core-9.0.75.jar:4.0.FR]
	at org.apache.catalina.core.ApplicationFilterChain.internalDoFilter(ApplicationFilterChain.java:209) ~[tomcat-embed-core-9.0.75.jar:9.0.75]
	at org.apache.catalina.core.ApplicationFilterChain.doFilter(ApplicationFilterChain.java:153) ~[tomcat-embed-core-9.0.75.jar:9.0.75]
	at org.apache.tomcat.websocket.server.WsFilter.doFilter(WsFilter.java:51) ~[tomcat-embed-websocket-9.0.75.jar:9.0.75]
	at org.apache.catalina.core.ApplicationFilterChain.internalDoFilter(ApplicationFilterChain.java:178) ~[tomcat-embed-core-9.0.75.jar:9.0.75]
	at org.apache.catalina.core.ApplicationFilterChain.doFilter(ApplicationFilterChain.java:153) ~[tomcat-embed-core-9.0.75.jar:9.0.75]
	at org.springframework.security.web.FilterChainProxy$VirtualFilterChain.doFilter(FilterChainProxy.java:337) ~[spring-security-web-5.7.8.jar:5.7.8]
	at org.springframework.security.web.access.intercept.FilterSecurityInterceptor.invoke(FilterSecurityInterceptor.java:115) ~[spring-security-web-5.7.8.jar:5.7.8]
	at org.springframework.security.web.access.intercept.FilterSecurityInterceptor.doFilter(FilterSecurityInterceptor.java:81) ~[spring-security-web-5.7.8.jar:5.7.8]
	at org.springframework.security.web.FilterChainProxy$VirtualFilterChain.doFilter(FilterChainProxy.java:346) ~[spring-security-web-5.7.8.jar:5.7.8]
	at org.springframework.security.web.access.ExceptionTranslationFilter.doFilter(ExceptionTranslationFilter.java:122) ~[spring-security-web-5.7.8.jar:5.7.8]
	at org.springframework.security.web.access.ExceptionTranslationFilter.doFilter(ExceptionTranslationFilter.java:116) ~[spring-security-web-5.7.8.jar:5.7.8]
	at org.springframework.security.web.FilterChainProxy$VirtualFilterChain.doFilter(FilterChainProxy.java:346) ~[spring-security-web-5.7.8.jar:5.7.8]
	at org.springframework.security.web.session.SessionManagementFilter.doFilter(SessionManagementFilter.java:126) ~[spring-security-web-5.7.8.jar:5.7.8]
	at org.springframework.security.web.session.SessionManagementFilter.doFilter(SessionManagementFilter.java:81) ~[spring-security-web-5.7.8.jar:5.7.8]
	at org.springframework.security.web.FilterChainProxy$VirtualFilterChain.doFilter(FilterChainProxy.java:346) ~[spring-security-web-5.7.8.jar:5.7.8]
	at org.springframework.security.web.authentication.AnonymousAuthenticationFilter.doFilter(AnonymousAuthenticationFilter.java:109) ~[spring-security-web-5.7.8.jar:5.7.8]
	at org.springframework.security.web.FilterChainProxy$VirtualFilterChain.doFilter(FilterChainProxy.java:346) ~[spring-security-web-5.7.8.jar:5.7.8]
	at org.springframework.security.web.servletapi.SecurityContextHolderAwareRequestFilter.doFilter(SecurityContextHolderAwareRequestFilter.java:149) ~[spring-security-web-5.7.8.jar:5.7.8]
	at org.springframework.security.web.FilterChainProxy$VirtualFilterChain.doFilter(FilterChainProxy.java:346) ~[spring-security-web-5.7.8.jar:5.7.8]
	at org.springframework.security.web.savedrequest.RequestCacheAwareFilter.doFilter(RequestCacheAwareFilter.java:63) ~[spring-security-web-5.7.8.jar:5.7.8]
	at org.springframework.security.web.FilterChainProxy$VirtualFilterChain.doFilter(FilterChainProxy.java:346) ~[spring-security-web-5.7.8.jar:5.7.8]
	at org.springframework.security.web.authentication.AbstractAuthenticationProcessingFilter.doFilter(AbstractAuthenticationProcessingFilter.java:223) ~[spring-security-web-5.7.8.jar:5.7.8]
	at org.springframework.security.web.authentication.AbstractAuthenticationProcessingFilter.doFilter(AbstractAuthenticationProcessingFilter.java:217) ~[spring-security-web-5.7.8.jar:5.7.8]
	at org.springframework.security.web.FilterChainProxy$VirtualFilterChain.doFilter(FilterChainProxy.java:346) ~[spring-security-web-5.7.8.jar:5.7.8]
	at org.springframework.security.web.authentication.logout.LogoutFilter.doFilter(LogoutFilter.java:103) ~[spring-security-web-5.7.8.jar:5.7.8]
	at org.springframework.security.web.authentication.logout.LogoutFilter.doFilter(LogoutFilter.java:89) ~[spring-security-web-5.7.8.jar:5.7.8]
	at org.springframework.security.web.FilterChainProxy$VirtualFilterChain.doFilter(FilterChainProxy.java:346) ~[spring-security-web-5.7.8.jar:5.7.8]
	at org.springframework.security.web.header.HeaderWriterFilter.doHeadersAfter(HeaderWriterFilter.java:90) ~[spring-security-web-5.7.8.jar:5.7.8]
	at org.springframework.security.web.header.HeaderWriterFilter.doFilterInternal(HeaderWriterFilter.java:75) ~[spring-security-web-5.7.8.jar:5.7.8]
	at org.springframework.web.filter.OncePerRequestFilter.doFilter(OncePerRequestFilter.java:117) ~[spring-web-5.3.27.jar:5.3.27]
	at org.springframework.security.web.FilterChainProxy$VirtualFilterChain.doFilter(FilterChainProxy.java:346) ~[spring-security-web-5.7.8.jar:5.7.8]
	at org.springframework.security.web.context.SecurityContextPersistenceFilter.doFilter(SecurityContextPersistenceFilter.java:112) ~[spring-security-web-5.7.8.jar:5.7.8]
	at org.springframework.security.web.context.SecurityContextPersistenceFilter.doFilter(SecurityContextPersistenceFilter.java:82) ~[spring-security-web-5.7.8.jar:5.7.8]
	at org.springframework.security.web.FilterChainProxy$VirtualFilterChain.doFilter(FilterChainProxy.java:346) ~[spring-security-web-5.7.8.jar:5.7.8]
	at org.springframework.security.web.context.request.async.WebAsyncManagerIntegrationFilter.doFilterInternal(WebAsyncManagerIntegrationFilter.java:55) ~[spring-security-web-5.7.8.jar:5.7.8]
	at org.springframework.web.filter.OncePerRequestFilter.doFilter(OncePerRequestFilter.java:117) ~[spring-web-5.3.27.jar:5.3.27]
	at org.springframework.security.web.FilterChainProxy$VirtualFilterChain.doFilter(FilterChainProxy.java:346) ~[spring-security-web-5.7.8.jar:5.7.8]
	at org.springframework.security.web.session.DisableEncodeUrlFilter.doFilterInternal(DisableEncodeUrlFilter.java:42) ~[spring-security-web-5.7.8.jar:5.7.8]
	at org.springframework.web.filter.OncePerRequestFilter.doFilter(OncePerRequestFilter.java:117) ~[spring-web-5.3.27.jar:5.3.27]
	at org.springframework.security.web.FilterChainProxy$VirtualFilterChain.doFilter(FilterChainProxy.java:346) ~[spring-security-web-5.7.8.jar:5.7.8]
	at org.springframework.security.web.FilterChainProxy.doFilterInternal(FilterChainProxy.java:221) ~[spring-security-web-5.7.8.jar:5.7.8]
	at org.springframework.security.web.FilterChainProxy.doFilter(FilterChainProxy.java:186) ~[spring-security-web-5.7.8.jar:5.7.8]
	at org.springframework.web.filter.DelegatingFilterProxy.invokeDelegate(DelegatingFilterProxy.java:354) ~[spring-web-5.3.27.jar:5.3.27]
	at org.springframework.web.filter.DelegatingFilterProxy.doFilter(DelegatingFilterProxy.java:267) ~[spring-web-5.3.27.jar:5.3.27]
	at org.apache.catalina.core.ApplicationFilterChain.internalDoFilter(ApplicationFilterChain.java:178) ~[tomcat-embed-core-9.0.75.jar:9.0.75]
	at org.apache.catalina.core.ApplicationFilterChain.doFilter(ApplicationFilterChain.java:153) ~[tomcat-embed-core-9.0.75.jar:9.0.75]
	at org.springframework.web.filter.RequestContextFilter.doFilterInternal(RequestContextFilter.java:100) ~[spring-web-5.3.27.jar:5.3.27]
	at org.springframework.web.filter.OncePerRequestFilter.doFilter(OncePerRequestFilter.java:117) ~[spring-web-5.3.27.jar:5.3.27]
	at org.apache.catalina.core.ApplicationFilterChain.internalDoFilter(ApplicationFilterChain.java:178) ~[tomcat-embed-core-9.0.75.jar:9.0.75]
	at org.apache.catalina.core.ApplicationFilterChain.doFilter(ApplicationFilterChain.java:153) ~[tomcat-embed-core-9.0.75.jar:9.0.75]
	at org.springframework.web.filter.FormContentFilter.doFilterInternal(FormContentFilter.java:93) ~[spring-web-5.3.27.jar:5.3.27]
	at org.springframework.web.filter.OncePerRequestFilter.doFilter(OncePerRequestFilter.java:117) ~[spring-web-5.3.27.jar:5.3.27]
	at org.apache.catalina.core.ApplicationFilterChain.internalDoFilter(ApplicationFilterChain.java:178) ~[tomcat-embed-core-9.0.75.jar:9.0.75]
	at org.apache.catalina.core.ApplicationFilterChain.doFilter(ApplicationFilterChain.java:153) ~[tomcat-embed-core-9.0.75.jar:9.0.75]
	at org.springframework.web.filter.CharacterEncodingFilter.doFilterInternal(CharacterEncodingFilter.java:201) ~[spring-web-5.3.27.jar:5.3.27]
	at org.springframework.web.filter.OncePerRequestFilter.doFilter(OncePerRequestFilter.java:117) ~[spring-web-5.3.27.jar:5.3.27]
	at org.apache.catalina.core.ApplicationFilterChain.internalDoFilter(ApplicationFilterChain.java:178) ~[tomcat-embed-core-9.0.75.jar:9.0.75]
	at org.apache.catalina.core.ApplicationFilterChain.doFilter(ApplicationFilterChain.java:153) ~[tomcat-embed-core-9.0.75.jar:9.0.75]
	at org.apache.catalina.core.StandardWrapperValve.invoke(StandardWrapperValve.java:167) ~[tomcat-embed-core-9.0.75.jar:9.0.75]
	at org.apache.catalina.core.StandardContextValve.invoke(StandardContextValve.java:90) ~[tomcat-embed-core-9.0.75.jar:9.0.75]
	at org.apache.catalina.authenticator.AuthenticatorBase.invoke(AuthenticatorBase.java:481) ~[tomcat-embed-core-9.0.75.jar:9.0.75]
	at org.apache.catalina.core.StandardHostValve.invoke(StandardHostValve.java:130) ~[tomcat-embed-core-9.0.75.jar:9.0.75]
	at org.apache.catalina.valves.ErrorReportValve.invoke(ErrorReportValve.java:93) ~[tomcat-embed-core-9.0.75.jar:9.0.75]
	at org.apache.catalina.core.StandardEngineValve.invoke(StandardEngineValve.java:74) ~[tomcat-embed-core-9.0.75.jar:9.0.75]
	at org.apache.catalina.connector.CoyoteAdapter.service(CoyoteAdapter.java:343) ~[tomcat-embed-core-9.0.75.jar:9.0.75]
	at org.apache.coyote.http11.Http11Processor.service(Http11Processor.java:390) ~[tomcat-embed-core-9.0.75.jar:9.0.75]
	at org.apache.coyote.AbstractProcessorLight.process(AbstractProcessorLight.java:63) ~[tomcat-embed-core-9.0.75.jar:9.0.75]
	at org.apache.coyote.AbstractProtocol$ConnectionHandler.process(AbstractProtocol.java:926) ~[tomcat-embed-core-9.0.75.jar:9.0.75]
	at org.apache.tomcat.util.net.NioEndpoint$SocketProcessor.doRun(NioEndpoint.java:1791) ~[tomcat-embed-core-9.0.75.jar:9.0.75]
	at org.apache.tomcat.util.net.SocketProcessorBase.run(SocketProcessorBase.java:52) ~[tomcat-embed-core-9.0.75.jar:9.0.75]
	at org.apache.tomcat.util.threads.ThreadPoolExecutor.runWorker(ThreadPoolExecutor.java:1191) ~[tomcat-embed-core-9.0.75.jar:9.0.75]
	at org.apache.tomcat.util.threads.ThreadPoolExecutor$Worker.run(ThreadPoolExecutor.java:659) ~[tomcat-embed-core-9.0.75.jar:9.0.75]
	at org.apache.tomcat.util.threads.TaskThread$WrappingRunnable.run(TaskThread.java:61) ~[tomcat-embed-core-9.0.75.jar:9.0.75]
	at java.lang.Thread.run(Thread.java:834) ~[?:?]
Caused by: org.attoparser.ParseException: Exception evaluating SpringEL expression: "Integer.parseInt(sList.siteNum) > 40000 && Integer.parseInt(sList.siteNum) < 50000" (template: "layout/header" - line 120, col 49)
	at org.attoparser.MarkupParser.parseDocument(MarkupParser.java:393) ~[attoparser-2.0.5.RELEASE.jar:2.0.5.RELEASE]
	at org.attoparser.MarkupParser.parse(MarkupParser.java:257) ~[attoparser-2.0.5.RELEASE.jar:2.0.5.RELEASE]
	at org.thymeleaf.templateparser.markup.AbstractMarkupTemplateParser.parse(AbstractMarkupTemplateParser.java:230) ~[thymeleaf-3.0.15.RELEASE.jar:3.0.15.RELEASE]
	... 89 more
Caused by: org.thymeleaf.exceptions.TemplateProcessingException: Exception evaluating SpringEL expression: "Integer.parseInt(sList.siteNum) > 40000 && Integer.parseInt(sList.siteNum) < 50000" (template: "layout/header" - line 120, col 49)
	at org.thymeleaf.spring5.expression.SPELVariableExpressionEvaluator.evaluate(SPELVariableExpressionEvaluator.java:292) ~[thymeleaf-spring5-3.0.15.RELEASE.jar:3.0.15.RELEASE]
	at org.thymeleaf.standard.expression.VariableExpression.executeVariableExpression(VariableExpression.java:166) ~[thymeleaf-3.0.15.RELEASE.jar:3.0.15.RELEASE]
	at org.thymeleaf.standard.expression.SimpleExpression.executeSimple(SimpleExpression.java:66) ~[thymeleaf-3.0.15.RELEASE.jar:3.0.15.RELEASE]
	at org.thymeleaf.standard.expression.Expression.execute(Expression.java:109) ~[thymeleaf-3.0.15.RELEASE.jar:3.0.15.RELEASE]
	at org.thymeleaf.standard.expression.Expression.execute(Expression.java:138) ~[thymeleaf-3.0.15.RELEASE.jar:3.0.15.RELEASE]
	at org.thymeleaf.standard.expression.Expression.execute(Expression.java:125) ~[thymeleaf-3.0.15.RELEASE.jar:3.0.15.RELEASE]
	at org.thymeleaf.standard.processor.StandardIfTagProcessor.isVisible(StandardIfTagProcessor.java:59) ~[thymeleaf-3.0.15.RELEASE.jar:3.0.15.RELEASE]
	at org.thymeleaf.standard.processor.AbstractStandardConditionalVisibilityTagProcessor.doProcess(AbstractStandardConditionalVisibilityTagProcessor.java:61) ~[thymeleaf-3.0.15.RELEASE.jar:3.0.15.RELEASE]
	at org.thymeleaf.processor.element.AbstractAttributeTagProcessor.doProcess(AbstractAttributeTagProcessor.java:74) ~[thymeleaf-3.0.15.RELEASE.jar:3.0.15.RELEASE]
	at org.thymeleaf.processor.element.AbstractElementTagProcessor.process(AbstractElementTagProcessor.java:95) ~[thymeleaf-3.0.15.RELEASE.jar:3.0.15.RELEASE]
	at org.thymeleaf.util.ProcessorConfigurationUtils$ElementTagProcessorWrapper.process(ProcessorConfigurationUtils.java:633) ~[thymeleaf-3.0.15.RELEASE.jar:3.0.15.RELEASE]
	at org.thymeleaf.engine.ProcessorTemplateHandler.handleOpenElement(ProcessorTemplateHandler.java:1314) ~[thymeleaf-3.0.15.RELEASE.jar:3.0.15.RELEASE]
	at org.thymeleaf.engine.OpenElementTag.beHandled(OpenElementTag.java:205) ~[thymeleaf-3.0.15.RELEASE.jar:3.0.15.RELEASE]
	at org.thymeleaf.engine.Model.process(Model.java:282) ~[thymeleaf-3.0.15.RELEASE.jar:3.0.15.RELEASE]
	at org.thymeleaf.engine.Model.process(Model.java:290) ~[thymeleaf-3.0.15.RELEASE.jar:3.0.15.RELEASE]
	at org.thymeleaf.engine.IteratedGatheringModelProcessable.processIterationModel(IteratedGatheringModelProcessable.java:367) ~[thymeleaf-3.0.15.RELEASE.jar:3.0.15.RELEASE]
	at org.thymeleaf.engine.IteratedGatheringModelProcessable.process(IteratedGatheringModelProcessable.java:221) ~[thymeleaf-3.0.15.RELEASE.jar:3.0.15.RELEASE]
	at org.thymeleaf.engine.ProcessorTemplateHandler.handleCloseElement(ProcessorTemplateHandler.java:1640) ~[thymeleaf-3.0.15.RELEASE.jar:3.0.15.RELEASE]
	at org.thymeleaf.engine.CloseElementTag.beHandled(CloseElementTag.java:139) ~[thymeleaf-3.0.15.RELEASE.jar:3.0.15.RELEASE]
	at org.thymeleaf.engine.Model.process(Model.java:282) ~[thymeleaf-3.0.15.RELEASE.jar:3.0.15.RELEASE]
	at org.thymeleaf.engine.Model.process(Model.java:290) ~[thymeleaf-3.0.15.RELEASE.jar:3.0.15.RELEASE]
	at org.thymeleaf.engine.IteratedGatheringModelProcessable.processIterationModel(IteratedGatheringModelProcessable.java:367) ~[thymeleaf-3.0.15.RELEASE.jar:3.0.15.RELEASE]
	at org.thymeleaf.engine.IteratedGatheringModelProcessable.process(IteratedGatheringModelProcessable.java:293) ~[thymeleaf-3.0.15.RELEASE.jar:3.0.15.RELEASE]
	at org.thymeleaf.engine.ProcessorTemplateHandler.handleCloseElement(ProcessorTemplateHandler.java:1640) ~[thymeleaf-3.0.15.RELEASE.jar:3.0.15.RELEASE]
	at org.thymeleaf.engine.CloseElementTag.beHandled(CloseElementTag.java:139) ~[thymeleaf-3.0.15.RELEASE.jar:3.0.15.RELEASE]
	at org.thymeleaf.engine.Model.process(Model.java:282) ~[thymeleaf-3.0.15.RELEASE.jar:3.0.15.RELEASE]
	at org.thymeleaf.engine.ProcessorTemplateHandler.handleOpenElement(ProcessorTemplateHandler.java:1587) ~[thymeleaf-3.0.15.RELEASE.jar:3.0.15.RELEASE]
	at org.thymeleaf.engine.OpenElementTag.beHandled(OpenElementTag.java:205) ~[thymeleaf-3.0.15.RELEASE.jar:3.0.15.RELEASE]
	at org.thymeleaf.engine.Model.process(Model.java:282) ~[thymeleaf-3.0.15.RELEASE.jar:3.0.15.RELEASE]
	at org.thymeleaf.engine.ProcessorTemplateHandler.handleOpenElement(ProcessorTemplateHandler.java:1587) ~[thymeleaf-3.0.15.RELEASE.jar:3.0.15.RELEASE]
	at org.thymeleaf.engine.OpenElementTag.beHandled(OpenElementTag.java:205) ~[thymeleaf-3.0.15.RELEASE.jar:3.0.15.RELEASE]
	at org.thymeleaf.engine.Model.process(Model.java:282) ~[thymeleaf-3.0.15.RELEASE.jar:3.0.15.RELEASE]
	at org.thymeleaf.engine.Model.process(Model.java:290) ~[thymeleaf-3.0.15.RELEASE.jar:3.0.15.RELEASE]
	at org.thymeleaf.engine.GatheringModelProcessable.process(GatheringModelProcessable.java:78) ~[thymeleaf-3.0.15.RELEASE.jar:3.0.15.RELEASE]
	at org.thymeleaf.engine.ProcessorTemplateHandler.handleCloseElement(ProcessorTemplateHandler.java:1640) ~[thymeleaf-3.0.15.RELEASE.jar:3.0.15.RELEASE]
	at org.thymeleaf.engine.TemplateHandlerAdapterMarkupHandler.handleCloseElementEnd(TemplateHandlerAdapterMarkupHandler.java:388) ~[thymeleaf-3.0.15.RELEASE.jar:3.0.15.RELEASE]
	at org.thymeleaf.templateparser.markup.InlinedOutputExpressionMarkupHandler$InlineMarkupAdapterPreProcessorHandler.handleCloseElementEnd(InlinedOutputExpressionMarkupHandler.java:322) ~[thymeleaf-3.0.15.RELEASE.jar:3.0.15.RELEASE]
	at org.thymeleaf.standard.inline.OutputExpressionInlinePreProcessorHandler.handleCloseElementEnd(OutputExpressionInlinePreProcessorHandler.java:220) ~[thymeleaf-3.0.15.RELEASE.jar:3.0.15.RELEASE]
	at org.thymeleaf.templateparser.markup.InlinedOutputExpressionMarkupHandler.handleCloseElementEnd(InlinedOutputExpressionMarkupHandler.java:164) ~[thymeleaf-3.0.15.RELEASE.jar:3.0.15.RELEASE]
	at org.attoparser.HtmlElement.handleCloseElementEnd(HtmlElement.java:169) ~[attoparser-2.0.5.RELEASE.jar:2.0.5.RELEASE]
	at org.attoparser.HtmlMarkupHandler.handleCloseElementEnd(HtmlMarkupHandler.java:412) ~[attoparser-2.0.5.RELEASE.jar:2.0.5.RELEASE]
	at org.attoparser.MarkupEventProcessorHandler.handleCloseElementEnd(MarkupEventProcessorHandler.java:473) ~[attoparser-2.0.5.RELEASE.jar:2.0.5.RELEASE]
	at org.attoparser.ParsingElementMarkupUtil.parseCloseElement(ParsingElementMarkupUtil.java:201) ~[attoparser-2.0.5.RELEASE.jar:2.0.5.RELEASE]
	at org.attoparser.MarkupParser.parseBuffer(MarkupParser.java:725) ~[attoparser-2.0.5.RELEASE.jar:2.0.5.RELEASE]
	at org.attoparser.MarkupParser.parseDocument(MarkupParser.java:301) ~[attoparser-2.0.5.RELEASE.jar:2.0.5.RELEASE]
	at org.attoparser.MarkupParser.parse(MarkupParser.java:257) ~[attoparser-2.0.5.RELEASE.jar:2.0.5.RELEASE]
	at org.thymeleaf.templateparser.markup.AbstractMarkupTemplateParser.parse(AbstractMarkupTemplateParser.java:230) ~[thymeleaf-3.0.15.RELEASE.jar:3.0.15.RELEASE]
	... 89 more
Caused by: org.springframework.expression.spel.SpelEvaluationException: EL1011E: Method call: Attempted to call method parseInt(java.lang.String) on null context object
	at org.springframework.expression.spel.ast.MethodReference.throwIfNotNullSafe(MethodReference.java:154) ~[spring-expression-5.3.27.jar:5.3.27]
	at org.springframework.expression.spel.ast.MethodReference.getValueRef(MethodReference.java:83) ~[spring-expression-5.3.27.jar:5.3.27]
	at org.springframework.expression.spel.ast.CompoundExpression.getValueRef(CompoundExpression.java:71) ~[spring-expression-5.3.27.jar:5.3.27]
	at org.springframework.expression.spel.ast.CompoundExpression.getValueInternal(CompoundExpression.java:92) ~[spring-expression-5.3.27.jar:5.3.27]
	at org.springframework.expression.spel.ast.OpGT.getValueInternal(OpGT.java:47) ~[spring-expression-5.3.27.jar:5.3.27]
	at org.springframework.expression.spel.ast.OpGT.getValueInternal(OpGT.java:37) ~[spring-expression-5.3.27.jar:5.3.27]
	at org.springframework.expression.spel.ast.SpelNodeImpl.getValue(SpelNodeImpl.java:212) ~[spring-expression-5.3.27.jar:5.3.27]
	at org.springframework.expression.spel.ast.OpAnd.getBooleanValue(OpAnd.java:57) ~[spring-expression-5.3.27.jar:5.3.27]
	at org.springframework.expression.spel.ast.OpAnd.getValueInternal(OpAnd.java:48) ~[spring-expression-5.3.27.jar:5.3.27]
	at org.springframework.expression.spel.ast.SpelNodeImpl.getValue(SpelNodeImpl.java:114) ~[spring-expression-5.3.27.jar:5.3.27]
	at org.springframework.expression.spel.standard.SpelExpression.getValue(SpelExpression.java:338) ~[spring-expression-5.3.27.jar:5.3.27]
	at org.thymeleaf.spring5.expression.SPELVariableExpressionEvaluator.evaluate(SPELVariableExpressionEvaluator.java:265) ~[thymeleaf-spring5-3.0.15.RELEASE.jar:3.0.15.RELEASE]
	at org.thymeleaf.standard.expression.VariableExpression.executeVariableExpression(VariableExpression.java:166) ~[thymeleaf-3.0.15.RELEASE.jar:3.0.15.RELEASE]
	at org.thymeleaf.standard.expression.SimpleExpression.executeSimple(SimpleExpression.java:66) ~[thymeleaf-3.0.15.RELEASE.jar:3.0.15.RELEASE]
	at org.thymeleaf.standard.expression.Expression.execute(Expression.java:109) ~[thymeleaf-3.0.15.RELEASE.jar:3.0.15.RELEASE]
	at org.thymeleaf.standard.expression.Expression.execute(Expression.java:138) ~[thymeleaf-3.0.15.RELEASE.jar:3.0.15.RELEASE]
	at org.thymeleaf.standard.expression.Expression.execute(Expression.java:125) ~[thymeleaf-3.0.15.RELEASE.jar:3.0.15.RELEASE]
	at org.thymeleaf.standard.processor.StandardIfTagProcessor.isVisible(StandardIfTagProcessor.java:59) ~[thymeleaf-3.0.15.RELEASE.jar:3.0.15.RELEASE]
	at org.thymeleaf.standard.processor.AbstractStandardConditionalVisibilityTagProcessor.doProcess(AbstractStandardConditionalVisibilityTagProcessor.java:61) ~[thymeleaf-3.0.15.RELEASE.jar:3.0.15.RELEASE]
	at org.thymeleaf.processor.element.AbstractAttributeTagProcessor.doProcess(AbstractAttributeTagProcessor.java:74) ~[thymeleaf-3.0.15.RELEASE.jar:3.0.15.RELEASE]
	at org.thymeleaf.processor.element.AbstractElementTagProcessor.process(AbstractElementTagProcessor.java:95) ~[thymeleaf-3.0.15.RELEASE.jar:3.0.15.RELEASE]
	at org.thymeleaf.util.ProcessorConfigurationUtils$ElementTagProcessorWrapper.process(ProcessorConfigurationUtils.java:633) ~[thymeleaf-3.0.15.RELEASE.jar:3.0.15.RELEASE]
	at org.thymeleaf.engine.ProcessorTemplateHandler.handleOpenElement(ProcessorTemplateHandler.java:1314) ~[thymeleaf-3.0.15.RELEASE.jar:3.0.15.RELEASE]
	at org.thymeleaf.engine.OpenElementTag.beHandled(OpenElementTag.java:205) ~[thymeleaf-3.0.15.RELEASE.jar:3.0.15.RELEASE]
	at org.thymeleaf.engine.Model.process(Model.java:282) ~[thymeleaf-3.0.15.RELEASE.jar:3.0.15.RELEASE]
	at org.thymeleaf.engine.Model.process(Model.java:290) ~[thymeleaf-3.0.15.RELEASE.jar:3.0.15.RELEASE]
	at org.thymeleaf.engine.IteratedGatheringModelProcessable.processIterationModel(IteratedGatheringModelProcessable.java:367) ~[thymeleaf-3.0.15.RELEASE.jar:3.0.15.RELEASE]
	at org.thymeleaf.engine.IteratedGatheringModelProcessable.process(IteratedGatheringModelProcessable.java:221) ~[thymeleaf-3.0.15.RELEASE.jar:3.0.15.RELEASE]
	at org.thymeleaf.engine.ProcessorTemplateHandler.handleCloseElement(ProcessorTemplateHandler.java:1640) ~[thymeleaf-3.0.15.RELEASE.jar:3.0.15.RELEASE]
	at org.thymeleaf.engine.CloseElementTag.beHandled(CloseElementTag.java:139) ~[thymeleaf-3.0.15.RELEASE.jar:3.0.15.RELEASE]
	at org.thymeleaf.engine.Model.process(Model.java:282) ~[thymeleaf-3.0.15.RELEASE.jar:3.0.15.RELEASE]
	at org.thymeleaf.engine.Model.process(Model.java:290) ~[thymeleaf-3.0.15.RELEASE.jar:3.0.15.RELEASE]
	at org.thymeleaf.engine.IteratedGatheringModelProcessable.processIterationModel(IteratedGatheringModelProcessable.java:367) ~[thymeleaf-3.0.15.RELEASE.jar:3.0.15.RELEASE]
	at org.thymeleaf.engine.IteratedGatheringModelProcessable.process(IteratedGatheringModelProcessable.java:293) ~[thymeleaf-3.0.15.RELEASE.jar:3.0.15.RELEASE]
	at org.thymeleaf.engine.ProcessorTemplateHandler.handleCloseElement(ProcessorTemplateHandler.java:1640) ~[thymeleaf-3.0.15.RELEASE.jar:3.0.15.RELEASE]
	at org.thymeleaf.engine.CloseElementTag.beHandled(CloseElementTag.java:139) ~[thymeleaf-3.0.15.RELEASE.jar:3.0.15.RELEASE]
	at org.thymeleaf.engine.Model.process(Model.java:282) ~[thymeleaf-3.0.15.RELEASE.jar:3.0.15.RELEASE]
	at org.thymeleaf.engine.ProcessorTemplateHandler.handleOpenElement(ProcessorTemplateHandler.java:1587) ~[thymeleaf-3.0.15.RELEASE.jar:3.0.15.RELEASE]
	at org.thymeleaf.engine.OpenElementTag.beHandled(OpenElementTag.java:205) ~[thymeleaf-3.0.15.RELEASE.jar:3.0.15.RELEASE]
	at org.thymeleaf.engine.Model.process(Model.java:282) ~[thymeleaf-3.0.15.RELEASE.jar:3.0.15.RELEASE]
	at org.thymeleaf.engine.ProcessorTemplateHandler.handleOpenElement(ProcessorTemplateHandler.java:1587) ~[thymeleaf-3.0.15.RELEASE.jar:3.0.15.RELEASE]
	at org.thymeleaf.engine.OpenElementTag.beHandled(OpenElementTag.java:205) ~[thymeleaf-3.0.15.RELEASE.jar:3.0.15.RELEASE]
	at org.thymeleaf.engine.Model.process(Model.java:282) ~[thymeleaf-3.0.15.RELEASE.jar:3.0.15.RELEASE]
	at org.thymeleaf.engine.Model.process(Model.java:290) ~[thymeleaf-3.0.15.RELEASE.jar:3.0.15.RELEASE]
	at org.thymeleaf.engine.GatheringModelProcessable.process(GatheringModelProcessable.java:78) ~[thymeleaf-3.0.15.RELEASE.jar:3.0.15.RELEASE]
	at org.thymeleaf.engine.ProcessorTemplateHandler.handleCloseElement(ProcessorTemplateHandler.java:1640) ~[thymeleaf-3.0.15.RELEASE.jar:3.0.15.RELEASE]
	at org.thymeleaf.engine.TemplateHandlerAdapterMarkupHandler.handleCloseElementEnd(TemplateHandlerAdapterMarkupHandler.java:388) ~[thymeleaf-3.0.15.RELEASE.jar:3.0.15.RELEASE]
	at org.thymeleaf.templateparser.markup.InlinedOutputExpressionMarkupHandler$InlineMarkupAdapterPreProcessorHandler.handleCloseElementEnd(InlinedOutputExpressionMarkupHandler.java:322) ~[thymeleaf-3.0.15.RELEASE.jar:3.0.15.RELEASE]
	at org.thymeleaf.standard.inline.OutputExpressionInlinePreProcessorHandler.handleCloseElementEnd(OutputExpressionInlinePreProcessorHandler.java:220) ~[thymeleaf-3.0.15.RELEASE.jar:3.0.15.RELEASE]
	at org.thymeleaf.templateparser.markup.InlinedOutputExpressionMarkupHandler.handleCloseElementEnd(InlinedOutputExpressionMarkupHandler.java:164) ~[thymeleaf-3.0.15.RELEASE.jar:3.0.15.RELEASE]
	at org.attoparser.HtmlElement.handleCloseElementEnd(HtmlElement.java:169) ~[attoparser-2.0.5.RELEASE.jar:2.0.5.RELEASE]
	at org.attoparser.HtmlMarkupHandler.handleCloseElementEnd(HtmlMarkupHandler.java:412) ~[attoparser-2.0.5.RELEASE.jar:2.0.5.RELEASE]
	at org.attoparser.MarkupEventProcessorHandler.handleCloseElementEnd(MarkupEventProcessorHandler.java:473) ~[attoparser-2.0.5.RELEASE.jar:2.0.5.RELEASE]
	at org.attoparser.ParsingElementMarkupUtil.parseCloseElement(ParsingElementMarkupUtil.java:201) ~[attoparser-2.0.5.RELEASE.jar:2.0.5.RELEASE]
	at org.attoparser.MarkupParser.parseBuffer(MarkupParser.java:725) ~[attoparser-2.0.5.RELEASE.jar:2.0.5.RELEASE]
	at org.attoparser.MarkupParser.parseDocument(MarkupParser.java:301) ~[attoparser-2.0.5.RELEASE.jar:2.0.5.RELEASE]
	at org.attoparser.MarkupParser.parse(MarkupParser.java:257) ~[attoparser-2.0.5.RELEASE.jar:2.0.5.RELEASE]
	at org.thymeleaf.templateparser.markup.AbstractMarkupTemplateParser.parse(AbstractMarkupTemplateParser.java:230) ~[thymeleaf-3.0.15.RELEASE.jar:3.0.15.RELEASE]
	... 89 more
2026-06-04 21:43:49.443 [ERROR] Servlet.service() for servlet [dispatcherServlet] in context with path [] threw exception [Request processing failed; nested exception is org.thymeleaf.exceptions.TemplateInputException: An error happened during template parsing (template: "class path resource [templates/views/main/main.html]")] with root cause
org.springframework.expression.spel.SpelEvaluationException: EL1011E: Method call: Attempted to call method parseInt(java.lang.String) on null context object
	at org.springframework.expression.spel.ast.MethodReference.throwIfNotNullSafe(MethodReference.java:154) ~[spring-expression-5.3.27.jar:5.3.27]
	at org.springframework.expression.spel.ast.MethodReference.getValueRef(MethodReference.java:83) ~[spring-expression-5.3.27.jar:5.3.27]
	at org.springframework.expression.spel.ast.CompoundExpression.getValueRef(CompoundExpression.java:71) ~[spring-expression-5.3.27.jar:5.3.27]
	at org.springframework.expression.spel.ast.CompoundExpression.getValueInternal(CompoundExpression.java:92) ~[spring-expression-5.3.27.jar:5.3.27]
	at org.springframework.expression.spel.ast.OpGT.getValueInternal(OpGT.java:47) ~[spring-expression-5.3.27.jar:5.3.27]
	at org.springframework.expression.spel.ast.OpGT.getValueInternal(OpGT.java:37) ~[spring-expression-5.3.27.jar:5.3.27]
	at org.springframework.expression.spel.ast.SpelNodeImpl.getValue(SpelNodeImpl.java:212) ~[spring-expression-5.3.27.jar:5.3.27]
	at org.springframework.expression.spel.ast.OpAnd.getBooleanValue(OpAnd.java:57) ~[spring-expression-5.3.27.jar:5.3.27]
	at org.springframework.expression.spel.ast.OpAnd.getValueInternal(OpAnd.java:48) ~[spring-expression-5.3.27.jar:5.3.27]
	at org.springframework.expression.spel.ast.SpelNodeImpl.getValue(SpelNodeImpl.java:114) ~[spring-expression-5.3.27.jar:5.3.27]
	at org.springframework.expression.spel.standard.SpelExpression.getValue(SpelExpression.java:338) ~[spring-expression-5.3.27.jar:5.3.27]
	at org.thymeleaf.spring5.expression.SPELVariableExpressionEvaluator.evaluate(SPELVariableExpressionEvaluator.java:265) ~[thymeleaf-spring5-3.0.15.RELEASE.jar:3.0.15.RELEASE]
	at org.thymeleaf.standard.expression.VariableExpression.executeVariableExpression(VariableExpression.java:166) ~[thymeleaf-3.0.15.RELEASE.jar:3.0.15.RELEASE]
	at org.thymeleaf.standard.expression.SimpleExpression.executeSimple(SimpleExpression.java:66) ~[thymeleaf-3.0.15.RELEASE.jar:3.0.15.RELEASE]
	at org.thymeleaf.standard.expression.Expression.execute(Expression.java:109) ~[thymeleaf-3.0.15.RELEASE.jar:3.0.15.RELEASE]
	at org.thymeleaf.standard.expression.Expression.execute(Expression.java:138) ~[thymeleaf-3.0.15.RELEASE.jar:3.0.15.RELEASE]
	at org.thymeleaf.standard.expression.Expression.execute(Expression.java:125) ~[thymeleaf-3.0.15.RELEASE.jar:3.0.15.RELEASE]
	at org.thymeleaf.standard.processor.StandardIfTagProcessor.isVisible(StandardIfTagProcessor.java:59) ~[thymeleaf-3.0.15.RELEASE.jar:3.0.15.RELEASE]
	at org.thymeleaf.standard.processor.AbstractStandardConditionalVisibilityTagProcessor.doProcess(AbstractStandardConditionalVisibilityTagProcessor.java:61) ~[thymeleaf-3.0.15.RELEASE.jar:3.0.15.RELEASE]
	at org.thymeleaf.processor.element.AbstractAttributeTagProcessor.doProcess(AbstractAttributeTagProcessor.java:74) ~[thymeleaf-3.0.15.RELEASE.jar:3.0.15.RELEASE]
	at org.thymeleaf.processor.element.AbstractElementTagProcessor.process(AbstractElementTagProcessor.java:95) ~[thymeleaf-3.0.15.RELEASE.jar:3.0.15.RELEASE]
	at org.thymeleaf.util.ProcessorConfigurationUtils$ElementTagProcessorWrapper.process(ProcessorConfigurationUtils.java:633) ~[thymeleaf-3.0.15.RELEASE.jar:3.0.15.RELEASE]
	at org.thymeleaf.engine.ProcessorTemplateHandler.handleOpenElement(ProcessorTemplateHandler.java:1314) ~[thymeleaf-3.0.15.RELEASE.jar:3.0.15.RELEASE]
	at org.thymeleaf.engine.OpenElementTag.beHandled(OpenElementTag.java:205) ~[thymeleaf-3.0.15.RELEASE.jar:3.0.15.RELEASE]
	at org.thymeleaf.engine.Model.process(Model.java:282) ~[thymeleaf-3.0.15.RELEASE.jar:3.0.15.RELEASE]
	at org.thymeleaf.engine.Model.process(Model.java:290) ~[thymeleaf-3.0.15.RELEASE.jar:3.0.15.RELEASE]
	at org.thymeleaf.engine.IteratedGatheringModelProcessable.processIterationModel(IteratedGatheringModelProcessable.java:367) ~[thymeleaf-3.0.15.RELEASE.jar:3.0.15.RELEASE]
	at org.thymeleaf.engine.IteratedGatheringModelProcessable.process(IteratedGatheringModelProcessable.java:221) ~[thymeleaf-3.0.15.RELEASE.jar:3.0.15.RELEASE]
	at org.thymeleaf.engine.ProcessorTemplateHandler.handleCloseElement(ProcessorTemplateHandler.java:1640) ~[thymeleaf-3.0.15.RELEASE.jar:3.0.15.RELEASE]
	at org.thymeleaf.engine.CloseElementTag.beHandled(CloseElementTag.java:139) ~[thymeleaf-3.0.15.RELEASE.jar:3.0.15.RELEASE]
	at org.thymeleaf.engine.Model.process(Model.java:282) ~[thymeleaf-3.0.15.RELEASE.jar:3.0.15.RELEASE]
	at org.thymeleaf.engine.Model.process(Model.java:290) ~[thymeleaf-3.0.15.RELEASE.jar:3.0.15.RELEASE]
	at org.thymeleaf.engine.IteratedGatheringModelProcessable.processIterationModel(IteratedGatheringModelProcessable.java:367) ~[thymeleaf-3.0.15.RELEASE.jar:3.0.15.RELEASE]
	at org.thymeleaf.engine.IteratedGatheringModelProcessable.process(IteratedGatheringModelProcessable.java:293) ~[thymeleaf-3.0.15.RELEASE.jar:3.0.15.RELEASE]
	at org.thymeleaf.engine.ProcessorTemplateHandler.handleCloseElement(ProcessorTemplateHandler.java:1640) ~[thymeleaf-3.0.15.RELEASE.jar:3.0.15.RELEASE]
	at org.thymeleaf.engine.CloseElementTag.beHandled(CloseElementTag.java:139) ~[thymeleaf-3.0.15.RELEASE.jar:3.0.15.RELEASE]
	at org.thymeleaf.engine.Model.process(Model.java:282) ~[thymeleaf-3.0.15.RELEASE.jar:3.0.15.RELEASE]
	at org.thymeleaf.engine.ProcessorTemplateHandler.handleOpenElement(ProcessorTemplateHandler.java:1587) ~[thymeleaf-3.0.15.RELEASE.jar:3.0.15.RELEASE]
	at org.thymeleaf.engine.OpenElementTag.beHandled(OpenElementTag.java:205) ~[thymeleaf-3.0.15.RELEASE.jar:3.0.15.RELEASE]
	at org.thymeleaf.engine.Model.process(Model.java:282) ~[thymeleaf-3.0.15.RELEASE.jar:3.0.15.RELEASE]
	at org.thymeleaf.engine.ProcessorTemplateHandler.handleOpenElement(ProcessorTemplateHandler.java:1587) ~[thymeleaf-3.0.15.RELEASE.jar:3.0.15.RELEASE]
	at org.thymeleaf.engine.OpenElementTag.beHandled(OpenElementTag.java:205) ~[thymeleaf-3.0.15.RELEASE.jar:3.0.15.RELEASE]
	at org.thymeleaf.engine.Model.process(Model.java:282) ~[thymeleaf-3.0.15.RELEASE.jar:3.0.15.RELEASE]
	at org.thymeleaf.engine.Model.process(Model.java:290) ~[thymeleaf-3.0.15.RELEASE.jar:3.0.15.RELEASE]
	at org.thymeleaf.engine.GatheringModelProcessable.process(GatheringModelProcessable.java:78) ~[thymeleaf-3.0.15.RELEASE.jar:3.0.15.RELEASE]
	at org.thymeleaf.engine.ProcessorTemplateHandler.handleCloseElement(ProcessorTemplateHandler.java:1640) ~[thymeleaf-3.0.15.RELEASE.jar:3.0.15.RELEASE]
	at org.thymeleaf.engine.TemplateHandlerAdapterMarkupHandler.handleCloseElementEnd(TemplateHandlerAdapterMarkupHandler.java:388) ~[thymeleaf-3.0.15.RELEASE.jar:3.0.15.RELEASE]
	at org.thymeleaf.templateparser.markup.InlinedOutputExpressionMarkupHandler$InlineMarkupAdapterPreProcessorHandler.handleCloseElementEnd(InlinedOutputExpressionMarkupHandler.java:322) ~[thymeleaf-3.0.15.RELEASE.jar:3.0.15.RELEASE]
	at org.thymeleaf.standard.inline.OutputExpressionInlinePreProcessorHandler.handleCloseElementEnd(OutputExpressionInlinePreProcessorHandler.java:220) ~[thymeleaf-3.0.15.RELEASE.jar:3.0.15.RELEASE]
	at org.thymeleaf.templateparser.markup.InlinedOutputExpressionMarkupHandler.handleCloseElementEnd(InlinedOutputExpressionMarkupHandler.java:164) ~[thymeleaf-3.0.15.RELEASE.jar:3.0.15.RELEASE]
	at org.attoparser.HtmlElement.handleCloseElementEnd(HtmlElement.java:169) ~[attoparser-2.0.5.RELEASE.jar:2.0.5.RELEASE]
	at org.attoparser.HtmlMarkupHandler.handleCloseElementEnd(HtmlMarkupHandler.java:412) ~[attoparser-2.0.5.RELEASE.jar:2.0.5.RELEASE]
	at org.attoparser.MarkupEventProcessorHandler.handleCloseElementEnd(MarkupEventProcessorHandler.java:473) ~[attoparser-2.0.5.RELEASE.jar:2.0.5.RELEASE]
	at org.attoparser.ParsingElementMarkupUtil.parseCloseElement(ParsingElementMarkupUtil.java:201) ~[attoparser-2.0.5.RELEASE.jar:2.0.5.RELEASE]
	at org.attoparser.MarkupParser.parseBuffer(MarkupParser.java:725) ~[attoparser-2.0.5.RELEASE.jar:2.0.5.RELEASE]
	at org.attoparser.MarkupParser.parseDocument(MarkupParser.java:301) ~[attoparser-2.0.5.RELEASE.jar:2.0.5.RELEASE]
	at org.attoparser.MarkupParser.parse(MarkupParser.java:257) ~[attoparser-2.0.5.RELEASE.jar:2.0.5.RELEASE]
	at org.thymeleaf.templateparser.markup.AbstractMarkupTemplateParser.parse(AbstractMarkupTemplateParser.java:230) ~[thymeleaf-3.0.15.RELEASE.jar:3.0.15.RELEASE]
	at org.thymeleaf.templateparser.markup.AbstractMarkupTemplateParser.parseStandalone(AbstractMarkupTemplateParser.java:100) ~[thymeleaf-3.0.15.RELEASE.jar:3.0.15.RELEASE]
	at org.thymeleaf.engine.TemplateManager.parseAndProcess(TemplateManager.java:666) ~[thymeleaf-3.0.15.RELEASE.jar:3.0.15.RELEASE]
	at org.thymeleaf.TemplateEngine.process(TemplateEngine.java:1098) ~[thymeleaf-3.0.15.RELEASE.jar:3.0.15.RELEASE]
	at org.thymeleaf.TemplateEngine.process(TemplateEngine.java:1072) ~[thymeleaf-3.0.15.RELEASE.jar:3.0.15.RELEASE]
	at org.thymeleaf.spring5.view.ThymeleafView.renderFragment(ThymeleafView.java:366) ~[thymeleaf-spring5-3.0.15.RELEASE.jar:3.0.15.RELEASE]
	at org.thymeleaf.spring5.view.ThymeleafView.render(ThymeleafView.java:190) ~[thymeleaf-spring5-3.0.15.RELEASE.jar:3.0.15.RELEASE]
	at org.springframework.web.servlet.DispatcherServlet.render(DispatcherServlet.java:1406) ~[spring-webmvc-5.3.27.jar:5.3.27]
	at org.springframework.web.servlet.DispatcherServlet.processDispatchResult(DispatcherServlet.java:1150) ~[spring-webmvc-5.3.27.jar:5.3.27]
	at org.springframework.web.servlet.DispatcherServlet.doDispatch(DispatcherServlet.java:1089) ~[spring-webmvc-5.3.27.jar:5.3.27]
	at org.springframework.web.servlet.DispatcherServlet.doService(DispatcherServlet.java:965) ~[spring-webmvc-5.3.27.jar:5.3.27]
	at org.springframework.web.servlet.FrameworkServlet.processRequest(FrameworkServlet.java:1006) ~[spring-webmvc-5.3.27.jar:5.3.27]
	at org.springframework.web.servlet.FrameworkServlet.doGet(FrameworkServlet.java:898) ~[spring-webmvc-5.3.27.jar:5.3.27]
	at javax.servlet.http.HttpServlet.service(HttpServlet.java:529) ~[tomcat-embed-core-9.0.75.jar:4.0.FR]
	at org.springframework.web.servlet.FrameworkServlet.service(FrameworkServlet.java:883) ~[spring-webmvc-5.3.27.jar:5.3.27]
	at javax.servlet.http.HttpServlet.service(HttpServlet.java:623) ~[tomcat-embed-core-9.0.75.jar:4.0.FR]
	at org.apache.catalina.core.ApplicationFilterChain.internalDoFilter(ApplicationFilterChain.java:209) ~[tomcat-embed-core-9.0.75.jar:9.0.75]
	at org.apache.catalina.core.ApplicationFilterChain.doFilter(ApplicationFilterChain.java:153) ~[tomcat-embed-core-9.0.75.jar:9.0.75]
	at org.apache.tomcat.websocket.server.WsFilter.doFilter(WsFilter.java:51) ~[tomcat-embed-websocket-9.0.75.jar:9.0.75]
	at org.apache.catalina.core.ApplicationFilterChain.internalDoFilter(ApplicationFilterChain.java:178) ~[tomcat-embed-core-9.0.75.jar:9.0.75]
	at org.apache.catalina.core.ApplicationFilterChain.doFilter(ApplicationFilterChain.java:153) ~[tomcat-embed-core-9.0.75.jar:9.0.75]
	at org.springframework.security.web.FilterChainProxy$VirtualFilterChain.doFilter(FilterChainProxy.java:337) ~[spring-security-web-5.7.8.jar:5.7.8]
	at org.springframework.security.web.access.intercept.FilterSecurityInterceptor.invoke(FilterSecurityInterceptor.java:115) ~[spring-security-web-5.7.8.jar:5.7.8]
	at org.springframework.security.web.access.intercept.FilterSecurityInterceptor.doFilter(FilterSecurityInterceptor.java:81) ~[spring-security-web-5.7.8.jar:5.7.8]
	at org.springframework.security.web.FilterChainProxy$VirtualFilterChain.doFilter(FilterChainProxy.java:346) ~[spring-security-web-5.7.8.jar:5.7.8]
	at org.springframework.security.web.access.ExceptionTranslationFilter.doFilter(ExceptionTranslationFilter.java:122) ~[spring-security-web-5.7.8.jar:5.7.8]
	at org.springframework.security.web.access.ExceptionTranslationFilter.doFilter(ExceptionTranslationFilter.java:116) ~[spring-security-web-5.7.8.jar:5.7.8]
	at org.springframework.security.web.FilterChainProxy$VirtualFilterChain.doFilter(FilterChainProxy.java:346) ~[spring-security-web-5.7.8.jar:5.7.8]
	at org.springframework.security.web.session.SessionManagementFilter.doFilter(SessionManagementFilter.java:126) ~[spring-security-web-5.7.8.jar:5.7.8]
	at org.springframework.security.web.session.SessionManagementFilter.doFilter(SessionManagementFilter.java:81) ~[spring-security-web-5.7.8.jar:5.7.8]
	at org.springframework.security.web.FilterChainProxy$VirtualFilterChain.doFilter(FilterChainProxy.java:346) ~[spring-security-web-5.7.8.jar:5.7.8]
	at org.springframework.security.web.authentication.AnonymousAuthenticationFilter.doFilter(AnonymousAuthenticationFilter.java:109) ~[spring-security-web-5.7.8.jar:5.7.8]
	at org.springframework.security.web.FilterChainProxy$VirtualFilterChain.doFilter(FilterChainProxy.java:346) ~[spring-security-web-5.7.8.jar:5.7.8]
	at org.springframework.security.web.servletapi.SecurityContextHolderAwareRequestFilter.doFilter(SecurityContextHolderAwareRequestFilter.java:149) ~[spring-security-web-5.7.8.jar:5.7.8]
	at org.springframework.security.web.FilterChainProxy$VirtualFilterChain.doFilter(FilterChainProxy.java:346) ~[spring-security-web-5.7.8.jar:5.7.8]
	at org.springframework.security.web.savedrequest.RequestCacheAwareFilter.doFilter(RequestCacheAwareFilter.java:63) ~[spring-security-web-5.7.8.jar:5.7.8]
	at org.springframework.security.web.FilterChainProxy$VirtualFilterChain.doFilter(FilterChainProxy.java:346) ~[spring-security-web-5.7.8.jar:5.7.8]
	at org.springframework.security.web.authentication.AbstractAuthenticationProcessingFilter.doFilter(AbstractAuthenticationProcessingFilter.java:223) ~[spring-security-web-5.7.8.jar:5.7.8]
	at org.springframework.security.web.authentication.AbstractAuthenticationProcessingFilter.doFilter(AbstractAuthenticationProcessingFilter.java:217) ~[spring-security-web-5.7.8.jar:5.7.8]
	at org.springframework.security.web.FilterChainProxy$VirtualFilterChain.doFilter(FilterChainProxy.java:346) ~[spring-security-web-5.7.8.jar:5.7.8]
	at org.springframework.security.web.authentication.logout.LogoutFilter.doFilter(LogoutFilter.java:103) ~[spring-security-web-5.7.8.jar:5.7.8]
	at org.springframework.security.web.authentication.logout.LogoutFilter.doFilter(LogoutFilter.java:89) ~[spring-security-web-5.7.8.jar:5.7.8]
	at org.springframework.security.web.FilterChainProxy$VirtualFilterChain.doFilter(FilterChainProxy.java:346) ~[spring-security-web-5.7.8.jar:5.7.8]
	at org.springframework.security.web.header.HeaderWriterFilter.doHeadersAfter(HeaderWriterFilter.java:90) ~[spring-security-web-5.7.8.jar:5.7.8]
	at org.springframework.security.web.header.HeaderWriterFilter.doFilterInternal(HeaderWriterFilter.java:75) ~[spring-security-web-5.7.8.jar:5.7.8]
	at org.springframework.web.filter.OncePerRequestFilter.doFilter(OncePerRequestFilter.java:117) ~[spring-web-5.3.27.jar:5.3.27]
	at org.springframework.security.web.FilterChainProxy$VirtualFilterChain.doFilter(FilterChainProxy.java:346) ~[spring-security-web-5.7.8.jar:5.7.8]
	at org.springframework.security.web.context.SecurityContextPersistenceFilter.doFilter(SecurityContextPersistenceFilter.java:112) ~[spring-security-web-5.7.8.jar:5.7.8]
	at org.springframework.security.web.context.SecurityContextPersistenceFilter.doFilter(SecurityContextPersistenceFilter.java:82) ~[spring-security-web-5.7.8.jar:5.7.8]
	at org.springframework.security.web.FilterChainProxy$VirtualFilterChain.doFilter(FilterChainProxy.java:346) ~[spring-security-web-5.7.8.jar:5.7.8]
	at org.springframework.security.web.context.request.async.WebAsyncManagerIntegrationFilter.doFilterInternal(WebAsyncManagerIntegrationFilter.java:55) ~[spring-security-web-5.7.8.jar:5.7.8]
	at org.springframework.web.filter.OncePerRequestFilter.doFilter(OncePerRequestFilter.java:117) ~[spring-web-5.3.27.jar:5.3.27]
	at org.springframework.security.web.FilterChainProxy$VirtualFilterChain.doFilter(FilterChainProxy.java:346) ~[spring-security-web-5.7.8.jar:5.7.8]
	at org.springframework.security.web.session.DisableEncodeUrlFilter.doFilterInternal(DisableEncodeUrlFilter.java:42) ~[spring-security-web-5.7.8.jar:5.7.8]
	at org.springframework.web.filter.OncePerRequestFilter.doFilter(OncePerRequestFilter.java:117) ~[spring-web-5.3.27.jar:5.3.27]
	at org.springframework.security.web.FilterChainProxy$VirtualFilterChain.doFilter(FilterChainProxy.java:346) ~[spring-security-web-5.7.8.jar:5.7.8]
	at org.springframework.security.web.FilterChainProxy.doFilterInternal(FilterChainProxy.java:221) ~[spring-security-web-5.7.8.jar:5.7.8]
	at org.springframework.security.web.FilterChainProxy.doFilter(FilterChainProxy.java:186) ~[spring-security-web-5.7.8.jar:5.7.8]
	at org.springframework.web.filter.DelegatingFilterProxy.invokeDelegate(DelegatingFilterProxy.java:354) ~[spring-web-5.3.27.jar:5.3.27]
	at org.springframework.web.filter.DelegatingFilterProxy.doFilter(DelegatingFilterProxy.java:267) ~[spring-web-5.3.27.jar:5.3.27]
	at org.apache.catalina.core.ApplicationFilterChain.internalDoFilter(ApplicationFilterChain.java:178) ~[tomcat-embed-core-9.0.75.jar:9.0.75]
	at org.apache.catalina.core.ApplicationFilterChain.doFilter(ApplicationFilterChain.java:153) ~[tomcat-embed-core-9.0.75.jar:9.0.75]
	at org.springframework.web.filter.RequestContextFilter.doFilterInternal(RequestContextFilter.java:100) ~[spring-web-5.3.27.jar:5.3.27]
	at org.springframework.web.filter.OncePerRequestFilter.doFilter(OncePerRequestFilter.java:117) ~[spring-web-5.3.27.jar:5.3.27]
	at org.apache.catalina.core.ApplicationFilterChain.internalDoFilter(ApplicationFilterChain.java:178) ~[tomcat-embed-core-9.0.75.jar:9.0.75]
	at org.apache.catalina.core.ApplicationFilterChain.doFilter(ApplicationFilterChain.java:153) ~[tomcat-embed-core-9.0.75.jar:9.0.75]
	at org.springframework.web.filter.FormContentFilter.doFilterInternal(FormContentFilter.java:93) ~[spring-web-5.3.27.jar:5.3.27]
	at org.springframework.web.filter.OncePerRequestFilter.doFilter(OncePerRequestFilter.java:117) ~[spring-web-5.3.27.jar:5.3.27]
	at org.apache.catalina.core.ApplicationFilterChain.internalDoFilter(ApplicationFilterChain.java:178) ~[tomcat-embed-core-9.0.75.jar:9.0.75]
	at org.apache.catalina.core.ApplicationFilterChain.doFilter(ApplicationFilterChain.java:153) ~[tomcat-embed-core-9.0.75.jar:9.0.75]
	at org.springframework.web.filter.CharacterEncodingFilter.doFilterInternal(CharacterEncodingFilter.java:201) ~[spring-web-5.3.27.jar:5.3.27]
	at org.springframework.web.filter.OncePerRequestFilter.doFilter(OncePerRequestFilter.java:117) ~[spring-web-5.3.27.jar:5.3.27]
	at org.apache.catalina.core.ApplicationFilterChain.internalDoFilter(ApplicationFilterChain.java:178) ~[tomcat-embed-core-9.0.75.jar:9.0.75]
	at org.apache.catalina.core.ApplicationFilterChain.doFilter(ApplicationFilterChain.java:153) ~[tomcat-embed-core-9.0.75.jar:9.0.75]
	at org.apache.catalina.core.StandardWrapperValve.invoke(StandardWrapperValve.java:167) ~[tomcat-embed-core-9.0.75.jar:9.0.75]
	at org.apache.catalina.core.StandardContextValve.invoke(StandardContextValve.java:90) ~[tomcat-embed-core-9.0.75.jar:9.0.75]
	at org.apache.catalina.authenticator.AuthenticatorBase.invoke(AuthenticatorBase.java:481) ~[tomcat-embed-core-9.0.75.jar:9.0.75]
	at org.apache.catalina.core.StandardHostValve.invoke(StandardHostValve.java:130) ~[tomcat-embed-core-9.0.75.jar:9.0.75]
	at org.apache.catalina.valves.ErrorReportValve.invoke(ErrorReportValve.java:93) ~[tomcat-embed-core-9.0.75.jar:9.0.75]
	at org.apache.catalina.core.StandardEngineValve.invoke(StandardEngineValve.java:74) ~[tomcat-embed-core-9.0.75.jar:9.0.75]
	at org.apache.catalina.connector.CoyoteAdapter.service(CoyoteAdapter.java:343) ~[tomcat-embed-core-9.0.75.jar:9.0.75]
	at org.apache.coyote.http11.Http11Processor.service(Http11Processor.java:390) ~[tomcat-embed-core-9.0.75.jar:9.0.75]
	at org.apache.coyote.AbstractProcessorLight.process(AbstractProcessorLight.java:63) ~[tomcat-embed-core-9.0.75.jar:9.0.75]
	at org.apache.coyote.AbstractProtocol$ConnectionHandler.process(AbstractProtocol.java:926) ~[tomcat-embed-core-9.0.75.jar:9.0.75]
	at org.apache.tomcat.util.net.NioEndpoint$SocketProcessor.doRun(NioEndpoint.java:1791) ~[tomcat-embed-core-9.0.75.jar:9.0.75]
	at org.apache.tomcat.util.net.SocketProcessorBase.run(SocketProcessorBase.java:52) ~[tomcat-embed-core-9.0.75.jar:9.0.75]
	at org.apache.tomcat.util.threads.ThreadPoolExecutor.runWorker(ThreadPoolExecutor.java:1191) ~[tomcat-embed-core-9.0.75.jar:9.0.75]
	at org.apache.tomcat.util.threads.ThreadPoolExecutor$Worker.run(ThreadPoolExecutor.java:659) ~[tomcat-embed-core-9.0.75.jar:9.0.75]
	at org.apache.tomcat.util.threads.TaskThread$WrappingRunnable.run(TaskThread.java:61) ~[tomcat-embed-core-9.0.75.jar:9.0.75]
	at java.lang.Thread.run(Thread.java:834) ~[?:?]
2026-06-04 21:43:49.576 [ERROR] Cannot render error page for request [/] and exception [An error happened during template parsing (template: "class path resource [templates/views/main/main.html]")] as the response has already been committed. As a result, the response may have the wrong status code.
2026-06-04 21:45:00.572 [INFO ] Closing JPA EntityManagerFactory for persistence unit 'default'
2026-06-04 21:45:00.575 [INFO ] HikariPool-1 - Shutdown initiated...
2026-06-04 21:45:00.579 [INFO ] HikariPool-1 - Shutdown completed.
2026-06-04 21:45:17.053 [INFO ] Starting RadarWebApplication using Java 11.0.2 on haems with PID 22080 (C:\0003_kimsn\kimsn\radar-web\build\classes\java\main started by imeahmik in C:\0003_kimsn\kimsn)
2026-06-04 21:45:17.089 [DEBUG] Running with Spring Boot v2.7.12, Spring v5.3.27
2026-06-04 21:45:17.093 [INFO ] No active profile set, falling back to 1 default profile: "default"
2026-06-04 21:45:17.981 [INFO ] Devtools property defaults active! Set 'spring.devtools.add-properties' to 'false' to disable
2026-06-04 21:45:17.982 [INFO ] For additional web related logging consider setting the 'logging.level.web' property to 'DEBUG'
2026-06-04 21:45:20.772 [INFO ] Bootstrapping Spring Data JPA repositories in DEFAULT mode.
2026-06-04 21:45:21.392 [INFO ] Finished Spring Data repository scanning in 587 ms. Found 24 JPA repository interfaces.
2026-06-04 21:45:23.491 [INFO ] Tomcat initialized with port(s): 8700 (http)
2026-06-04 21:45:23.514 [INFO ] Initializing ProtocolHandler ["http-nio-8700"]
2026-06-04 21:45:23.515 [INFO ] Starting service [Tomcat]
2026-06-04 21:45:23.515 [INFO ] Starting Servlet engine: [Apache Tomcat/9.0.75]
2026-06-04 21:45:23.866 [INFO ] Initializing Spring embedded WebApplicationContext
2026-06-04 21:45:23.866 [INFO ] Root WebApplicationContext: initialization completed in 5882 ms
2026-06-04 21:45:24.092 [INFO ] HikariPool-1 - Starting...
2026-06-04 21:45:24.587 [INFO ] HikariPool-1 - Start completed.
2026-06-04 21:45:24.836 [INFO ] HHH000204: Processing PersistenceUnitInfo [name: default]
2026-06-04 21:45:25.023 [INFO ] HHH000412: Hibernate ORM core version 5.6.15.Final
2026-06-04 21:45:25.494 [INFO ] HCANN000001: Hibernate Commons Annotations {5.1.2.Final}
2026-06-04 21:45:25.877 [INFO ] HHH000400: Using dialect: org.hibernate.dialect.MySQL8Dialect
2026-06-04 21:45:28.609 [INFO ] HHH000490: Using JtaPlatform implementation: [org.hibernate.engine.transaction.jta.platform.internal.NoJtaPlatform]
2026-06-04 21:45:28.692 [INFO ] Initialized JPA EntityManagerFactory for persistence unit 'default'
2026-06-04 21:45:31.843 [INFO ] Will secure any request with [org.springframework.security.web.session.DisableEncodeUrlFilter@6d06b90e, org.springframework.security.web.context.request.async.WebAsyncManagerIntegrationFilter@5534025d, org.springframework.security.web.context.SecurityContextPersistenceFilter@22e40acf, org.springframework.security.web.header.HeaderWriterFilter@3fb64b73, org.springframework.security.web.authentication.logout.LogoutFilter@443a23e0, org.springframework.security.web.authentication.UsernamePasswordAuthenticationFilter@745a452f, org.springframework.security.web.savedrequest.RequestCacheAwareFilter@1f51aff1, org.springframework.security.web.servletapi.SecurityContextHolderAwareRequestFilter@55efc5e6, org.springframework.security.web.authentication.AnonymousAuthenticationFilter@73e146e9, org.springframework.security.web.session.SessionManagementFilter@5ca4fac2, org.springframework.security.web.access.ExceptionTranslationFilter@4e038657, org.springframework.security.web.access.intercept.FilterSecurityInterceptor@7a174548]
2026-06-04 21:45:32.180 [WARN ] spring.jpa.open-in-view is enabled by default. Therefore, database queries may be performed during view rendering. Explicitly configure spring.jpa.open-in-view to disable this warning
2026-06-04 21:45:34.512 [INFO ] LiveReload server is running on port 35729
2026-06-04 21:45:34.551 [INFO ] Starting ProtocolHandler ["http-nio-8700"]
2026-06-04 21:45:34.623 [INFO ] Tomcat started on port(s): 8700 (http) with context path ''
2026-06-04 21:45:34.658 [INFO ] Started RadarWebApplication in 19.345 seconds (JVM running for 23.523)
2026-06-04 21:45:44.787 [INFO ] Initializing Spring DispatcherServlet 'dispatcherServlet'
2026-06-04 21:45:44.787 [INFO ] Initializing Servlet 'dispatcherServlet'
2026-06-04 21:45:44.790 [INFO ] Completed initialization in 3 ms
2026-06-04 21:45:44.966 [INFO ] loginUser ::::: test
2026-06-04 21:45:50.461 [ERROR] [THYMELEAF][http-nio-8700-exec-1] Exception processing template "views/main/main": An error happened during template parsing (template: "class path resource [templates/views/main/main.html]")
org.thymeleaf.exceptions.TemplateInputException: An error happened during template parsing (template: "class path resource [templates/views/main/main.html]")
	at org.thymeleaf.templateparser.markup.AbstractMarkupTemplateParser.parse(AbstractMarkupTemplateParser.java:241) ~[thymeleaf-3.0.15.RELEASE.jar:3.0.15.RELEASE]
	at org.thymeleaf.templateparser.markup.AbstractMarkupTemplateParser.parseStandalone(AbstractMarkupTemplateParser.java:100) ~[thymeleaf-3.0.15.RELEASE.jar:3.0.15.RELEASE]
	at org.thymeleaf.engine.TemplateManager.parseAndProcess(TemplateManager.java:666) ~[thymeleaf-3.0.15.RELEASE.jar:3.0.15.RELEASE]
	at org.thymeleaf.TemplateEngine.process(TemplateEngine.java:1098) ~[thymeleaf-3.0.15.RELEASE.jar:3.0.15.RELEASE]
	at org.thymeleaf.TemplateEngine.process(TemplateEngine.java:1072) ~[thymeleaf-3.0.15.RELEASE.jar:3.0.15.RELEASE]
	at org.thymeleaf.spring5.view.ThymeleafView.renderFragment(ThymeleafView.java:366) ~[thymeleaf-spring5-3.0.15.RELEASE.jar:3.0.15.RELEASE]
	at org.thymeleaf.spring5.view.ThymeleafView.render(ThymeleafView.java:190) ~[thymeleaf-spring5-3.0.15.RELEASE.jar:3.0.15.RELEASE]
	at org.springframework.web.servlet.DispatcherServlet.render(DispatcherServlet.java:1406) ~[spring-webmvc-5.3.27.jar:5.3.27]
	at org.springframework.web.servlet.DispatcherServlet.processDispatchResult(DispatcherServlet.java:1150) ~[spring-webmvc-5.3.27.jar:5.3.27]
	at org.springframework.web.servlet.DispatcherServlet.doDispatch(DispatcherServlet.java:1089) ~[spring-webmvc-5.3.27.jar:5.3.27]
	at org.springframework.web.servlet.DispatcherServlet.doService(DispatcherServlet.java:965) ~[spring-webmvc-5.3.27.jar:5.3.27]
	at org.springframework.web.servlet.FrameworkServlet.processRequest(FrameworkServlet.java:1006) ~[spring-webmvc-5.3.27.jar:5.3.27]
	at org.springframework.web.servlet.FrameworkServlet.doGet(FrameworkServlet.java:898) ~[spring-webmvc-5.3.27.jar:5.3.27]
	at javax.servlet.http.HttpServlet.service(HttpServlet.java:529) ~[tomcat-embed-core-9.0.75.jar:4.0.FR]
	at org.springframework.web.servlet.FrameworkServlet.service(FrameworkServlet.java:883) ~[spring-webmvc-5.3.27.jar:5.3.27]
	at javax.servlet.http.HttpServlet.service(HttpServlet.java:623) ~[tomcat-embed-core-9.0.75.jar:4.0.FR]
	at org.apache.catalina.core.ApplicationFilterChain.internalDoFilter(ApplicationFilterChain.java:209) ~[tomcat-embed-core-9.0.75.jar:9.0.75]
	at org.apache.catalina.core.ApplicationFilterChain.doFilter(ApplicationFilterChain.java:153) ~[tomcat-embed-core-9.0.75.jar:9.0.75]
	at org.apache.tomcat.websocket.server.WsFilter.doFilter(WsFilter.java:51) ~[tomcat-embed-websocket-9.0.75.jar:9.0.75]
	at org.apache.catalina.core.ApplicationFilterChain.internalDoFilter(ApplicationFilterChain.java:178) ~[tomcat-embed-core-9.0.75.jar:9.0.75]
	at org.apache.catalina.core.ApplicationFilterChain.doFilter(ApplicationFilterChain.java:153) ~[tomcat-embed-core-9.0.75.jar:9.0.75]
	at org.springframework.security.web.FilterChainProxy$VirtualFilterChain.doFilter(FilterChainProxy.java:337) ~[spring-security-web-5.7.8.jar:5.7.8]
	at org.springframework.security.web.access.intercept.FilterSecurityInterceptor.invoke(FilterSecurityInterceptor.java:115) ~[spring-security-web-5.7.8.jar:5.7.8]
	at org.springframework.security.web.access.intercept.FilterSecurityInterceptor.doFilter(FilterSecurityInterceptor.java:81) ~[spring-security-web-5.7.8.jar:5.7.8]
	at org.springframework.security.web.FilterChainProxy$VirtualFilterChain.doFilter(FilterChainProxy.java:346) ~[spring-security-web-5.7.8.jar:5.7.8]
	at org.springframework.security.web.access.ExceptionTranslationFilter.doFilter(ExceptionTranslationFilter.java:122) ~[spring-security-web-5.7.8.jar:5.7.8]
	at org.springframework.security.web.access.ExceptionTranslationFilter.doFilter(ExceptionTranslationFilter.java:116) ~[spring-security-web-5.7.8.jar:5.7.8]
	at org.springframework.security.web.FilterChainProxy$VirtualFilterChain.doFilter(FilterChainProxy.java:346) ~[spring-security-web-5.7.8.jar:5.7.8]
	at org.springframework.security.web.session.SessionManagementFilter.doFilter(SessionManagementFilter.java:126) ~[spring-security-web-5.7.8.jar:5.7.8]
	at org.springframework.security.web.session.SessionManagementFilter.doFilter(SessionManagementFilter.java:81) ~[spring-security-web-5.7.8.jar:5.7.8]
	at org.springframework.security.web.FilterChainProxy$VirtualFilterChain.doFilter(FilterChainProxy.java:346) ~[spring-security-web-5.7.8.jar:5.7.8]
	at org.springframework.security.web.authentication.AnonymousAuthenticationFilter.doFilter(AnonymousAuthenticationFilter.java:109) ~[spring-security-web-5.7.8.jar:5.7.8]
	at org.springframework.security.web.FilterChainProxy$VirtualFilterChain.doFilter(FilterChainProxy.java:346) ~[spring-security-web-5.7.8.jar:5.7.8]
	at org.springframework.security.web.servletapi.SecurityContextHolderAwareRequestFilter.doFilter(SecurityContextHolderAwareRequestFilter.java:149) ~[spring-security-web-5.7.8.jar:5.7.8]
	at org.springframework.security.web.FilterChainProxy$VirtualFilterChain.doFilter(FilterChainProxy.java:346) ~[spring-security-web-5.7.8.jar:5.7.8]
	at org.springframework.security.web.savedrequest.RequestCacheAwareFilter.doFilter(RequestCacheAwareFilter.java:63) ~[spring-security-web-5.7.8.jar:5.7.8]
	at org.springframework.security.web.FilterChainProxy$VirtualFilterChain.doFilter(FilterChainProxy.java:346) ~[spring-security-web-5.7.8.jar:5.7.8]
	at org.springframework.security.web.authentication.AbstractAuthenticationProcessingFilter.doFilter(AbstractAuthenticationProcessingFilter.java:223) ~[spring-security-web-5.7.8.jar:5.7.8]
	at org.springframework.security.web.authentication.AbstractAuthenticationProcessingFilter.doFilter(AbstractAuthenticationProcessingFilter.java:217) ~[spring-security-web-5.7.8.jar:5.7.8]
	at org.springframework.security.web.FilterChainProxy$VirtualFilterChain.doFilter(FilterChainProxy.java:346) ~[spring-security-web-5.7.8.jar:5.7.8]
	at org.springframework.security.web.authentication.logout.LogoutFilter.doFilter(LogoutFilter.java:103) ~[spring-security-web-5.7.8.jar:5.7.8]
	at org.springframework.security.web.authentication.logout.LogoutFilter.doFilter(LogoutFilter.java:89) ~[spring-security-web-5.7.8.jar:5.7.8]
	at org.springframework.security.web.FilterChainProxy$VirtualFilterChain.doFilter(FilterChainProxy.java:346) ~[spring-security-web-5.7.8.jar:5.7.8]
	at org.springframework.security.web.header.HeaderWriterFilter.doHeadersAfter(HeaderWriterFilter.java:90) ~[spring-security-web-5.7.8.jar:5.7.8]
	at org.springframework.security.web.header.HeaderWriterFilter.doFilterInternal(HeaderWriterFilter.java:75) ~[spring-security-web-5.7.8.jar:5.7.8]
	at org.springframework.web.filter.OncePerRequestFilter.doFilter(OncePerRequestFilter.java:117) ~[spring-web-5.3.27.jar:5.3.27]
	at org.springframework.security.web.FilterChainProxy$VirtualFilterChain.doFilter(FilterChainProxy.java:346) ~[spring-security-web-5.7.8.jar:5.7.8]
	at org.springframework.security.web.context.SecurityContextPersistenceFilter.doFilter(SecurityContextPersistenceFilter.java:112) ~[spring-security-web-5.7.8.jar:5.7.8]
	at org.springframework.security.web.context.SecurityContextPersistenceFilter.doFilter(SecurityContextPersistenceFilter.java:82) ~[spring-security-web-5.7.8.jar:5.7.8]
	at org.springframework.security.web.FilterChainProxy$VirtualFilterChain.doFilter(FilterChainProxy.java:346) ~[spring-security-web-5.7.8.jar:5.7.8]
	at org.springframework.security.web.context.request.async.WebAsyncManagerIntegrationFilter.doFilterInternal(WebAsyncManagerIntegrationFilter.java:55) ~[spring-security-web-5.7.8.jar:5.7.8]
	at org.springframework.web.filter.OncePerRequestFilter.doFilter(OncePerRequestFilter.java:117) ~[spring-web-5.3.27.jar:5.3.27]
	at org.springframework.security.web.FilterChainProxy$VirtualFilterChain.doFilter(FilterChainProxy.java:346) ~[spring-security-web-5.7.8.jar:5.7.8]
	at org.springframework.security.web.session.DisableEncodeUrlFilter.doFilterInternal(DisableEncodeUrlFilter.java:42) ~[spring-security-web-5.7.8.jar:5.7.8]
	at org.springframework.web.filter.OncePerRequestFilter.doFilter(OncePerRequestFilter.java:117) ~[spring-web-5.3.27.jar:5.3.27]
	at org.springframework.security.web.FilterChainProxy$VirtualFilterChain.doFilter(FilterChainProxy.java:346) ~[spring-security-web-5.7.8.jar:5.7.8]
	at org.springframework.security.web.FilterChainProxy.doFilterInternal(FilterChainProxy.java:221) ~[spring-security-web-5.7.8.jar:5.7.8]
	at org.springframework.security.web.FilterChainProxy.doFilter(FilterChainProxy.java:186) ~[spring-security-web-5.7.8.jar:5.7.8]
	at org.springframework.web.filter.DelegatingFilterProxy.invokeDelegate(DelegatingFilterProxy.java:354) ~[spring-web-5.3.27.jar:5.3.27]
	at org.springframework.web.filter.DelegatingFilterProxy.doFilter(DelegatingFilterProxy.java:267) ~[spring-web-5.3.27.jar:5.3.27]
	at org.apache.catalina.core.ApplicationFilterChain.internalDoFilter(ApplicationFilterChain.java:178) ~[tomcat-embed-core-9.0.75.jar:9.0.75]
	at org.apache.catalina.core.ApplicationFilterChain.doFilter(ApplicationFilterChain.java:153) ~[tomcat-embed-core-9.0.75.jar:9.0.75]
	at org.springframework.web.filter.RequestContextFilter.doFilterInternal(RequestContextFilter.java:100) ~[spring-web-5.3.27.jar:5.3.27]
	at org.springframework.web.filter.OncePerRequestFilter.doFilter(OncePerRequestFilter.java:117) ~[spring-web-5.3.27.jar:5.3.27]
	at org.apache.catalina.core.ApplicationFilterChain.internalDoFilter(ApplicationFilterChain.java:178) ~[tomcat-embed-core-9.0.75.jar:9.0.75]
	at org.apache.catalina.core.ApplicationFilterChain.doFilter(ApplicationFilterChain.java:153) ~[tomcat-embed-core-9.0.75.jar:9.0.75]
	at org.springframework.web.filter.FormContentFilter.doFilterInternal(FormContentFilter.java:93) ~[spring-web-5.3.27.jar:5.3.27]
	at org.springframework.web.filter.OncePerRequestFilter.doFilter(OncePerRequestFilter.java:117) ~[spring-web-5.3.27.jar:5.3.27]
	at org.apache.catalina.core.ApplicationFilterChain.internalDoFilter(ApplicationFilterChain.java:178) ~[tomcat-embed-core-9.0.75.jar:9.0.75]
	at org.apache.catalina.core.ApplicationFilterChain.doFilter(ApplicationFilterChain.java:153) ~[tomcat-embed-core-9.0.75.jar:9.0.75]
	at org.springframework.web.filter.CharacterEncodingFilter.doFilterInternal(CharacterEncodingFilter.java:201) ~[spring-web-5.3.27.jar:5.3.27]
	at org.springframework.web.filter.OncePerRequestFilter.doFilter(OncePerRequestFilter.java:117) ~[spring-web-5.3.27.jar:5.3.27]
	at org.apache.catalina.core.ApplicationFilterChain.internalDoFilter(ApplicationFilterChain.java:178) ~[tomcat-embed-core-9.0.75.jar:9.0.75]
	at org.apache.catalina.core.ApplicationFilterChain.doFilter(ApplicationFilterChain.java:153) ~[tomcat-embed-core-9.0.75.jar:9.0.75]
	at org.apache.catalina.core.StandardWrapperValve.invoke(StandardWrapperValve.java:167) ~[tomcat-embed-core-9.0.75.jar:9.0.75]
	at org.apache.catalina.core.StandardContextValve.invoke(StandardContextValve.java:90) ~[tomcat-embed-core-9.0.75.jar:9.0.75]
	at org.apache.catalina.authenticator.AuthenticatorBase.invoke(AuthenticatorBase.java:481) ~[tomcat-embed-core-9.0.75.jar:9.0.75]
	at org.apache.catalina.core.StandardHostValve.invoke(StandardHostValve.java:130) ~[tomcat-embed-core-9.0.75.jar:9.0.75]
	at org.apache.catalina.valves.ErrorReportValve.invoke(ErrorReportValve.java:93) ~[tomcat-embed-core-9.0.75.jar:9.0.75]
	at org.apache.catalina.core.StandardEngineValve.invoke(StandardEngineValve.java:74) ~[tomcat-embed-core-9.0.75.jar:9.0.75]
	at org.apache.catalina.connector.CoyoteAdapter.service(CoyoteAdapter.java:343) ~[tomcat-embed-core-9.0.75.jar:9.0.75]
	at org.apache.coyote.http11.Http11Processor.service(Http11Processor.java:390) ~[tomcat-embed-core-9.0.75.jar:9.0.75]
	at org.apache.coyote.AbstractProcessorLight.process(AbstractProcessorLight.java:63) ~[tomcat-embed-core-9.0.75.jar:9.0.75]
	at org.apache.coyote.AbstractProtocol$ConnectionHandler.process(AbstractProtocol.java:926) ~[tomcat-embed-core-9.0.75.jar:9.0.75]
	at org.apache.tomcat.util.net.NioEndpoint$SocketProcessor.doRun(NioEndpoint.java:1791) ~[tomcat-embed-core-9.0.75.jar:9.0.75]
	at org.apache.tomcat.util.net.SocketProcessorBase.run(SocketProcessorBase.java:52) ~[tomcat-embed-core-9.0.75.jar:9.0.75]
	at org.apache.tomcat.util.threads.ThreadPoolExecutor.runWorker(ThreadPoolExecutor.java:1191) ~[tomcat-embed-core-9.0.75.jar:9.0.75]
	at org.apache.tomcat.util.threads.ThreadPoolExecutor$Worker.run(ThreadPoolExecutor.java:659) ~[tomcat-embed-core-9.0.75.jar:9.0.75]
	at org.apache.tomcat.util.threads.TaskThread$WrappingRunnable.run(TaskThread.java:61) ~[tomcat-embed-core-9.0.75.jar:9.0.75]
	at java.lang.Thread.run(Thread.java:834) ~[?:?]
Caused by: org.attoparser.ParseException: Exception evaluating SpringEL expression: "Integer.parseInt(sList.siteNum) > 40000 && Integer.parseInt(sList.siteNum) < 50000" (template: "layout/header" - line 120, col 49)
	at org.attoparser.MarkupParser.parseDocument(MarkupParser.java:393) ~[attoparser-2.0.5.RELEASE.jar:2.0.5.RELEASE]
	at org.attoparser.MarkupParser.parse(MarkupParser.java:257) ~[attoparser-2.0.5.RELEASE.jar:2.0.5.RELEASE]
	at org.thymeleaf.templateparser.markup.AbstractMarkupTemplateParser.parse(AbstractMarkupTemplateParser.java:230) ~[thymeleaf-3.0.15.RELEASE.jar:3.0.15.RELEASE]
	... 89 more
Caused by: org.thymeleaf.exceptions.TemplateProcessingException: Exception evaluating SpringEL expression: "Integer.parseInt(sList.siteNum) > 40000 && Integer.parseInt(sList.siteNum) < 50000" (template: "layout/header" - line 120, col 49)
	at org.thymeleaf.spring5.expression.SPELVariableExpressionEvaluator.evaluate(SPELVariableExpressionEvaluator.java:292) ~[thymeleaf-spring5-3.0.15.RELEASE.jar:3.0.15.RELEASE]
	at org.thymeleaf.standard.expression.VariableExpression.executeVariableExpression(VariableExpression.java:166) ~[thymeleaf-3.0.15.RELEASE.jar:3.0.15.RELEASE]
	at org.thymeleaf.standard.expression.SimpleExpression.executeSimple(SimpleExpression.java:66) ~[thymeleaf-3.0.15.RELEASE.jar:3.0.15.RELEASE]
	at org.thymeleaf.standard.expression.Expression.execute(Expression.java:109) ~[thymeleaf-3.0.15.RELEASE.jar:3.0.15.RELEASE]
	at org.thymeleaf.standard.expression.Expression.execute(Expression.java:138) ~[thymeleaf-3.0.15.RELEASE.jar:3.0.15.RELEASE]
	at org.thymeleaf.standard.expression.Expression.execute(Expression.java:125) ~[thymeleaf-3.0.15.RELEASE.jar:3.0.15.RELEASE]
	at org.thymeleaf.standard.processor.StandardIfTagProcessor.isVisible(StandardIfTagProcessor.java:59) ~[thymeleaf-3.0.15.RELEASE.jar:3.0.15.RELEASE]
	at org.thymeleaf.standard.processor.AbstractStandardConditionalVisibilityTagProcessor.doProcess(AbstractStandardConditionalVisibilityTagProcessor.java:61) ~[thymeleaf-3.0.15.RELEASE.jar:3.0.15.RELEASE]
	at org.thymeleaf.processor.element.AbstractAttributeTagProcessor.doProcess(AbstractAttributeTagProcessor.java:74) ~[thymeleaf-3.0.15.RELEASE.jar:3.0.15.RELEASE]
	at org.thymeleaf.processor.element.AbstractElementTagProcessor.process(AbstractElementTagProcessor.java:95) ~[thymeleaf-3.0.15.RELEASE.jar:3.0.15.RELEASE]
	at org.thymeleaf.util.ProcessorConfigurationUtils$ElementTagProcessorWrapper.process(ProcessorConfigurationUtils.java:633) ~[thymeleaf-3.0.15.RELEASE.jar:3.0.15.RELEASE]
	at org.thymeleaf.engine.ProcessorTemplateHandler.handleOpenElement(ProcessorTemplateHandler.java:1314) ~[thymeleaf-3.0.15.RELEASE.jar:3.0.15.RELEASE]
	at org.thymeleaf.engine.OpenElementTag.beHandled(OpenElementTag.java:205) ~[thymeleaf-3.0.15.RELEASE.jar:3.0.15.RELEASE]
	at org.thymeleaf.engine.Model.process(Model.java:282) ~[thymeleaf-3.0.15.RELEASE.jar:3.0.15.RELEASE]
	at org.thymeleaf.engine.Model.process(Model.java:290) ~[thymeleaf-3.0.15.RELEASE.jar:3.0.15.RELEASE]
	at org.thymeleaf.engine.IteratedGatheringModelProcessable.processIterationModel(IteratedGatheringModelProcessable.java:367) ~[thymeleaf-3.0.15.RELEASE.jar:3.0.15.RELEASE]
	at org.thymeleaf.engine.IteratedGatheringModelProcessable.process(IteratedGatheringModelProcessable.java:221) ~[thymeleaf-3.0.15.RELEASE.jar:3.0.15.RELEASE]
	at org.thymeleaf.engine.ProcessorTemplateHandler.handleCloseElement(ProcessorTemplateHandler.java:1640) ~[thymeleaf-3.0.15.RELEASE.jar:3.0.15.RELEASE]
	at org.thymeleaf.engine.CloseElementTag.beHandled(CloseElementTag.java:139) ~[thymeleaf-3.0.15.RELEASE.jar:3.0.15.RELEASE]
	at org.thymeleaf.engine.Model.process(Model.java:282) ~[thymeleaf-3.0.15.RELEASE.jar:3.0.15.RELEASE]
	at org.thymeleaf.engine.Model.process(Model.java:290) ~[thymeleaf-3.0.15.RELEASE.jar:3.0.15.RELEASE]
	at org.thymeleaf.engine.IteratedGatheringModelProcessable.processIterationModel(IteratedGatheringModelProcessable.java:367) ~[thymeleaf-3.0.15.RELEASE.jar:3.0.15.RELEASE]
	at org.thymeleaf.engine.IteratedGatheringModelProcessable.process(IteratedGatheringModelProcessable.java:293) ~[thymeleaf-3.0.15.RELEASE.jar:3.0.15.RELEASE]
	at org.thymeleaf.engine.ProcessorTemplateHandler.handleCloseElement(ProcessorTemplateHandler.java:1640) ~[thymeleaf-3.0.15.RELEASE.jar:3.0.15.RELEASE]
	at org.thymeleaf.engine.CloseElementTag.beHandled(CloseElementTag.java:139) ~[thymeleaf-3.0.15.RELEASE.jar:3.0.15.RELEASE]
	at org.thymeleaf.engine.Model.process(Model.java:282) ~[thymeleaf-3.0.15.RELEASE.jar:3.0.15.RELEASE]
	at org.thymeleaf.engine.ProcessorTemplateHandler.handleOpenElement(ProcessorTemplateHandler.java:1587) ~[thymeleaf-3.0.15.RELEASE.jar:3.0.15.RELEASE]
	at org.thymeleaf.engine.OpenElementTag.beHandled(OpenElementTag.java:205) ~[thymeleaf-3.0.15.RELEASE.jar:3.0.15.RELEASE]
	at org.thymeleaf.engine.Model.process(Model.java:282) ~[thymeleaf-3.0.15.RELEASE.jar:3.0.15.RELEASE]
	at org.thymeleaf.engine.ProcessorTemplateHandler.handleOpenElement(ProcessorTemplateHandler.java:1587) ~[thymeleaf-3.0.15.RELEASE.jar:3.0.15.RELEASE]
	at org.thymeleaf.engine.OpenElementTag.beHandled(OpenElementTag.java:205) ~[thymeleaf-3.0.15.RELEASE.jar:3.0.15.RELEASE]
	at org.thymeleaf.engine.Model.process(Model.java:282) ~[thymeleaf-3.0.15.RELEASE.jar:3.0.15.RELEASE]
	at org.thymeleaf.engine.Model.process(Model.java:290) ~[thymeleaf-3.0.15.RELEASE.jar:3.0.15.RELEASE]
	at org.thymeleaf.engine.GatheringModelProcessable.process(GatheringModelProcessable.java:78) ~[thymeleaf-3.0.15.RELEASE.jar:3.0.15.RELEASE]
	at org.thymeleaf.engine.ProcessorTemplateHandler.handleCloseElement(ProcessorTemplateHandler.java:1640) ~[thymeleaf-3.0.15.RELEASE.jar:3.0.15.RELEASE]
	at org.thymeleaf.engine.TemplateHandlerAdapterMarkupHandler.handleCloseElementEnd(TemplateHandlerAdapterMarkupHandler.java:388) ~[thymeleaf-3.0.15.RELEASE.jar:3.0.15.RELEASE]
	at org.thymeleaf.templateparser.markup.InlinedOutputExpressionMarkupHandler$InlineMarkupAdapterPreProcessorHandler.handleCloseElementEnd(InlinedOutputExpressionMarkupHandler.java:322) ~[thymeleaf-3.0.15.RELEASE.jar:3.0.15.RELEASE]
	at org.thymeleaf.standard.inline.OutputExpressionInlinePreProcessorHandler.handleCloseElementEnd(OutputExpressionInlinePreProcessorHandler.java:220) ~[thymeleaf-3.0.15.RELEASE.jar:3.0.15.RELEASE]
	at org.thymeleaf.templateparser.markup.InlinedOutputExpressionMarkupHandler.handleCloseElementEnd(InlinedOutputExpressionMarkupHandler.java:164) ~[thymeleaf-3.0.15.RELEASE.jar:3.0.15.RELEASE]
	at org.attoparser.HtmlElement.handleCloseElementEnd(HtmlElement.java:169) ~[attoparser-2.0.5.RELEASE.jar:2.0.5.RELEASE]
	at org.attoparser.HtmlMarkupHandler.handleCloseElementEnd(HtmlMarkupHandler.java:412) ~[attoparser-2.0.5.RELEASE.jar:2.0.5.RELEASE]
	at org.attoparser.MarkupEventProcessorHandler.handleCloseElementEnd(MarkupEventProcessorHandler.java:473) ~[attoparser-2.0.5.RELEASE.jar:2.0.5.RELEASE]
	at org.attoparser.ParsingElementMarkupUtil.parseCloseElement(ParsingElementMarkupUtil.java:201) ~[attoparser-2.0.5.RELEASE.jar:2.0.5.RELEASE]
	at org.attoparser.MarkupParser.parseBuffer(MarkupParser.java:725) ~[attoparser-2.0.5.RELEASE.jar:2.0.5.RELEASE]
	at org.attoparser.MarkupParser.parseDocument(MarkupParser.java:301) ~[attoparser-2.0.5.RELEASE.jar:2.0.5.RELEASE]
	at org.attoparser.MarkupParser.parse(MarkupParser.java:257) ~[attoparser-2.0.5.RELEASE.jar:2.0.5.RELEASE]
	at org.thymeleaf.templateparser.markup.AbstractMarkupTemplateParser.parse(AbstractMarkupTemplateParser.java:230) ~[thymeleaf-3.0.15.RELEASE.jar:3.0.15.RELEASE]
	... 89 more
Caused by: org.springframework.expression.spel.SpelEvaluationException: EL1011E: Method call: Attempted to call method parseInt(java.lang.Integer) on null context object
	at org.springframework.expression.spel.ast.MethodReference.throwIfNotNullSafe(MethodReference.java:154) ~[spring-expression-5.3.27.jar:5.3.27]
	at org.springframework.expression.spel.ast.MethodReference.getValueRef(MethodReference.java:83) ~[spring-expression-5.3.27.jar:5.3.27]
	at org.springframework.expression.spel.ast.CompoundExpression.getValueRef(CompoundExpression.java:71) ~[spring-expression-5.3.27.jar:5.3.27]
	at org.springframework.expression.spel.ast.CompoundExpression.getValueInternal(CompoundExpression.java:92) ~[spring-expression-5.3.27.jar:5.3.27]
	at org.springframework.expression.spel.ast.OpGT.getValueInternal(OpGT.java:47) ~[spring-expression-5.3.27.jar:5.3.27]
	at org.springframework.expression.spel.ast.OpGT.getValueInternal(OpGT.java:37) ~[spring-expression-5.3.27.jar:5.3.27]
	at org.springframework.expression.spel.ast.SpelNodeImpl.getValue(SpelNodeImpl.java:212) ~[spring-expression-5.3.27.jar:5.3.27]
	at org.springframework.expression.spel.ast.OpAnd.getBooleanValue(OpAnd.java:57) ~[spring-expression-5.3.27.jar:5.3.27]
	at org.springframework.expression.spel.ast.OpAnd.getValueInternal(OpAnd.java:48) ~[spring-expression-5.3.27.jar:5.3.27]
	at org.springframework.expression.spel.ast.SpelNodeImpl.getValue(SpelNodeImpl.java:114) ~[spring-expression-5.3.27.jar:5.3.27]
	at org.springframework.expression.spel.standard.SpelExpression.getValue(SpelExpression.java:338) ~[spring-expression-5.3.27.jar:5.3.27]
	at org.thymeleaf.spring5.expression.SPELVariableExpressionEvaluator.evaluate(SPELVariableExpressionEvaluator.java:265) ~[thymeleaf-spring5-3.0.15.RELEASE.jar:3.0.15.RELEASE]
	at org.thymeleaf.standard.expression.VariableExpression.executeVariableExpression(VariableExpression.java:166) ~[thymeleaf-3.0.15.RELEASE.jar:3.0.15.RELEASE]
	at org.thymeleaf.standard.expression.SimpleExpression.executeSimple(SimpleExpression.java:66) ~[thymeleaf-3.0.15.RELEASE.jar:3.0.15.RELEASE]
	at org.thymeleaf.standard.expression.Expression.execute(Expression.java:109) ~[thymeleaf-3.0.15.RELEASE.jar:3.0.15.RELEASE]
	at org.thymeleaf.standard.expression.Expression.execute(Expression.java:138) ~[thymeleaf-3.0.15.RELEASE.jar:3.0.15.RELEASE]
	at org.thymeleaf.standard.expression.Expression.execute(Expression.java:125) ~[thymeleaf-3.0.15.RELEASE.jar:3.0.15.RELEASE]
	at org.thymeleaf.standard.processor.StandardIfTagProcessor.isVisible(StandardIfTagProcessor.java:59) ~[thymeleaf-3.0.15.RELEASE.jar:3.0.15.RELEASE]
	at org.thymeleaf.standard.processor.AbstractStandardConditionalVisibilityTagProcessor.doProcess(AbstractStandardConditionalVisibilityTagProcessor.java:61) ~[thymeleaf-3.0.15.RELEASE.jar:3.0.15.RELEASE]
	at org.thymeleaf.processor.element.AbstractAttributeTagProcessor.doProcess(AbstractAttributeTagProcessor.java:74) ~[thymeleaf-3.0.15.RELEASE.jar:3.0.15.RELEASE]
	at org.thymeleaf.processor.element.AbstractElementTagProcessor.process(AbstractElementTagProcessor.java:95) ~[thymeleaf-3.0.15.RELEASE.jar:3.0.15.RELEASE]
	at org.thymeleaf.util.ProcessorConfigurationUtils$ElementTagProcessorWrapper.process(ProcessorConfigurationUtils.java:633) ~[thymeleaf-3.0.15.RELEASE.jar:3.0.15.RELEASE]
	at org.thymeleaf.engine.ProcessorTemplateHandler.handleOpenElement(ProcessorTemplateHandler.java:1314) ~[thymeleaf-3.0.15.RELEASE.jar:3.0.15.RELEASE]
	at org.thymeleaf.engine.OpenElementTag.beHandled(OpenElementTag.java:205) ~[thymeleaf-3.0.15.RELEASE.jar:3.0.15.RELEASE]
	at org.thymeleaf.engine.Model.process(Model.java:282) ~[thymeleaf-3.0.15.RELEASE.jar:3.0.15.RELEASE]
	at org.thymeleaf.engine.Model.process(Model.java:290) ~[thymeleaf-3.0.15.RELEASE.jar:3.0.15.RELEASE]
	at org.thymeleaf.engine.IteratedGatheringModelProcessable.processIterationModel(IteratedGatheringModelProcessable.java:367) ~[thymeleaf-3.0.15.RELEASE.jar:3.0.15.RELEASE]
	at org.thymeleaf.engine.IteratedGatheringModelProcessable.process(IteratedGatheringModelProcessable.java:221) ~[thymeleaf-3.0.15.RELEASE.jar:3.0.15.RELEASE]
	at org.thymeleaf.engine.ProcessorTemplateHandler.handleCloseElement(ProcessorTemplateHandler.java:1640) ~[thymeleaf-3.0.15.RELEASE.jar:3.0.15.RELEASE]
	at org.thymeleaf.engine.CloseElementTag.beHandled(CloseElementTag.java:139) ~[thymeleaf-3.0.15.RELEASE.jar:3.0.15.RELEASE]
	at org.thymeleaf.engine.Model.process(Model.java:282) ~[thymeleaf-3.0.15.RELEASE.jar:3.0.15.RELEASE]
	at org.thymeleaf.engine.Model.process(Model.java:290) ~[thymeleaf-3.0.15.RELEASE.jar:3.0.15.RELEASE]
	at org.thymeleaf.engine.IteratedGatheringModelProcessable.processIterationModel(IteratedGatheringModelProcessable.java:367) ~[thymeleaf-3.0.15.RELEASE.jar:3.0.15.RELEASE]
	at org.thymeleaf.engine.IteratedGatheringModelProcessable.process(IteratedGatheringModelProcessable.java:293) ~[thymeleaf-3.0.15.RELEASE.jar:3.0.15.RELEASE]
	at org.thymeleaf.engine.ProcessorTemplateHandler.handleCloseElement(ProcessorTemplateHandler.java:1640) ~[thymeleaf-3.0.15.RELEASE.jar:3.0.15.RELEASE]
	at org.thymeleaf.engine.CloseElementTag.beHandled(CloseElementTag.java:139) ~[thymeleaf-3.0.15.RELEASE.jar:3.0.15.RELEASE]
	at org.thymeleaf.engine.Model.process(Model.java:282) ~[thymeleaf-3.0.15.RELEASE.jar:3.0.15.RELEASE]
	at org.thymeleaf.engine.ProcessorTemplateHandler.handleOpenElement(ProcessorTemplateHandler.java:1587) ~[thymeleaf-3.0.15.RELEASE.jar:3.0.15.RELEASE]
	at org.thymeleaf.engine.OpenElementTag.beHandled(OpenElementTag.java:205) ~[thymeleaf-3.0.15.RELEASE.jar:3.0.15.RELEASE]
	at org.thymeleaf.engine.Model.process(Model.java:282) ~[thymeleaf-3.0.15.RELEASE.jar:3.0.15.RELEASE]
	at org.thymeleaf.engine.ProcessorTemplateHandler.handleOpenElement(ProcessorTemplateHandler.java:1587) ~[thymeleaf-3.0.15.RELEASE.jar:3.0.15.RELEASE]
	at org.thymeleaf.engine.OpenElementTag.beHandled(OpenElementTag.java:205) ~[thymeleaf-3.0.15.RELEASE.jar:3.0.15.RELEASE]
	at org.thymeleaf.engine.Model.process(Model.java:282) ~[thymeleaf-3.0.15.RELEASE.jar:3.0.15.RELEASE]
	at org.thymeleaf.engine.Model.process(Model.java:290) ~[thymeleaf-3.0.15.RELEASE.jar:3.0.15.RELEASE]
	at org.thymeleaf.engine.GatheringModelProcessable.process(GatheringModelProcessable.java:78) ~[thymeleaf-3.0.15.RELEASE.jar:3.0.15.RELEASE]
	at org.thymeleaf.engine.ProcessorTemplateHandler.handleCloseElement(ProcessorTemplateHandler.java:1640) ~[thymeleaf-3.0.15.RELEASE.jar:3.0.15.RELEASE]
	at org.thymeleaf.engine.TemplateHandlerAdapterMarkupHandler.handleCloseElementEnd(TemplateHandlerAdapterMarkupHandler.java:388) ~[thymeleaf-3.0.15.RELEASE.jar:3.0.15.RELEASE]
	at org.thymeleaf.templateparser.markup.InlinedOutputExpressionMarkupHandler$InlineMarkupAdapterPreProcessorHandler.handleCloseElementEnd(InlinedOutputExpressionMarkupHandler.java:322) ~[thymeleaf-3.0.15.RELEASE.jar:3.0.15.RELEASE]
	at org.thymeleaf.standard.inline.OutputExpressionInlinePreProcessorHandler.handleCloseElementEnd(OutputExpressionInlinePreProcessorHandler.java:220) ~[thymeleaf-3.0.15.RELEASE.jar:3.0.15.RELEASE]
	at org.thymeleaf.templateparser.markup.InlinedOutputExpressionMarkupHandler.handleCloseElementEnd(InlinedOutputExpressionMarkupHandler.java:164) ~[thymeleaf-3.0.15.RELEASE.jar:3.0.15.RELEASE]
	at org.attoparser.HtmlElement.handleCloseElementEnd(HtmlElement.java:169) ~[attoparser-2.0.5.RELEASE.jar:2.0.5.RELEASE]
	at org.attoparser.HtmlMarkupHandler.handleCloseElementEnd(HtmlMarkupHandler.java:412) ~[attoparser-2.0.5.RELEASE.jar:2.0.5.RELEASE]
	at org.attoparser.MarkupEventProcessorHandler.handleCloseElementEnd(MarkupEventProcessorHandler.java:473) ~[attoparser-2.0.5.RELEASE.jar:2.0.5.RELEASE]
	at org.attoparser.ParsingElementMarkupUtil.parseCloseElement(ParsingElementMarkupUtil.java:201) ~[attoparser-2.0.5.RELEASE.jar:2.0.5.RELEASE]
	at org.attoparser.MarkupParser.parseBuffer(MarkupParser.java:725) ~[attoparser-2.0.5.RELEASE.jar:2.0.5.RELEASE]
	at org.attoparser.MarkupParser.parseDocument(MarkupParser.java:301) ~[attoparser-2.0.5.RELEASE.jar:2.0.5.RELEASE]
	at org.attoparser.MarkupParser.parse(MarkupParser.java:257) ~[attoparser-2.0.5.RELEASE.jar:2.0.5.RELEASE]
	at org.thymeleaf.templateparser.markup.AbstractMarkupTemplateParser.parse(AbstractMarkupTemplateParser.java:230) ~[thymeleaf-3.0.15.RELEASE.jar:3.0.15.RELEASE]
	... 89 more
2026-06-04 21:45:50.546 [ERROR] Servlet.service() for servlet [dispatcherServlet] in context with path [] threw exception [Request processing failed; nested exception is org.thymeleaf.exceptions.TemplateInputException: An error happened during template parsing (template: "class path resource [templates/views/main/main.html]")] with root cause
org.springframework.expression.spel.SpelEvaluationException: EL1011E: Method call: Attempted to call method parseInt(java.lang.Integer) on null context object
	at org.springframework.expression.spel.ast.MethodReference.throwIfNotNullSafe(MethodReference.java:154) ~[spring-expression-5.3.27.jar:5.3.27]
	at org.springframework.expression.spel.ast.MethodReference.getValueRef(MethodReference.java:83) ~[spring-expression-5.3.27.jar:5.3.27]
	at org.springframework.expression.spel.ast.CompoundExpression.getValueRef(CompoundExpression.java:71) ~[spring-expression-5.3.27.jar:5.3.27]
	at org.springframework.expression.spel.ast.CompoundExpression.getValueInternal(CompoundExpression.java:92) ~[spring-expression-5.3.27.jar:5.3.27]
	at org.springframework.expression.spel.ast.OpGT.getValueInternal(OpGT.java:47) ~[spring-expression-5.3.27.jar:5.3.27]
	at org.springframework.expression.spel.ast.OpGT.getValueInternal(OpGT.java:37) ~[spring-expression-5.3.27.jar:5.3.27]
	at org.springframework.expression.spel.ast.SpelNodeImpl.getValue(SpelNodeImpl.java:212) ~[spring-expression-5.3.27.jar:5.3.27]
	at org.springframework.expression.spel.ast.OpAnd.getBooleanValue(OpAnd.java:57) ~[spring-expression-5.3.27.jar:5.3.27]
	at org.springframework.expression.spel.ast.OpAnd.getValueInternal(OpAnd.java:48) ~[spring-expression-5.3.27.jar:5.3.27]
	at org.springframework.expression.spel.ast.SpelNodeImpl.getValue(SpelNodeImpl.java:114) ~[spring-expression-5.3.27.jar:5.3.27]
	at org.springframework.expression.spel.standard.SpelExpression.getValue(SpelExpression.java:338) ~[spring-expression-5.3.27.jar:5.3.27]
	at org.thymeleaf.spring5.expression.SPELVariableExpressionEvaluator.evaluate(SPELVariableExpressionEvaluator.java:265) ~[thymeleaf-spring5-3.0.15.RELEASE.jar:3.0.15.RELEASE]
	at org.thymeleaf.standard.expression.VariableExpression.executeVariableExpression(VariableExpression.java:166) ~[thymeleaf-3.0.15.RELEASE.jar:3.0.15.RELEASE]
	at org.thymeleaf.standard.expression.SimpleExpression.executeSimple(SimpleExpression.java:66) ~[thymeleaf-3.0.15.RELEASE.jar:3.0.15.RELEASE]
	at org.thymeleaf.standard.expression.Expression.execute(Expression.java:109) ~[thymeleaf-3.0.15.RELEASE.jar:3.0.15.RELEASE]
	at org.thymeleaf.standard.expression.Expression.execute(Expression.java:138) ~[thymeleaf-3.0.15.RELEASE.jar:3.0.15.RELEASE]
	at org.thymeleaf.standard.expression.Expression.execute(Expression.java:125) ~[thymeleaf-3.0.15.RELEASE.jar:3.0.15.RELEASE]
	at org.thymeleaf.standard.processor.StandardIfTagProcessor.isVisible(StandardIfTagProcessor.java:59) ~[thymeleaf-3.0.15.RELEASE.jar:3.0.15.RELEASE]
	at org.thymeleaf.standard.processor.AbstractStandardConditionalVisibilityTagProcessor.doProcess(AbstractStandardConditionalVisibilityTagProcessor.java:61) ~[thymeleaf-3.0.15.RELEASE.jar:3.0.15.RELEASE]
	at org.thymeleaf.processor.element.AbstractAttributeTagProcessor.doProcess(AbstractAttributeTagProcessor.java:74) ~[thymeleaf-3.0.15.RELEASE.jar:3.0.15.RELEASE]
	at org.thymeleaf.processor.element.AbstractElementTagProcessor.process(AbstractElementTagProcessor.java:95) ~[thymeleaf-3.0.15.RELEASE.jar:3.0.15.RELEASE]
	at org.thymeleaf.util.ProcessorConfigurationUtils$ElementTagProcessorWrapper.process(ProcessorConfigurationUtils.java:633) ~[thymeleaf-3.0.15.RELEASE.jar:3.0.15.RELEASE]
	at org.thymeleaf.engine.ProcessorTemplateHandler.handleOpenElement(ProcessorTemplateHandler.java:1314) ~[thymeleaf-3.0.15.RELEASE.jar:3.0.15.RELEASE]
	at org.thymeleaf.engine.OpenElementTag.beHandled(OpenElementTag.java:205) ~[thymeleaf-3.0.15.RELEASE.jar:3.0.15.RELEASE]
	at org.thymeleaf.engine.Model.process(Model.java:282) ~[thymeleaf-3.0.15.RELEASE.jar:3.0.15.RELEASE]
	at org.thymeleaf.engine.Model.process(Model.java:290) ~[thymeleaf-3.0.15.RELEASE.jar:3.0.15.RELEASE]
	at org.thymeleaf.engine.IteratedGatheringModelProcessable.processIterationModel(IteratedGatheringModelProcessable.java:367) ~[thymeleaf-3.0.15.RELEASE.jar:3.0.15.RELEASE]
	at org.thymeleaf.engine.IteratedGatheringModelProcessable.process(IteratedGatheringModelProcessable.java:221) ~[thymeleaf-3.0.15.RELEASE.jar:3.0.15.RELEASE]
	at org.thymeleaf.engine.ProcessorTemplateHandler.handleCloseElement(ProcessorTemplateHandler.java:1640) ~[thymeleaf-3.0.15.RELEASE.jar:3.0.15.RELEASE]
	at org.thymeleaf.engine.CloseElementTag.beHandled(CloseElementTag.java:139) ~[thymeleaf-3.0.15.RELEASE.jar:3.0.15.RELEASE]
	at org.thymeleaf.engine.Model.process(Model.java:282) ~[thymeleaf-3.0.15.RELEASE.jar:3.0.15.RELEASE]
	at org.thymeleaf.engine.Model.process(Model.java:290) ~[thymeleaf-3.0.15.RELEASE.jar:3.0.15.RELEASE]
	at org.thymeleaf.engine.IteratedGatheringModelProcessable.processIterationModel(IteratedGatheringModelProcessable.java:367) ~[thymeleaf-3.0.15.RELEASE.jar:3.0.15.RELEASE]
	at org.thymeleaf.engine.IteratedGatheringModelProcessable.process(IteratedGatheringModelProcessable.java:293) ~[thymeleaf-3.0.15.RELEASE.jar:3.0.15.RELEASE]
	at org.thymeleaf.engine.ProcessorTemplateHandler.handleCloseElement(ProcessorTemplateHandler.java:1640) ~[thymeleaf-3.0.15.RELEASE.jar:3.0.15.RELEASE]
	at org.thymeleaf.engine.CloseElementTag.beHandled(CloseElementTag.java:139) ~[thymeleaf-3.0.15.RELEASE.jar:3.0.15.RELEASE]
	at org.thymeleaf.engine.Model.process(Model.java:282) ~[thymeleaf-3.0.15.RELEASE.jar:3.0.15.RELEASE]
	at org.thymeleaf.engine.ProcessorTemplateHandler.handleOpenElement(ProcessorTemplateHandler.java:1587) ~[thymeleaf-3.0.15.RELEASE.jar:3.0.15.RELEASE]
	at org.thymeleaf.engine.OpenElementTag.beHandled(OpenElementTag.java:205) ~[thymeleaf-3.0.15.RELEASE.jar:3.0.15.RELEASE]
	at org.thymeleaf.engine.Model.process(Model.java:282) ~[thymeleaf-3.0.15.RELEASE.jar:3.0.15.RELEASE]
	at org.thymeleaf.engine.ProcessorTemplateHandler.handleOpenElement(ProcessorTemplateHandler.java:1587) ~[thymeleaf-3.0.15.RELEASE.jar:3.0.15.RELEASE]
	at org.thymeleaf.engine.OpenElementTag.beHandled(OpenElementTag.java:205) ~[thymeleaf-3.0.15.RELEASE.jar:3.0.15.RELEASE]
	at org.thymeleaf.engine.Model.process(Model.java:282) ~[thymeleaf-3.0.15.RELEASE.jar:3.0.15.RELEASE]
	at org.thymeleaf.engine.Model.process(Model.java:290) ~[thymeleaf-3.0.15.RELEASE.jar:3.0.15.RELEASE]
	at org.thymeleaf.engine.GatheringModelProcessable.process(GatheringModelProcessable.java:78) ~[thymeleaf-3.0.15.RELEASE.jar:3.0.15.RELEASE]
	at org.thymeleaf.engine.ProcessorTemplateHandler.handleCloseElement(ProcessorTemplateHandler.java:1640) ~[thymeleaf-3.0.15.RELEASE.jar:3.0.15.RELEASE]
	at org.thymeleaf.engine.TemplateHandlerAdapterMarkupHandler.handleCloseElementEnd(TemplateHandlerAdapterMarkupHandler.java:388) ~[thymeleaf-3.0.15.RELEASE.jar:3.0.15.RELEASE]
	at org.thymeleaf.templateparser.markup.InlinedOutputExpressionMarkupHandler$InlineMarkupAdapterPreProcessorHandler.handleCloseElementEnd(InlinedOutputExpressionMarkupHandler.java:322) ~[thymeleaf-3.0.15.RELEASE.jar:3.0.15.RELEASE]
	at org.thymeleaf.standard.inline.OutputExpressionInlinePreProcessorHandler.handleCloseElementEnd(OutputExpressionInlinePreProcessorHandler.java:220) ~[thymeleaf-3.0.15.RELEASE.jar:3.0.15.RELEASE]
	at org.thymeleaf.templateparser.markup.InlinedOutputExpressionMarkupHandler.handleCloseElementEnd(InlinedOutputExpressionMarkupHandler.java:164) ~[thymeleaf-3.0.15.RELEASE.jar:3.0.15.RELEASE]
	at org.attoparser.HtmlElement.handleCloseElementEnd(HtmlElement.java:169) ~[attoparser-2.0.5.RELEASE.jar:2.0.5.RELEASE]
	at org.attoparser.HtmlMarkupHandler.handleCloseElementEnd(HtmlMarkupHandler.java:412) ~[attoparser-2.0.5.RELEASE.jar:2.0.5.RELEASE]
	at org.attoparser.MarkupEventProcessorHandler.handleCloseElementEnd(MarkupEventProcessorHandler.java:473) ~[attoparser-2.0.5.RELEASE.jar:2.0.5.RELEASE]
	at org.attoparser.ParsingElementMarkupUtil.parseCloseElement(ParsingElementMarkupUtil.java:201) ~[attoparser-2.0.5.RELEASE.jar:2.0.5.RELEASE]
	at org.attoparser.MarkupParser.parseBuffer(MarkupParser.java:725) ~[attoparser-2.0.5.RELEASE.jar:2.0.5.RELEASE]
	at org.attoparser.MarkupParser.parseDocument(MarkupParser.java:301) ~[attoparser-2.0.5.RELEASE.jar:2.0.5.RELEASE]
	at org.attoparser.MarkupParser.parse(MarkupParser.java:257) ~[attoparser-2.0.5.RELEASE.jar:2.0.5.RELEASE]
	at org.thymeleaf.templateparser.markup.AbstractMarkupTemplateParser.parse(AbstractMarkupTemplateParser.java:230) ~[thymeleaf-3.0.15.RELEASE.jar:3.0.15.RELEASE]
	at org.thymeleaf.templateparser.markup.AbstractMarkupTemplateParser.parseStandalone(AbstractMarkupTemplateParser.java:100) ~[thymeleaf-3.0.15.RELEASE.jar:3.0.15.RELEASE]
	at org.thymeleaf.engine.TemplateManager.parseAndProcess(TemplateManager.java:666) ~[thymeleaf-3.0.15.RELEASE.jar:3.0.15.RELEASE]
	at org.thymeleaf.TemplateEngine.process(TemplateEngine.java:1098) ~[thymeleaf-3.0.15.RELEASE.jar:3.0.15.RELEASE]
	at org.thymeleaf.TemplateEngine.process(TemplateEngine.java:1072) ~[thymeleaf-3.0.15.RELEASE.jar:3.0.15.RELEASE]
	at org.thymeleaf.spring5.view.ThymeleafView.renderFragment(ThymeleafView.java:366) ~[thymeleaf-spring5-3.0.15.RELEASE.jar:3.0.15.RELEASE]
	at org.thymeleaf.spring5.view.ThymeleafView.render(ThymeleafView.java:190) ~[thymeleaf-spring5-3.0.15.RELEASE.jar:3.0.15.RELEASE]
	at org.springframework.web.servlet.DispatcherServlet.render(DispatcherServlet.java:1406) ~[spring-webmvc-5.3.27.jar:5.3.27]
	at org.springframework.web.servlet.DispatcherServlet.processDispatchResult(DispatcherServlet.java:1150) ~[spring-webmvc-5.3.27.jar:5.3.27]
	at org.springframework.web.servlet.DispatcherServlet.doDispatch(DispatcherServlet.java:1089) ~[spring-webmvc-5.3.27.jar:5.3.27]
	at org.springframework.web.servlet.DispatcherServlet.doService(DispatcherServlet.java:965) ~[spring-webmvc-5.3.27.jar:5.3.27]
	at org.springframework.web.servlet.FrameworkServlet.processRequest(FrameworkServlet.java:1006) ~[spring-webmvc-5.3.27.jar:5.3.27]
	at org.springframework.web.servlet.FrameworkServlet.doGet(FrameworkServlet.java:898) ~[spring-webmvc-5.3.27.jar:5.3.27]
	at javax.servlet.http.HttpServlet.service(HttpServlet.java:529) ~[tomcat-embed-core-9.0.75.jar:4.0.FR]
	at org.springframework.web.servlet.FrameworkServlet.service(FrameworkServlet.java:883) ~[spring-webmvc-5.3.27.jar:5.3.27]
	at javax.servlet.http.HttpServlet.service(HttpServlet.java:623) ~[tomcat-embed-core-9.0.75.jar:4.0.FR]
	at org.apache.catalina.core.ApplicationFilterChain.internalDoFilter(ApplicationFilterChain.java:209) ~[tomcat-embed-core-9.0.75.jar:9.0.75]
	at org.apache.catalina.core.ApplicationFilterChain.doFilter(ApplicationFilterChain.java:153) ~[tomcat-embed-core-9.0.75.jar:9.0.75]
	at org.apache.tomcat.websocket.server.WsFilter.doFilter(WsFilter.java:51) ~[tomcat-embed-websocket-9.0.75.jar:9.0.75]
	at org.apache.catalina.core.ApplicationFilterChain.internalDoFilter(ApplicationFilterChain.java:178) ~[tomcat-embed-core-9.0.75.jar:9.0.75]
	at org.apache.catalina.core.ApplicationFilterChain.doFilter(ApplicationFilterChain.java:153) ~[tomcat-embed-core-9.0.75.jar:9.0.75]
	at org.springframework.security.web.FilterChainProxy$VirtualFilterChain.doFilter(FilterChainProxy.java:337) ~[spring-security-web-5.7.8.jar:5.7.8]
	at org.springframework.security.web.access.intercept.FilterSecurityInterceptor.invoke(FilterSecurityInterceptor.java:115) ~[spring-security-web-5.7.8.jar:5.7.8]
	at org.springframework.security.web.access.intercept.FilterSecurityInterceptor.doFilter(FilterSecurityInterceptor.java:81) ~[spring-security-web-5.7.8.jar:5.7.8]
	at org.springframework.security.web.FilterChainProxy$VirtualFilterChain.doFilter(FilterChainProxy.java:346) ~[spring-security-web-5.7.8.jar:5.7.8]
	at org.springframework.security.web.access.ExceptionTranslationFilter.doFilter(ExceptionTranslationFilter.java:122) ~[spring-security-web-5.7.8.jar:5.7.8]
	at org.springframework.security.web.access.ExceptionTranslationFilter.doFilter(ExceptionTranslationFilter.java:116) ~[spring-security-web-5.7.8.jar:5.7.8]
	at org.springframework.security.web.FilterChainProxy$VirtualFilterChain.doFilter(FilterChainProxy.java:346) ~[spring-security-web-5.7.8.jar:5.7.8]
	at org.springframework.security.web.session.SessionManagementFilter.doFilter(SessionManagementFilter.java:126) ~[spring-security-web-5.7.8.jar:5.7.8]
	at org.springframework.security.web.session.SessionManagementFilter.doFilter(SessionManagementFilter.java:81) ~[spring-security-web-5.7.8.jar:5.7.8]
	at org.springframework.security.web.FilterChainProxy$VirtualFilterChain.doFilter(FilterChainProxy.java:346) ~[spring-security-web-5.7.8.jar:5.7.8]
	at org.springframework.security.web.authentication.AnonymousAuthenticationFilter.doFilter(AnonymousAuthenticationFilter.java:109) ~[spring-security-web-5.7.8.jar:5.7.8]
	at org.springframework.security.web.FilterChainProxy$VirtualFilterChain.doFilter(FilterChainProxy.java:346) ~[spring-security-web-5.7.8.jar:5.7.8]
	at org.springframework.security.web.servletapi.SecurityContextHolderAwareRequestFilter.doFilter(SecurityContextHolderAwareRequestFilter.java:149) ~[spring-security-web-5.7.8.jar:5.7.8]
	at org.springframework.security.web.FilterChainProxy$VirtualFilterChain.doFilter(FilterChainProxy.java:346) ~[spring-security-web-5.7.8.jar:5.7.8]
	at org.springframework.security.web.savedrequest.RequestCacheAwareFilter.doFilter(RequestCacheAwareFilter.java:63) ~[spring-security-web-5.7.8.jar:5.7.8]
	at org.springframework.security.web.FilterChainProxy$VirtualFilterChain.doFilter(FilterChainProxy.java:346) ~[spring-security-web-5.7.8.jar:5.7.8]
	at org.springframework.security.web.authentication.AbstractAuthenticationProcessingFilter.doFilter(AbstractAuthenticationProcessingFilter.java:223) ~[spring-security-web-5.7.8.jar:5.7.8]
	at org.springframework.security.web.authentication.AbstractAuthenticationProcessingFilter.doFilter(AbstractAuthenticationProcessingFilter.java:217) ~[spring-security-web-5.7.8.jar:5.7.8]
	at org.springframework.security.web.FilterChainProxy$VirtualFilterChain.doFilter(FilterChainProxy.java:346) ~[spring-security-web-5.7.8.jar:5.7.8]
	at org.springframework.security.web.authentication.logout.LogoutFilter.doFilter(LogoutFilter.java:103) ~[spring-security-web-5.7.8.jar:5.7.8]
	at org.springframework.security.web.authentication.logout.LogoutFilter.doFilter(LogoutFilter.java:89) ~[spring-security-web-5.7.8.jar:5.7.8]
	at org.springframework.security.web.FilterChainProxy$VirtualFilterChain.doFilter(FilterChainProxy.java:346) ~[spring-security-web-5.7.8.jar:5.7.8]
	at org.springframework.security.web.header.HeaderWriterFilter.doHeadersAfter(HeaderWriterFilter.java:90) ~[spring-security-web-5.7.8.jar:5.7.8]
	at org.springframework.security.web.header.HeaderWriterFilter.doFilterInternal(HeaderWriterFilter.java:75) ~[spring-security-web-5.7.8.jar:5.7.8]
	at org.springframework.web.filter.OncePerRequestFilter.doFilter(OncePerRequestFilter.java:117) ~[spring-web-5.3.27.jar:5.3.27]
	at org.springframework.security.web.FilterChainProxy$VirtualFilterChain.doFilter(FilterChainProxy.java:346) ~[spring-security-web-5.7.8.jar:5.7.8]
	at org.springframework.security.web.context.SecurityContextPersistenceFilter.doFilter(SecurityContextPersistenceFilter.java:112) ~[spring-security-web-5.7.8.jar:5.7.8]
	at org.springframework.security.web.context.SecurityContextPersistenceFilter.doFilter(SecurityContextPersistenceFilter.java:82) ~[spring-security-web-5.7.8.jar:5.7.8]
	at org.springframework.security.web.FilterChainProxy$VirtualFilterChain.doFilter(FilterChainProxy.java:346) ~[spring-security-web-5.7.8.jar:5.7.8]
	at org.springframework.security.web.context.request.async.WebAsyncManagerIntegrationFilter.doFilterInternal(WebAsyncManagerIntegrationFilter.java:55) ~[spring-security-web-5.7.8.jar:5.7.8]
	at org.springframework.web.filter.OncePerRequestFilter.doFilter(OncePerRequestFilter.java:117) ~[spring-web-5.3.27.jar:5.3.27]
	at org.springframework.security.web.FilterChainProxy$VirtualFilterChain.doFilter(FilterChainProxy.java:346) ~[spring-security-web-5.7.8.jar:5.7.8]
	at org.springframework.security.web.session.DisableEncodeUrlFilter.doFilterInternal(DisableEncodeUrlFilter.java:42) ~[spring-security-web-5.7.8.jar:5.7.8]
	at org.springframework.web.filter.OncePerRequestFilter.doFilter(OncePerRequestFilter.java:117) ~[spring-web-5.3.27.jar:5.3.27]
	at org.springframework.security.web.FilterChainProxy$VirtualFilterChain.doFilter(FilterChainProxy.java:346) ~[spring-security-web-5.7.8.jar:5.7.8]
	at org.springframework.security.web.FilterChainProxy.doFilterInternal(FilterChainProxy.java:221) ~[spring-security-web-5.7.8.jar:5.7.8]
	at org.springframework.security.web.FilterChainProxy.doFilter(FilterChainProxy.java:186) ~[spring-security-web-5.7.8.jar:5.7.8]
	at org.springframework.web.filter.DelegatingFilterProxy.invokeDelegate(DelegatingFilterProxy.java:354) ~[spring-web-5.3.27.jar:5.3.27]
	at org.springframework.web.filter.DelegatingFilterProxy.doFilter(DelegatingFilterProxy.java:267) ~[spring-web-5.3.27.jar:5.3.27]
	at org.apache.catalina.core.ApplicationFilterChain.internalDoFilter(ApplicationFilterChain.java:178) ~[tomcat-embed-core-9.0.75.jar:9.0.75]
	at org.apache.catalina.core.ApplicationFilterChain.doFilter(ApplicationFilterChain.java:153) ~[tomcat-embed-core-9.0.75.jar:9.0.75]
	at org.springframework.web.filter.RequestContextFilter.doFilterInternal(RequestContextFilter.java:100) ~[spring-web-5.3.27.jar:5.3.27]
	at org.springframework.web.filter.OncePerRequestFilter.doFilter(OncePerRequestFilter.java:117) ~[spring-web-5.3.27.jar:5.3.27]
	at org.apache.catalina.core.ApplicationFilterChain.internalDoFilter(ApplicationFilterChain.java:178) ~[tomcat-embed-core-9.0.75.jar:9.0.75]
	at org.apache.catalina.core.ApplicationFilterChain.doFilter(ApplicationFilterChain.java:153) ~[tomcat-embed-core-9.0.75.jar:9.0.75]
	at org.springframework.web.filter.FormContentFilter.doFilterInternal(FormContentFilter.java:93) ~[spring-web-5.3.27.jar:5.3.27]
	at org.springframework.web.filter.OncePerRequestFilter.doFilter(OncePerRequestFilter.java:117) ~[spring-web-5.3.27.jar:5.3.27]
	at org.apache.catalina.core.ApplicationFilterChain.internalDoFilter(ApplicationFilterChain.java:178) ~[tomcat-embed-core-9.0.75.jar:9.0.75]
	at org.apache.catalina.core.ApplicationFilterChain.doFilter(ApplicationFilterChain.java:153) ~[tomcat-embed-core-9.0.75.jar:9.0.75]
	at org.springframework.web.filter.CharacterEncodingFilter.doFilterInternal(CharacterEncodingFilter.java:201) ~[spring-web-5.3.27.jar:5.3.27]
	at org.springframework.web.filter.OncePerRequestFilter.doFilter(OncePerRequestFilter.java:117) ~[spring-web-5.3.27.jar:5.3.27]
	at org.apache.catalina.core.ApplicationFilterChain.internalDoFilter(ApplicationFilterChain.java:178) ~[tomcat-embed-core-9.0.75.jar:9.0.75]
	at org.apache.catalina.core.ApplicationFilterChain.doFilter(ApplicationFilterChain.java:153) ~[tomcat-embed-core-9.0.75.jar:9.0.75]
	at org.apache.catalina.core.StandardWrapperValve.invoke(StandardWrapperValve.java:167) ~[tomcat-embed-core-9.0.75.jar:9.0.75]
	at org.apache.catalina.core.StandardContextValve.invoke(StandardContextValve.java:90) ~[tomcat-embed-core-9.0.75.jar:9.0.75]
	at org.apache.catalina.authenticator.AuthenticatorBase.invoke(AuthenticatorBase.java:481) ~[tomcat-embed-core-9.0.75.jar:9.0.75]
	at org.apache.catalina.core.StandardHostValve.invoke(StandardHostValve.java:130) ~[tomcat-embed-core-9.0.75.jar:9.0.75]
	at org.apache.catalina.valves.ErrorReportValve.invoke(ErrorReportValve.java:93) ~[tomcat-embed-core-9.0.75.jar:9.0.75]
	at org.apache.catalina.core.StandardEngineValve.invoke(StandardEngineValve.java:74) ~[tomcat-embed-core-9.0.75.jar:9.0.75]
	at org.apache.catalina.connector.CoyoteAdapter.service(CoyoteAdapter.java:343) ~[tomcat-embed-core-9.0.75.jar:9.0.75]
	at org.apache.coyote.http11.Http11Processor.service(Http11Processor.java:390) ~[tomcat-embed-core-9.0.75.jar:9.0.75]
	at org.apache.coyote.AbstractProcessorLight.process(AbstractProcessorLight.java:63) ~[tomcat-embed-core-9.0.75.jar:9.0.75]
	at org.apache.coyote.AbstractProtocol$ConnectionHandler.process(AbstractProtocol.java:926) ~[tomcat-embed-core-9.0.75.jar:9.0.75]
	at org.apache.tomcat.util.net.NioEndpoint$SocketProcessor.doRun(NioEndpoint.java:1791) ~[tomcat-embed-core-9.0.75.jar:9.0.75]
	at org.apache.tomcat.util.net.SocketProcessorBase.run(SocketProcessorBase.java:52) ~[tomcat-embed-core-9.0.75.jar:9.0.75]
	at org.apache.tomcat.util.threads.ThreadPoolExecutor.runWorker(ThreadPoolExecutor.java:1191) ~[tomcat-embed-core-9.0.75.jar:9.0.75]
	at org.apache.tomcat.util.threads.ThreadPoolExecutor$Worker.run(ThreadPoolExecutor.java:659) ~[tomcat-embed-core-9.0.75.jar:9.0.75]
	at org.apache.tomcat.util.threads.TaskThread$WrappingRunnable.run(TaskThread.java:61) ~[tomcat-embed-core-9.0.75.jar:9.0.75]
	at java.lang.Thread.run(Thread.java:834) ~[?:?]
2026-06-04 21:45:50.652 [ERROR] Cannot render error page for request [/] and exception [An error happened during template parsing (template: "class path resource [templates/views/main/main.html]")] as the response has already been committed. As a result, the response may have the wrong status code.
2026-06-04 21:46:34.106 [INFO ] Closing JPA EntityManagerFactory for persistence unit 'default'
2026-06-04 21:46:34.109 [INFO ] HikariPool-1 - Shutdown initiated...
2026-06-04 21:46:34.113 [INFO ] HikariPool-1 - Shutdown completed.
2026-06-04 21:47:00.863 [INFO ] Starting RadarWebApplication using Java 11.0.2 on haems with PID 29688 (C:\0003_kimsn\kimsn\radar-web\build\classes\java\main started by imeahmik in C:\0003_kimsn\kimsn)
2026-06-04 21:47:00.879 [DEBUG] Running with Spring Boot v2.7.12, Spring v5.3.27
2026-06-04 21:47:00.880 [INFO ] No active profile set, falling back to 1 default profile: "default"
2026-06-04 21:47:01.326 [INFO ] Devtools property defaults active! Set 'spring.devtools.add-properties' to 'false' to disable
2026-06-04 21:47:01.327 [INFO ] For additional web related logging consider setting the 'logging.level.web' property to 'DEBUG'
2026-06-04 21:47:02.781 [INFO ] Bootstrapping Spring Data JPA repositories in DEFAULT mode.
2026-06-04 21:47:03.156 [INFO ] Finished Spring Data repository scanning in 359 ms. Found 24 JPA repository interfaces.
2026-06-04 21:47:04.835 [INFO ] Tomcat initialized with port(s): 8700 (http)
2026-06-04 21:47:04.852 [INFO ] Initializing ProtocolHandler ["http-nio-8700"]
2026-06-04 21:47:04.853 [INFO ] Starting service [Tomcat]
2026-06-04 21:47:04.853 [INFO ] Starting Servlet engine: [Apache Tomcat/9.0.75]
2026-06-04 21:47:05.160 [INFO ] Initializing Spring embedded WebApplicationContext
2026-06-04 21:47:05.161 [INFO ] Root WebApplicationContext: initialization completed in 3833 ms
2026-06-04 21:47:05.328 [INFO ] HikariPool-1 - Starting...
2026-06-04 21:47:05.715 [INFO ] HikariPool-1 - Start completed.
2026-06-04 21:47:05.866 [INFO ] HHH000204: Processing PersistenceUnitInfo [name: default]
2026-06-04 21:47:05.990 [INFO ] HHH000412: Hibernate ORM core version 5.6.15.Final
2026-06-04 21:47:06.320 [INFO ] HCANN000001: Hibernate Commons Annotations {5.1.2.Final}
2026-06-04 21:47:06.675 [INFO ] HHH000400: Using dialect: org.hibernate.dialect.MySQL8Dialect
2026-06-04 21:47:08.233 [INFO ] HHH000490: Using JtaPlatform implementation: [org.hibernate.engine.transaction.jta.platform.internal.NoJtaPlatform]
2026-06-04 21:47:08.267 [INFO ] Initialized JPA EntityManagerFactory for persistence unit 'default'
2026-06-04 21:47:10.033 [INFO ] Will secure any request with [org.springframework.security.web.session.DisableEncodeUrlFilter@35f7a646, org.springframework.security.web.context.request.async.WebAsyncManagerIntegrationFilter@5b9edcf8, org.springframework.security.web.context.SecurityContextPersistenceFilter@7226b4d0, org.springframework.security.web.header.HeaderWriterFilter@69be6db5, org.springframework.security.web.authentication.logout.LogoutFilter@3db3d539, org.springframework.security.web.authentication.UsernamePasswordAuthenticationFilter@3e5f8486, org.springframework.security.web.savedrequest.RequestCacheAwareFilter@1b57c0c2, org.springframework.security.web.servletapi.SecurityContextHolderAwareRequestFilter@6e260f39, org.springframework.security.web.authentication.AnonymousAuthenticationFilter@192718b9, org.springframework.security.web.session.SessionManagementFilter@1f3a20e9, org.springframework.security.web.access.ExceptionTranslationFilter@6aefd48, org.springframework.security.web.access.intercept.FilterSecurityInterceptor@ab0ed10]
2026-06-04 21:47:10.340 [WARN ] spring.jpa.open-in-view is enabled by default. Therefore, database queries may be performed during view rendering. Explicitly configure spring.jpa.open-in-view to disable this warning
2026-06-04 21:47:11.567 [INFO ] LiveReload server is running on port 35729
2026-06-04 21:47:11.587 [INFO ] Starting ProtocolHandler ["http-nio-8700"]
2026-06-04 21:47:11.622 [INFO ] Tomcat started on port(s): 8700 (http) with context path ''
2026-06-04 21:47:11.638 [INFO ] Started RadarWebApplication in 11.726 seconds (JVM running for 14.479)
2026-06-04 21:47:29.612 [INFO ] Initializing Spring DispatcherServlet 'dispatcherServlet'
2026-06-04 21:47:29.612 [INFO ] Initializing Servlet 'dispatcherServlet'
2026-06-04 21:47:29.614 [INFO ] Completed initialization in 2 ms
2026-06-04 21:47:29.803 [INFO ] loginUser ::::: test
2026-06-04 21:48:05.123 [INFO ] loginUser ::::: test
2026-06-04 21:48:35.546 [INFO ] loginUser ::::: test
2026-06-04 21:49:06.366 [INFO ] loginUser ::::: test
2026-06-04 21:49:20.275 [INFO ] Closing JPA EntityManagerFactory for persistence unit 'default'
2026-06-04 21:49:20.282 [INFO ] HikariPool-1 - Shutdown initiated...
2026-06-04 21:49:20.294 [INFO ] HikariPool-1 - Shutdown completed.
2026-06-04 21:49:50.057 [INFO ] Starting RadarWebApplication using Java 11.0.2 on haems with PID 9656 (C:\0003_kimsn\kimsn\radar-web\build\classes\java\main started by imeahmik in C:\0003_kimsn\kimsn)
2026-06-04 21:49:50.076 [DEBUG] Running with Spring Boot v2.7.12, Spring v5.3.27
2026-06-04 21:49:50.078 [INFO ] No active profile set, falling back to 1 default profile: "default"
2026-06-04 21:49:50.823 [INFO ] Devtools property defaults active! Set 'spring.devtools.add-properties' to 'false' to disable
2026-06-04 21:49:50.823 [INFO ] For additional web related logging consider setting the 'logging.level.web' property to 'DEBUG'
2026-06-04 21:49:52.302 [INFO ] Bootstrapping Spring Data JPA repositories in DEFAULT mode.
2026-06-04 21:49:52.720 [INFO ] Finished Spring Data repository scanning in 397 ms. Found 24 JPA repository interfaces.
2026-06-04 21:49:54.375 [INFO ] Tomcat initialized with port(s): 8700 (http)
2026-06-04 21:49:54.397 [INFO ] Initializing ProtocolHandler ["http-nio-8700"]
2026-06-04 21:49:54.397 [INFO ] Starting service [Tomcat]
2026-06-04 21:49:54.397 [INFO ] Starting Servlet engine: [Apache Tomcat/9.0.75]
2026-06-04 21:49:54.649 [INFO ] Initializing Spring embedded WebApplicationContext
2026-06-04 21:49:54.649 [INFO ] Root WebApplicationContext: initialization completed in 3823 ms
2026-06-04 21:49:54.826 [INFO ] HikariPool-1 - Starting...
2026-06-04 21:49:55.228 [INFO ] HikariPool-1 - Start completed.
2026-06-04 21:49:55.392 [INFO ] HHH000204: Processing PersistenceUnitInfo [name: default]
2026-06-04 21:49:55.514 [INFO ] HHH000412: Hibernate ORM core version 5.6.15.Final
2026-06-04 21:49:56.007 [INFO ] HCANN000001: Hibernate Commons Annotations {5.1.2.Final}
2026-06-04 21:49:56.507 [INFO ] HHH000400: Using dialect: org.hibernate.dialect.MySQL8Dialect
2026-06-04 21:49:58.482 [INFO ] HHH000490: Using JtaPlatform implementation: [org.hibernate.engine.transaction.jta.platform.internal.NoJtaPlatform]
2026-06-04 21:49:58.514 [INFO ] Initialized JPA EntityManagerFactory for persistence unit 'default'
2026-06-04 21:50:00.755 [INFO ] Will secure any request with [org.springframework.security.web.session.DisableEncodeUrlFilter@410bbcf8, org.springframework.security.web.context.request.async.WebAsyncManagerIntegrationFilter@132eb48b, org.springframework.security.web.context.SecurityContextPersistenceFilter@46378d0a, org.springframework.security.web.header.HeaderWriterFilter@20796271, org.springframework.security.web.authentication.logout.LogoutFilter@625cea24, org.springframework.security.web.authentication.UsernamePasswordAuthenticationFilter@3a78441d, org.springframework.security.web.savedrequest.RequestCacheAwareFilter@6a941f68, org.springframework.security.web.servletapi.SecurityContextHolderAwareRequestFilter@25ae7024, org.springframework.security.web.authentication.AnonymousAuthenticationFilter@6b8e425f, org.springframework.security.web.session.SessionManagementFilter@4128b73e, org.springframework.security.web.access.ExceptionTranslationFilter@260b125a, org.springframework.security.web.access.intercept.FilterSecurityInterceptor@7f7981bf]
2026-06-04 21:50:00.995 [WARN ] spring.jpa.open-in-view is enabled by default. Therefore, database queries may be performed during view rendering. Explicitly configure spring.jpa.open-in-view to disable this warning
2026-06-04 21:50:02.260 [INFO ] LiveReload server is running on port 35729
2026-06-04 21:50:02.281 [INFO ] Starting ProtocolHandler ["http-nio-8700"]
2026-06-04 21:50:02.309 [INFO ] Tomcat started on port(s): 8700 (http) with context path ''
2026-06-04 21:50:02.319 [INFO ] Started RadarWebApplication in 13.478 seconds (JVM running for 16.993)
2026-06-04 21:50:20.748 [INFO ] Initializing Spring DispatcherServlet 'dispatcherServlet'
2026-06-04 21:50:20.749 [INFO ] Initializing Servlet 'dispatcherServlet'
2026-06-04 21:50:20.751 [INFO ] Completed initialization in 2 ms
2026-06-04 21:50:20.944 [INFO ] loginUser ::::: test
2026-06-04 21:50:21.705 [INFO ] loginUser ::::: test
2026-06-04 21:52:06.040 [INFO ] Closing JPA EntityManagerFactory for persistence unit 'default'
2026-06-04 21:52:06.043 [INFO ] HikariPool-1 - Shutdown initiated...
2026-06-04 21:52:06.046 [INFO ] HikariPool-1 - Shutdown completed.
2026-06-04 21:52:36.689 [INFO ] Starting RadarWebApplication using Java 11.0.2 on haems with PID 28264 (C:\0003_kimsn\kimsn\radar-web\build\classes\java\main started by imeahmik in C:\0003_kimsn\kimsn)
2026-06-04 21:52:36.703 [DEBUG] Running with Spring Boot v2.7.12, Spring v5.3.27
2026-06-04 21:52:36.704 [INFO ] No active profile set, falling back to 1 default profile: "default"
2026-06-04 21:52:37.332 [INFO ] Devtools property defaults active! Set 'spring.devtools.add-properties' to 'false' to disable
2026-06-04 21:52:37.333 [INFO ] For additional web related logging consider setting the 'logging.level.web' property to 'DEBUG'
2026-06-04 21:52:38.929 [INFO ] Bootstrapping Spring Data JPA repositories in DEFAULT mode.
2026-06-04 21:52:39.416 [INFO ] Finished Spring Data repository scanning in 463 ms. Found 24 JPA repository interfaces.
2026-06-04 21:52:42.609 [INFO ] Tomcat initialized with port(s): 8700 (http)
2026-06-04 21:52:42.657 [INFO ] Initializing ProtocolHandler ["http-nio-8700"]
2026-06-04 21:52:42.658 [INFO ] Starting service [Tomcat]
2026-06-04 21:52:42.658 [INFO ] Starting Servlet engine: [Apache Tomcat/9.0.75]
2026-06-04 21:52:43.244 [INFO ] Initializing Spring embedded WebApplicationContext
2026-06-04 21:52:43.244 [INFO ] Root WebApplicationContext: initialization completed in 5909 ms
2026-06-04 21:52:43.567 [INFO ] HikariPool-1 - Starting...
2026-06-04 21:52:44.259 [INFO ] HikariPool-1 - Start completed.
2026-06-04 21:52:44.561 [INFO ] HHH000204: Processing PersistenceUnitInfo [name: default]
2026-06-04 21:52:44.762 [INFO ] HHH000412: Hibernate ORM core version 5.6.15.Final
2026-06-04 21:52:45.351 [INFO ] HCANN000001: Hibernate Commons Annotations {5.1.2.Final}
2026-06-04 21:52:45.845 [INFO ] HHH000400: Using dialect: org.hibernate.dialect.MySQL8Dialect
2026-06-04 21:52:48.392 [INFO ] HHH000490: Using JtaPlatform implementation: [org.hibernate.engine.transaction.jta.platform.internal.NoJtaPlatform]
2026-06-04 21:52:48.439 [INFO ] Initialized JPA EntityManagerFactory for persistence unit 'default'
2026-06-04 21:52:51.238 [INFO ] Will secure any request with [org.springframework.security.web.session.DisableEncodeUrlFilter@12419ec1, org.springframework.security.web.context.request.async.WebAsyncManagerIntegrationFilter@4120cb10, org.springframework.security.web.context.SecurityContextPersistenceFilter@2fb14acc, org.springframework.security.web.header.HeaderWriterFilter@17a1b679, org.springframework.security.web.authentication.logout.LogoutFilter@691a220d, org.springframework.security.web.authentication.UsernamePasswordAuthenticationFilter@2830ab5d, org.springframework.security.web.savedrequest.RequestCacheAwareFilter@4d3fc4b, org.springframework.security.web.servletapi.SecurityContextHolderAwareRequestFilter@2a1636b7, org.springframework.security.web.authentication.AnonymousAuthenticationFilter@6c67ea2a, org.springframework.security.web.session.SessionManagementFilter@45c33633, org.springframework.security.web.access.ExceptionTranslationFilter@77a856e3, org.springframework.security.web.access.intercept.FilterSecurityInterceptor@13a6ea7e]
2026-06-04 21:52:51.721 [WARN ] spring.jpa.open-in-view is enabled by default. Therefore, database queries may be performed during view rendering. Explicitly configure spring.jpa.open-in-view to disable this warning
2026-06-04 21:52:53.635 [INFO ] LiveReload server is running on port 35729
2026-06-04 21:52:53.675 [INFO ] Starting ProtocolHandler ["http-nio-8700"]
2026-06-04 21:52:53.737 [INFO ] Tomcat started on port(s): 8700 (http) with context path ''
2026-06-04 21:52:53.766 [INFO ] Started RadarWebApplication in 18.506 seconds (JVM running for 22.783)
2026-06-04 21:54:25.712 [INFO ] Closing JPA EntityManagerFactory for persistence unit 'default'
2026-06-04 21:54:25.717 [INFO ] HikariPool-1 - Shutdown initiated...
2026-06-04 21:54:25.721 [INFO ] HikariPool-1 - Shutdown completed.
2026-06-04 21:54:49.469 [INFO ] Starting RadarWebApplication using Java 11.0.2 on haems with PID 28032 (C:\0003_kimsn\kimsn\radar-web\build\classes\java\main started by imeahmik in C:\0003_kimsn\kimsn)
2026-06-04 21:54:49.483 [DEBUG] Running with Spring Boot v2.7.12, Spring v5.3.27
2026-06-04 21:54:49.485 [INFO ] No active profile set, falling back to 1 default profile: "default"
2026-06-04 21:54:49.849 [INFO ] Devtools property defaults active! Set 'spring.devtools.add-properties' to 'false' to disable
2026-06-04 21:54:49.849 [INFO ] For additional web related logging consider setting the 'logging.level.web' property to 'DEBUG'
2026-06-04 21:54:51.200 [INFO ] Bootstrapping Spring Data JPA repositories in DEFAULT mode.
2026-06-04 21:54:51.506 [INFO ] Finished Spring Data repository scanning in 288 ms. Found 24 JPA repository interfaces.
2026-06-04 21:54:53.057 [INFO ] Tomcat initialized with port(s): 8700 (http)
2026-06-04 21:54:53.071 [INFO ] Initializing ProtocolHandler ["http-nio-8700"]
2026-06-04 21:54:53.071 [INFO ] Starting service [Tomcat]
2026-06-04 21:54:53.072 [INFO ] Starting Servlet engine: [Apache Tomcat/9.0.75]
2026-06-04 21:54:53.316 [INFO ] Initializing Spring embedded WebApplicationContext
2026-06-04 21:54:53.317 [INFO ] Root WebApplicationContext: initialization completed in 3466 ms
2026-06-04 21:54:53.442 [INFO ] HikariPool-1 - Starting...
2026-06-04 21:54:53.765 [INFO ] HikariPool-1 - Start completed.
2026-06-04 21:54:53.905 [INFO ] HHH000204: Processing PersistenceUnitInfo [name: default]
2026-06-04 21:54:54.025 [INFO ] HHH000412: Hibernate ORM core version 5.6.15.Final
2026-06-04 21:54:54.356 [INFO ] HCANN000001: Hibernate Commons Annotations {5.1.2.Final}
2026-06-04 21:54:54.633 [INFO ] HHH000400: Using dialect: org.hibernate.dialect.MySQL8Dialect
2026-06-04 21:54:55.949 [INFO ] HHH000490: Using JtaPlatform implementation: [org.hibernate.engine.transaction.jta.platform.internal.NoJtaPlatform]
2026-06-04 21:54:55.974 [INFO ] Initialized JPA EntityManagerFactory for persistence unit 'default'
2026-06-04 21:54:57.622 [INFO ] Will secure any request with [org.springframework.security.web.session.DisableEncodeUrlFilter@84d4c6a, org.springframework.security.web.context.request.async.WebAsyncManagerIntegrationFilter@6cabf5f6, org.springframework.security.web.context.SecurityContextPersistenceFilter@e29d545, org.springframework.security.web.header.HeaderWriterFilter@6e52623f, org.springframework.security.web.authentication.logout.LogoutFilter@67c203eb, org.springframework.security.web.authentication.UsernamePasswordAuthenticationFilter@52bc865, org.springframework.security.web.savedrequest.RequestCacheAwareFilter@814f600, org.springframework.security.web.servletapi.SecurityContextHolderAwareRequestFilter@450e68d9, org.springframework.security.web.authentication.AnonymousAuthenticationFilter@371870e6, org.springframework.security.web.session.SessionManagementFilter@4610d420, org.springframework.security.web.access.ExceptionTranslationFilter@2dea5f03, org.springframework.security.web.access.intercept.FilterSecurityInterceptor@2ac50a33]
2026-06-04 21:54:57.890 [WARN ] spring.jpa.open-in-view is enabled by default. Therefore, database queries may be performed during view rendering. Explicitly configure spring.jpa.open-in-view to disable this warning
2026-06-04 21:54:58.944 [INFO ] LiveReload server is running on port 35729
2026-06-04 21:54:58.963 [INFO ] Starting ProtocolHandler ["http-nio-8700"]
2026-06-04 21:54:58.989 [INFO ] Tomcat started on port(s): 8700 (http) with context path ''
2026-06-04 21:54:59.001 [INFO ] Started RadarWebApplication in 10.439 seconds (JVM running for 13.255)
2026-06-04 21:55:41.861 [INFO ] Initializing Spring DispatcherServlet 'dispatcherServlet'
2026-06-04 21:55:41.861 [INFO ] Initializing Servlet 'dispatcherServlet'
2026-06-04 21:55:41.863 [INFO ] Completed initialization in 2 ms
2026-06-04 21:55:42.051 [INFO ] loginUser ::::: test
2026-06-04 21:59:19.022 [INFO ] Closing JPA EntityManagerFactory for persistence unit 'default'
2026-06-04 21:59:19.024 [INFO ] HikariPool-1 - Shutdown initiated...
2026-06-04 21:59:19.027 [INFO ] HikariPool-1 - Shutdown completed.
2026-06-04 21:59:45.180 [INFO ] Starting RadarWebApplication using Java 11.0.2 on haems with PID 8636 (C:\0003_kimsn\kimsn\radar-web\build\classes\java\main started by imeahmik in C:\0003_kimsn\kimsn)
2026-06-04 21:59:45.211 [DEBUG] Running with Spring Boot v2.7.12, Spring v5.3.27
2026-06-04 21:59:45.215 [INFO ] No active profile set, falling back to 1 default profile: "default"
2026-06-04 21:59:45.851 [INFO ] Devtools property defaults active! Set 'spring.devtools.add-properties' to 'false' to disable
2026-06-04 21:59:45.852 [INFO ] For additional web related logging consider setting the 'logging.level.web' property to 'DEBUG'
2026-06-04 21:59:47.325 [INFO ] Bootstrapping Spring Data JPA repositories in DEFAULT mode.
2026-06-04 21:59:47.629 [INFO ] Finished Spring Data repository scanning in 289 ms. Found 24 JPA repository interfaces.
2026-06-04 21:59:49.151 [INFO ] Tomcat initialized with port(s): 8700 (http)
2026-06-04 21:59:49.167 [INFO ] Initializing ProtocolHandler ["http-nio-8700"]
2026-06-04 21:59:49.168 [INFO ] Starting service [Tomcat]
2026-06-04 21:59:49.168 [INFO ] Starting Servlet engine: [Apache Tomcat/9.0.75]
2026-06-04 21:59:49.426 [INFO ] Initializing Spring embedded WebApplicationContext
2026-06-04 21:59:49.427 [INFO ] Root WebApplicationContext: initialization completed in 3574 ms
2026-06-04 21:59:49.553 [INFO ] HikariPool-1 - Starting...
2026-06-04 21:59:49.952 [INFO ] HikariPool-1 - Start completed.
2026-06-04 21:59:50.099 [INFO ] HHH000204: Processing PersistenceUnitInfo [name: default]
2026-06-04 21:59:50.235 [INFO ] HHH000412: Hibernate ORM core version 5.6.15.Final
2026-06-04 21:59:50.576 [INFO ] HCANN000001: Hibernate Commons Annotations {5.1.2.Final}
2026-06-04 21:59:50.857 [INFO ] HHH000400: Using dialect: org.hibernate.dialect.MySQL8Dialect
2026-06-04 21:59:52.404 [INFO ] HHH000490: Using JtaPlatform implementation: [org.hibernate.engine.transaction.jta.platform.internal.NoJtaPlatform]
2026-06-04 21:59:52.439 [INFO ] Initialized JPA EntityManagerFactory for persistence unit 'default'
2026-06-04 21:59:54.689 [INFO ] Will secure any request with [org.springframework.security.web.session.DisableEncodeUrlFilter@3e240b64, org.springframework.security.web.context.request.async.WebAsyncManagerIntegrationFilter@7bfe3fd9, org.springframework.security.web.context.SecurityContextPersistenceFilter@60589356, org.springframework.security.web.header.HeaderWriterFilter@296769e8, org.springframework.security.web.authentication.logout.LogoutFilter@1e52e5af, org.springframework.security.web.authentication.UsernamePasswordAuthenticationFilter@678ca47e, org.springframework.security.web.savedrequest.RequestCacheAwareFilter@5d9831d9, org.springframework.security.web.servletapi.SecurityContextHolderAwareRequestFilter@6045ee13, org.springframework.security.web.authentication.AnonymousAuthenticationFilter@7953cb8c, org.springframework.security.web.session.SessionManagementFilter@2ffdb92d, org.springframework.security.web.access.ExceptionTranslationFilter@510108ef, org.springframework.security.web.access.intercept.FilterSecurityInterceptor@35e68b01]
2026-06-04 21:59:55.066 [WARN ] spring.jpa.open-in-view is enabled by default. Therefore, database queries may be performed during view rendering. Explicitly configure spring.jpa.open-in-view to disable this warning
2026-06-04 21:59:56.925 [INFO ] LiveReload server is running on port 35729
2026-06-04 21:59:56.955 [INFO ] Starting ProtocolHandler ["http-nio-8700"]
2026-06-04 21:59:56.991 [INFO ] Tomcat started on port(s): 8700 (http) with context path ''
2026-06-04 21:59:57.003 [INFO ] Started RadarWebApplication in 13.001 seconds (JVM running for 16.234)
2026-06-04 22:00:36.614 [INFO ] Initializing Spring DispatcherServlet 'dispatcherServlet'
2026-06-04 22:00:36.615 [INFO ] Initializing Servlet 'dispatcherServlet'
2026-06-04 22:00:36.617 [INFO ] Completed initialization in 2 ms
2026-06-04 22:00:36.949 [INFO ] loginUser ::::: test
2026-06-04 22:03:51.312 [INFO ] Closing JPA EntityManagerFactory for persistence unit 'default'
2026-06-04 22:03:51.315 [INFO ] HikariPool-1 - Shutdown initiated...
2026-06-04 22:03:51.319 [INFO ] HikariPool-1 - Shutdown completed.
2026-06-04 22:04:03.445 [INFO ] Starting RadarWebApplication using Java 11.0.2 on haems with PID 27104 (C:\0003_kimsn\kimsn\radar-web\build\classes\java\main started by imeahmik in C:\0003_kimsn\kimsn)
2026-06-04 22:04:03.456 [DEBUG] Running with Spring Boot v2.7.12, Spring v5.3.27
2026-06-04 22:04:03.457 [INFO ] No active profile set, falling back to 1 default profile: "default"
2026-06-04 22:04:03.753 [INFO ] Devtools property defaults active! Set 'spring.devtools.add-properties' to 'false' to disable
2026-06-04 22:04:03.753 [INFO ] For additional web related logging consider setting the 'logging.level.web' property to 'DEBUG'
2026-06-04 22:04:04.839 [INFO ] Bootstrapping Spring Data JPA repositories in DEFAULT mode.
2026-06-04 22:04:05.145 [INFO ] Finished Spring Data repository scanning in 290 ms. Found 24 JPA repository interfaces.
2026-06-04 22:04:06.237 [INFO ] Tomcat initialized with port(s): 8700 (http)
2026-06-04 22:04:06.250 [INFO ] Initializing ProtocolHandler ["http-nio-8700"]
2026-06-04 22:04:06.250 [INFO ] Starting service [Tomcat]
2026-06-04 22:04:06.250 [INFO ] Starting Servlet engine: [Apache Tomcat/9.0.75]
2026-06-04 22:04:06.465 [INFO ] Initializing Spring embedded WebApplicationContext
2026-06-04 22:04:06.465 [INFO ] Root WebApplicationContext: initialization completed in 2711 ms
2026-06-04 22:04:06.580 [INFO ] HikariPool-1 - Starting...
2026-06-04 22:04:06.928 [INFO ] HikariPool-1 - Start completed.
2026-06-04 22:04:07.045 [INFO ] HHH000204: Processing PersistenceUnitInfo [name: default]
2026-06-04 22:04:07.135 [INFO ] HHH000412: Hibernate ORM core version 5.6.15.Final
2026-06-04 22:04:07.393 [INFO ] HCANN000001: Hibernate Commons Annotations {5.1.2.Final}
2026-06-04 22:04:07.615 [INFO ] HHH000400: Using dialect: org.hibernate.dialect.MySQL8Dialect
2026-06-04 22:04:08.809 [INFO ] HHH000490: Using JtaPlatform implementation: [org.hibernate.engine.transaction.jta.platform.internal.NoJtaPlatform]
2026-06-04 22:04:08.827 [INFO ] Initialized JPA EntityManagerFactory for persistence unit 'default'
2026-06-04 22:04:10.177 [INFO ] Will secure any request with [org.springframework.security.web.session.DisableEncodeUrlFilter@16b73e36, org.springframework.security.web.context.request.async.WebAsyncManagerIntegrationFilter@1ab12675, org.springframework.security.web.context.SecurityContextPersistenceFilter@5a31914, org.springframework.security.web.header.HeaderWriterFilter@5300ce6, org.springframework.security.web.authentication.logout.LogoutFilter@5b0ab42b, org.springframework.security.web.authentication.UsernamePasswordAuthenticationFilter@14671b1e, org.springframework.security.web.savedrequest.RequestCacheAwareFilter@369fe46, org.springframework.security.web.servletapi.SecurityContextHolderAwareRequestFilter@6231a9da, org.springframework.security.web.authentication.AnonymousAuthenticationFilter@36a261d6, org.springframework.security.web.session.SessionManagementFilter@3e79f109, org.springframework.security.web.access.ExceptionTranslationFilter@7e9d3fdb, org.springframework.security.web.access.intercept.FilterSecurityInterceptor@ad6d94f]
2026-06-04 22:04:10.501 [WARN ] spring.jpa.open-in-view is enabled by default. Therefore, database queries may be performed during view rendering. Explicitly configure spring.jpa.open-in-view to disable this warning
2026-06-04 22:04:11.471 [INFO ] LiveReload server is running on port 35729
2026-06-04 22:04:11.490 [INFO ] Starting ProtocolHandler ["http-nio-8700"]
2026-06-04 22:04:11.515 [INFO ] Tomcat started on port(s): 8700 (http) with context path ''
2026-06-04 22:04:11.524 [INFO ] Started RadarWebApplication in 8.819 seconds (JVM running for 11.369)
2026-06-04 22:04:25.506 [INFO ] Initializing Spring DispatcherServlet 'dispatcherServlet'
2026-06-04 22:04:25.506 [INFO ] Initializing Servlet 'dispatcherServlet'
2026-06-04 22:04:25.508 [INFO ] Completed initialization in 1 ms
2026-06-04 22:04:25.673 [INFO ] loginUser ::::: test
2026-06-04 22:04:39.195 [INFO ] loginUser ::::: test
2026-06-04 22:06:29.896 [INFO ] Closing JPA EntityManagerFactory for persistence unit 'default'
2026-06-04 22:06:29.899 [INFO ] HikariPool-1 - Shutdown initiated...
2026-06-04 22:06:29.903 [INFO ] HikariPool-1 - Shutdown completed.
2026-06-04 22:06:54.477 [INFO ] Starting RadarWebApplication using Java 11.0.2 on haems with PID 30556 (C:\0003_kimsn\kimsn\radar-web\build\classes\java\main started by imeahmik in C:\0003_kimsn\kimsn)
2026-06-04 22:06:54.489 [DEBUG] Running with Spring Boot v2.7.12, Spring v5.3.27
2026-06-04 22:06:54.491 [INFO ] No active profile set, falling back to 1 default profile: "default"
2026-06-04 22:06:54.824 [INFO ] Devtools property defaults active! Set 'spring.devtools.add-properties' to 'false' to disable
2026-06-04 22:06:54.824 [INFO ] For additional web related logging consider setting the 'logging.level.web' property to 'DEBUG'
2026-06-04 22:06:56.163 [INFO ] Bootstrapping Spring Data JPA repositories in DEFAULT mode.
2026-06-04 22:06:56.466 [INFO ] Finished Spring Data repository scanning in 286 ms. Found 24 JPA repository interfaces.
2026-06-04 22:06:57.847 [INFO ] Tomcat initialized with port(s): 8700 (http)
2026-06-04 22:06:57.869 [INFO ] Initializing ProtocolHandler ["http-nio-8700"]
2026-06-04 22:06:57.871 [INFO ] Starting service [Tomcat]
2026-06-04 22:06:57.873 [INFO ] Starting Servlet engine: [Apache Tomcat/9.0.75]
2026-06-04 22:06:58.116 [INFO ] Initializing Spring embedded WebApplicationContext
2026-06-04 22:06:58.116 [INFO ] Root WebApplicationContext: initialization completed in 3291 ms
2026-06-04 22:06:58.241 [INFO ] HikariPool-1 - Starting...
2026-06-04 22:06:58.583 [INFO ] HikariPool-1 - Start completed.
2026-06-04 22:06:58.718 [INFO ] HHH000204: Processing PersistenceUnitInfo [name: default]
2026-06-04 22:06:58.819 [INFO ] HHH000412: Hibernate ORM core version 5.6.15.Final
2026-06-04 22:06:59.151 [INFO ] HCANN000001: Hibernate Commons Annotations {5.1.2.Final}
2026-06-04 22:06:59.452 [INFO ] HHH000400: Using dialect: org.hibernate.dialect.MySQL8Dialect
2026-06-04 22:07:00.720 [INFO ] HHH000490: Using JtaPlatform implementation: [org.hibernate.engine.transaction.jta.platform.internal.NoJtaPlatform]
2026-06-04 22:07:00.754 [INFO ] Initialized JPA EntityManagerFactory for persistence unit 'default'
2026-06-04 22:07:02.152 [INFO ] Will secure any request with [org.springframework.security.web.session.DisableEncodeUrlFilter@4fab7aba, org.springframework.security.web.context.request.async.WebAsyncManagerIntegrationFilter@7b7445cf, org.springframework.security.web.context.SecurityContextPersistenceFilter@6327141b, org.springframework.security.web.header.HeaderWriterFilter@37cd7b42, org.springframework.security.web.authentication.logout.LogoutFilter@47cb255e, org.springframework.security.web.authentication.UsernamePasswordAuthenticationFilter@15b7ee89, org.springframework.security.web.savedrequest.RequestCacheAwareFilter@4bfde4fb, org.springframework.security.web.servletapi.SecurityContextHolderAwareRequestFilter@634cf24a, org.springframework.security.web.authentication.AnonymousAuthenticationFilter@511d3f8e, org.springframework.security.web.session.SessionManagementFilter@30c6e136, org.springframework.security.web.access.ExceptionTranslationFilter@ffe92d8, org.springframework.security.web.access.intercept.FilterSecurityInterceptor@7652e3fe]
2026-06-04 22:07:02.380 [WARN ] spring.jpa.open-in-view is enabled by default. Therefore, database queries may be performed during view rendering. Explicitly configure spring.jpa.open-in-view to disable this warning
2026-06-04 22:07:03.444 [INFO ] LiveReload server is running on port 35729
2026-06-04 22:07:03.461 [INFO ] Starting ProtocolHandler ["http-nio-8700"]
2026-06-04 22:07:03.489 [INFO ] Tomcat started on port(s): 8700 (http) with context path ''
2026-06-04 22:07:03.501 [INFO ] Started RadarWebApplication in 9.932 seconds (JVM running for 12.298)
2026-06-04 22:07:06.295 [INFO ] Initializing Spring DispatcherServlet 'dispatcherServlet'
2026-06-04 22:07:06.295 [INFO ] Initializing Servlet 'dispatcherServlet'
2026-06-04 22:07:06.298 [INFO ] Completed initialization in 3 ms
2026-06-04 22:07:06.469 [INFO ] loginUser ::::: test
2026-06-04 22:08:20.178 [INFO ] Closing JPA EntityManagerFactory for persistence unit 'default'
2026-06-04 22:08:20.183 [INFO ] HikariPool-1 - Shutdown initiated...
2026-06-04 22:08:20.191 [INFO ] HikariPool-1 - Shutdown completed.
2026-06-04 22:08:44.381 [INFO ] Starting RadarWebApplication using Java 11.0.2 on haems with PID 15024 (C:\0003_kimsn\kimsn\radar-web\build\classes\java\main started by imeahmik in C:\0003_kimsn\kimsn)
2026-06-04 22:08:44.392 [DEBUG] Running with Spring Boot v2.7.12, Spring v5.3.27
2026-06-04 22:08:44.393 [INFO ] No active profile set, falling back to 1 default profile: "default"
2026-06-04 22:08:44.735 [INFO ] Devtools property defaults active! Set 'spring.devtools.add-properties' to 'false' to disable
2026-06-04 22:08:44.735 [INFO ] For additional web related logging consider setting the 'logging.level.web' property to 'DEBUG'
2026-06-04 22:08:46.383 [INFO ] Bootstrapping Spring Data JPA repositories in DEFAULT mode.
2026-06-04 22:08:46.707 [INFO ] Finished Spring Data repository scanning in 306 ms. Found 24 JPA repository interfaces.
2026-06-04 22:08:48.195 [INFO ] Tomcat initialized with port(s): 8700 (http)
2026-06-04 22:08:48.208 [INFO ] Initializing ProtocolHandler ["http-nio-8700"]
2026-06-04 22:08:48.209 [INFO ] Starting service [Tomcat]
2026-06-04 22:08:48.209 [INFO ] Starting Servlet engine: [Apache Tomcat/9.0.75]
2026-06-04 22:08:48.421 [INFO ] Initializing Spring embedded WebApplicationContext
2026-06-04 22:08:48.421 [INFO ] Root WebApplicationContext: initialization completed in 3685 ms
2026-06-04 22:08:48.541 [INFO ] HikariPool-1 - Starting...
2026-06-04 22:08:48.917 [INFO ] HikariPool-1 - Start completed.
2026-06-04 22:08:49.103 [INFO ] HHH000204: Processing PersistenceUnitInfo [name: default]
2026-06-04 22:08:49.214 [INFO ] HHH000412: Hibernate ORM core version 5.6.15.Final
2026-06-04 22:08:49.523 [INFO ] HCANN000001: Hibernate Commons Annotations {5.1.2.Final}
2026-06-04 22:08:49.817 [INFO ] HHH000400: Using dialect: org.hibernate.dialect.MySQL8Dialect
2026-06-04 22:08:51.705 [INFO ] HHH000490: Using JtaPlatform implementation: [org.hibernate.engine.transaction.jta.platform.internal.NoJtaPlatform]
2026-06-04 22:08:51.762 [INFO ] Initialized JPA EntityManagerFactory for persistence unit 'default'
2026-06-04 22:08:54.328 [INFO ] Will secure any request with [org.springframework.security.web.session.DisableEncodeUrlFilter@7d54430e, org.springframework.security.web.context.request.async.WebAsyncManagerIntegrationFilter@575d8a67, org.springframework.security.web.context.SecurityContextPersistenceFilter@4578a04e, org.springframework.security.web.header.HeaderWriterFilter@2069a922, org.springframework.security.web.authentication.logout.LogoutFilter@3745eaff, org.springframework.security.web.authentication.UsernamePasswordAuthenticationFilter@c3e0194, org.springframework.security.web.savedrequest.RequestCacheAwareFilter@1b9b9f05, org.springframework.security.web.servletapi.SecurityContextHolderAwareRequestFilter@713da8bb, org.springframework.security.web.authentication.AnonymousAuthenticationFilter@2b9303b9, org.springframework.security.web.session.SessionManagementFilter@659a1074, org.springframework.security.web.access.ExceptionTranslationFilter@1d754ed, org.springframework.security.web.access.intercept.FilterSecurityInterceptor@6259029f]
2026-06-04 22:08:54.704 [WARN ] spring.jpa.open-in-view is enabled by default. Therefore, database queries may be performed during view rendering. Explicitly configure spring.jpa.open-in-view to disable this warning
2026-06-04 22:08:56.557 [INFO ] LiveReload server is running on port 35729
2026-06-04 22:08:56.586 [INFO ] Starting ProtocolHandler ["http-nio-8700"]
2026-06-04 22:08:56.638 [INFO ] Tomcat started on port(s): 8700 (http) with context path ''
2026-06-04 22:08:56.656 [INFO ] Started RadarWebApplication in 13.186 seconds (JVM running for 15.869)
2026-06-04 22:08:58.507 [INFO ] Initializing Spring DispatcherServlet 'dispatcherServlet'
2026-06-04 22:08:58.508 [INFO ] Initializing Servlet 'dispatcherServlet'
2026-06-04 22:08:58.512 [INFO ] Completed initialization in 4 ms
2026-06-04 22:08:58.686 [INFO ] loginUser ::::: test
2026-06-04 22:10:10.109 [INFO ] Closing JPA EntityManagerFactory for persistence unit 'default'
2026-06-04 22:10:10.111 [INFO ] HikariPool-1 - Shutdown initiated...
2026-06-04 22:10:10.115 [INFO ] HikariPool-1 - Shutdown completed.
2026-06-04 22:10:34.732 [INFO ] Starting RadarWebApplication using Java 11.0.2 on haems with PID 20056 (C:\0003_kimsn\kimsn\radar-web\build\classes\java\main started by imeahmik in C:\0003_kimsn\kimsn)
2026-06-04 22:10:34.749 [DEBUG] Running with Spring Boot v2.7.12, Spring v5.3.27
2026-06-04 22:10:34.751 [INFO ] No active profile set, falling back to 1 default profile: "default"
2026-06-04 22:10:35.138 [INFO ] Devtools property defaults active! Set 'spring.devtools.add-properties' to 'false' to disable
2026-06-04 22:10:35.138 [INFO ] For additional web related logging consider setting the 'logging.level.web' property to 'DEBUG'
2026-06-04 22:10:36.522 [INFO ] Bootstrapping Spring Data JPA repositories in DEFAULT mode.
2026-06-04 22:10:36.827 [INFO ] Finished Spring Data repository scanning in 286 ms. Found 24 JPA repository interfaces.
2026-06-04 22:10:38.488 [INFO ] Tomcat initialized with port(s): 8700 (http)
2026-06-04 22:10:38.504 [INFO ] Initializing ProtocolHandler ["http-nio-8700"]
2026-06-04 22:10:38.505 [INFO ] Starting service [Tomcat]
2026-06-04 22:10:38.506 [INFO ] Starting Servlet engine: [Apache Tomcat/9.0.75]
2026-06-04 22:10:38.762 [INFO ] Initializing Spring embedded WebApplicationContext
2026-06-04 22:10:38.762 [INFO ] Root WebApplicationContext: initialization completed in 3623 ms
2026-06-04 22:10:38.907 [INFO ] HikariPool-1 - Starting...
2026-06-04 22:10:39.312 [INFO ] HikariPool-1 - Start completed.
2026-06-04 22:10:39.545 [INFO ] HHH000204: Processing PersistenceUnitInfo [name: default]
2026-06-04 22:10:39.659 [INFO ] HHH000412: Hibernate ORM core version 5.6.15.Final
2026-06-04 22:10:40.025 [INFO ] HCANN000001: Hibernate Commons Annotations {5.1.2.Final}
2026-06-04 22:10:40.308 [INFO ] HHH000400: Using dialect: org.hibernate.dialect.MySQL8Dialect
2026-06-04 22:10:41.786 [INFO ] HHH000490: Using JtaPlatform implementation: [org.hibernate.engine.transaction.jta.platform.internal.NoJtaPlatform]
2026-06-04 22:10:41.817 [INFO ] Initialized JPA EntityManagerFactory for persistence unit 'default'
2026-06-04 22:10:43.869 [INFO ] Will secure any request with [org.springframework.security.web.session.DisableEncodeUrlFilter@7a19e034, org.springframework.security.web.context.request.async.WebAsyncManagerIntegrationFilter@4c244dc7, org.springframework.security.web.context.SecurityContextPersistenceFilter@36f2b909, org.springframework.security.web.header.HeaderWriterFilter@227a2254, org.springframework.security.web.authentication.logout.LogoutFilter@5bacee38, org.springframework.security.web.authentication.UsernamePasswordAuthenticationFilter@748f39f2, org.springframework.security.web.savedrequest.RequestCacheAwareFilter@58af72bd, org.springframework.security.web.servletapi.SecurityContextHolderAwareRequestFilter@143d3120, org.springframework.security.web.authentication.AnonymousAuthenticationFilter@4169ad18, org.springframework.security.web.session.SessionManagementFilter@59cae4d7, org.springframework.security.web.access.ExceptionTranslationFilter@70056138, org.springframework.security.web.access.intercept.FilterSecurityInterceptor@73748c0d]
2026-06-04 22:10:44.141 [WARN ] spring.jpa.open-in-view is enabled by default. Therefore, database queries may be performed during view rendering. Explicitly configure spring.jpa.open-in-view to disable this warning
2026-06-04 22:10:45.307 [INFO ] LiveReload server is running on port 35729
2026-06-04 22:10:45.330 [INFO ] Starting ProtocolHandler ["http-nio-8700"]
2026-06-04 22:10:45.357 [INFO ] Tomcat started on port(s): 8700 (http) with context path ''
2026-06-04 22:10:45.371 [INFO ] Started RadarWebApplication in 11.599 seconds (JVM running for 14.009)
2026-06-04 22:10:53.180 [INFO ] Initializing Spring DispatcherServlet 'dispatcherServlet'
2026-06-04 22:10:53.180 [INFO ] Initializing Servlet 'dispatcherServlet'
2026-06-04 22:10:53.183 [INFO ] Completed initialization in 3 ms
2026-06-04 22:10:53.363 [INFO ] loginUser ::::: test
2026-06-04 22:13:19.652 [INFO ] Closing JPA EntityManagerFactory for persistence unit 'default'
2026-06-04 22:13:19.654 [INFO ] HikariPool-1 - Shutdown initiated...
2026-06-04 22:13:19.657 [INFO ] HikariPool-1 - Shutdown completed.
2026-06-04 22:13:50.379 [INFO ] Starting RadarWebApplication using Java 11.0.2 on haems with PID 2324 (C:\0003_kimsn\kimsn\radar-web\build\classes\java\main started by imeahmik in C:\0003_kimsn\kimsn)
2026-06-04 22:13:50.395 [DEBUG] Running with Spring Boot v2.7.12, Spring v5.3.27
2026-06-04 22:13:50.397 [INFO ] No active profile set, falling back to 1 default profile: "default"
2026-06-04 22:13:51.066 [INFO ] Devtools property defaults active! Set 'spring.devtools.add-properties' to 'false' to disable
2026-06-04 22:13:51.066 [INFO ] For additional web related logging consider setting the 'logging.level.web' property to 'DEBUG'
2026-06-04 22:13:52.338 [INFO ] Bootstrapping Spring Data JPA repositories in DEFAULT mode.
2026-06-04 22:13:52.712 [INFO ] Finished Spring Data repository scanning in 359 ms. Found 24 JPA repository interfaces.
2026-06-04 22:13:54.052 [INFO ] Tomcat initialized with port(s): 8700 (http)
2026-06-04 22:13:54.068 [INFO ] Initializing ProtocolHandler ["http-nio-8700"]
2026-06-04 22:13:54.069 [INFO ] Starting service [Tomcat]
2026-06-04 22:13:54.069 [INFO ] Starting Servlet engine: [Apache Tomcat/9.0.75]
2026-06-04 22:13:54.329 [INFO ] Initializing Spring embedded WebApplicationContext
2026-06-04 22:13:54.330 [INFO ] Root WebApplicationContext: initialization completed in 3262 ms
2026-06-04 22:13:54.539 [INFO ] HikariPool-1 - Starting...
2026-06-04 22:13:54.987 [INFO ] HikariPool-1 - Start completed.
2026-06-04 22:13:55.120 [INFO ] HHH000204: Processing PersistenceUnitInfo [name: default]
2026-06-04 22:13:55.216 [INFO ] HHH000412: Hibernate ORM core version 5.6.15.Final
2026-06-04 22:13:55.513 [INFO ] HCANN000001: Hibernate Commons Annotations {5.1.2.Final}
2026-06-04 22:13:55.787 [INFO ] HHH000400: Using dialect: org.hibernate.dialect.MySQL8Dialect
2026-06-04 22:13:57.148 [INFO ] HHH000490: Using JtaPlatform implementation: [org.hibernate.engine.transaction.jta.platform.internal.NoJtaPlatform]
2026-06-04 22:13:57.190 [INFO ] Initialized JPA EntityManagerFactory for persistence unit 'default'
2026-06-04 22:13:59.172 [INFO ] Will secure any request with [org.springframework.security.web.session.DisableEncodeUrlFilter@667c6b2f, org.springframework.security.web.context.request.async.WebAsyncManagerIntegrationFilter@1dc94a22, org.springframework.security.web.context.SecurityContextPersistenceFilter@717090e4, org.springframework.security.web.header.HeaderWriterFilter@8a16f5, org.springframework.security.web.authentication.logout.LogoutFilter@3324483a, org.springframework.security.web.authentication.UsernamePasswordAuthenticationFilter@78fed806, org.springframework.security.web.savedrequest.RequestCacheAwareFilter@208f8b73, org.springframework.security.web.servletapi.SecurityContextHolderAwareRequestFilter@7cabd39c, org.springframework.security.web.authentication.AnonymousAuthenticationFilter@13f99f75, org.springframework.security.web.session.SessionManagementFilter@394113fe, org.springframework.security.web.access.ExceptionTranslationFilter@64134a00, org.springframework.security.web.access.intercept.FilterSecurityInterceptor@60120047]
2026-06-04 22:13:59.434 [WARN ] spring.jpa.open-in-view is enabled by default. Therefore, database queries may be performed during view rendering. Explicitly configure spring.jpa.open-in-view to disable this warning
2026-06-04 22:14:00.800 [INFO ] LiveReload server is running on port 35729
2026-06-04 22:14:00.817 [INFO ] Starting ProtocolHandler ["http-nio-8700"]
2026-06-04 22:14:00.844 [INFO ] Tomcat started on port(s): 8700 (http) with context path ''
2026-06-04 22:14:00.854 [INFO ] Started RadarWebApplication in 11.64 seconds (JVM running for 17.701)
2026-06-04 22:14:58.172 [INFO ] Initializing Spring DispatcherServlet 'dispatcherServlet'
2026-06-04 22:14:58.172 [INFO ] Initializing Servlet 'dispatcherServlet'
2026-06-04 22:14:58.174 [INFO ] Completed initialization in 2 ms
2026-06-04 22:14:58.391 [INFO ] loginUser ::::: test
2026-06-04 22:16:14.445 [INFO ] Closing JPA EntityManagerFactory for persistence unit 'default'
2026-06-04 22:16:14.449 [INFO ] HikariPool-1 - Shutdown initiated...
2026-06-04 22:16:14.455 [INFO ] HikariPool-1 - Shutdown completed.
2026-06-04 22:16:39.140 [INFO ] Starting RadarWebApplication using Java 11.0.2 on haems with PID 18948 (C:\0003_kimsn\kimsn\radar-web\build\classes\java\main started by imeahmik in C:\0003_kimsn\kimsn)
2026-06-04 22:16:39.155 [DEBUG] Running with Spring Boot v2.7.12, Spring v5.3.27
2026-06-04 22:16:39.157 [INFO ] No active profile set, falling back to 1 default profile: "default"
2026-06-04 22:16:39.553 [INFO ] Devtools property defaults active! Set 'spring.devtools.add-properties' to 'false' to disable
2026-06-04 22:16:39.553 [INFO ] For additional web related logging consider setting the 'logging.level.web' property to 'DEBUG'
2026-06-04 22:16:40.868 [INFO ] Bootstrapping Spring Data JPA repositories in DEFAULT mode.
2026-06-04 22:16:41.176 [INFO ] Finished Spring Data repository scanning in 295 ms. Found 24 JPA repository interfaces.
2026-06-04 22:16:42.682 [INFO ] Tomcat initialized with port(s): 8700 (http)
2026-06-04 22:16:42.701 [INFO ] Initializing ProtocolHandler ["http-nio-8700"]
2026-06-04 22:16:42.701 [INFO ] Starting service [Tomcat]
2026-06-04 22:16:42.702 [INFO ] Starting Servlet engine: [Apache Tomcat/9.0.75]
2026-06-04 22:16:43.018 [INFO ] Initializing Spring embedded WebApplicationContext
2026-06-04 22:16:43.018 [INFO ] Root WebApplicationContext: initialization completed in 3463 ms
2026-06-04 22:16:43.191 [INFO ] HikariPool-1 - Starting...
2026-06-04 22:16:43.571 [INFO ] HikariPool-1 - Start completed.
2026-06-04 22:16:43.782 [INFO ] HHH000204: Processing PersistenceUnitInfo [name: default]
2026-06-04 22:16:43.944 [INFO ] HHH000412: Hibernate ORM core version 5.6.15.Final
2026-06-04 22:16:44.257 [INFO ] HCANN000001: Hibernate Commons Annotations {5.1.2.Final}
2026-06-04 22:16:44.545 [INFO ] HHH000400: Using dialect: org.hibernate.dialect.MySQL8Dialect
2026-06-04 22:16:46.267 [INFO ] HHH000490: Using JtaPlatform implementation: [org.hibernate.engine.transaction.jta.platform.internal.NoJtaPlatform]
2026-06-04 22:16:46.293 [INFO ] Initialized JPA EntityManagerFactory for persistence unit 'default'
2026-06-04 22:16:48.920 [INFO ] Will secure any request with [org.springframework.security.web.session.DisableEncodeUrlFilter@18794f18, org.springframework.security.web.context.request.async.WebAsyncManagerIntegrationFilter@8d84c53, org.springframework.security.web.context.SecurityContextPersistenceFilter@35dc4d17, org.springframework.security.web.header.HeaderWriterFilter@6ad135d3, org.springframework.security.web.authentication.logout.LogoutFilter@5f7414d8, org.springframework.security.web.authentication.UsernamePasswordAuthenticationFilter@504c2f3a, org.springframework.security.web.savedrequest.RequestCacheAwareFilter@1faf2b33, org.springframework.security.web.servletapi.SecurityContextHolderAwareRequestFilter@2efd1782, org.springframework.security.web.authentication.AnonymousAuthenticationFilter@395c878d, org.springframework.security.web.session.SessionManagementFilter@3d247fe5, org.springframework.security.web.access.ExceptionTranslationFilter@336486e4, org.springframework.security.web.access.intercept.FilterSecurityInterceptor@7db9836]
2026-06-04 22:16:49.283 [WARN ] spring.jpa.open-in-view is enabled by default. Therefore, database queries may be performed during view rendering. Explicitly configure spring.jpa.open-in-view to disable this warning
2026-06-04 22:16:50.784 [INFO ] LiveReload server is running on port 35729
2026-06-04 22:16:50.803 [INFO ] Starting ProtocolHandler ["http-nio-8700"]
2026-06-04 22:16:50.829 [INFO ] Tomcat started on port(s): 8700 (http) with context path ''
2026-06-04 22:16:50.842 [INFO ] Started RadarWebApplication in 12.597 seconds (JVM running for 15.281)
2026-06-04 22:18:46.815 [INFO ] Closing JPA EntityManagerFactory for persistence unit 'default'
2026-06-04 22:18:46.818 [INFO ] HikariPool-1 - Shutdown initiated...
2026-06-04 22:18:46.823 [INFO ] HikariPool-1 - Shutdown completed.
2026-06-04 22:19:11.311 [INFO ] Starting RadarWebApplication using Java 11.0.2 on haems with PID 20916 (C:\0003_kimsn\kimsn\radar-web\build\classes\java\main started by imeahmik in C:\0003_kimsn\kimsn)
2026-06-04 22:19:11.326 [DEBUG] Running with Spring Boot v2.7.12, Spring v5.3.27
2026-06-04 22:19:11.327 [INFO ] No active profile set, falling back to 1 default profile: "default"
2026-06-04 22:19:11.850 [INFO ] Devtools property defaults active! Set 'spring.devtools.add-properties' to 'false' to disable
2026-06-04 22:19:11.850 [INFO ] For additional web related logging consider setting the 'logging.level.web' property to 'DEBUG'
2026-06-04 22:19:13.528 [INFO ] Bootstrapping Spring Data JPA repositories in DEFAULT mode.
2026-06-04 22:19:13.993 [INFO ] Finished Spring Data repository scanning in 444 ms. Found 24 JPA repository interfaces.
2026-06-04 22:19:16.190 [INFO ] Tomcat initialized with port(s): 8700 (http)
2026-06-04 22:19:16.217 [INFO ] Initializing ProtocolHandler ["http-nio-8700"]
2026-06-04 22:19:16.218 [INFO ] Starting service [Tomcat]
2026-06-04 22:19:16.219 [INFO ] Starting Servlet engine: [Apache Tomcat/9.0.75]
2026-06-04 22:19:16.558 [INFO ] Initializing Spring embedded WebApplicationContext
2026-06-04 22:19:16.559 [INFO ] Root WebApplicationContext: initialization completed in 4708 ms
2026-06-04 22:19:16.775 [INFO ] HikariPool-1 - Starting...
2026-06-04 22:19:17.298 [INFO ] HikariPool-1 - Start completed.
2026-06-04 22:19:17.545 [INFO ] HHH000204: Processing PersistenceUnitInfo [name: default]
2026-06-04 22:19:17.773 [INFO ] HHH000412: Hibernate ORM core version 5.6.15.Final
2026-06-04 22:19:18.228 [INFO ] HCANN000001: Hibernate Commons Annotations {5.1.2.Final}
2026-06-04 22:19:18.631 [INFO ] HHH000400: Using dialect: org.hibernate.dialect.MySQL8Dialect
2026-06-04 22:19:20.497 [INFO ] HHH000490: Using JtaPlatform implementation: [org.hibernate.engine.transaction.jta.platform.internal.NoJtaPlatform]
2026-06-04 22:19:20.538 [INFO ] Initialized JPA EntityManagerFactory for persistence unit 'default'
2026-06-04 22:19:22.528 [INFO ] Will secure any request with [org.springframework.security.web.session.DisableEncodeUrlFilter@33cb6cde, org.springframework.security.web.context.request.async.WebAsyncManagerIntegrationFilter@6b308adb, org.springframework.security.web.context.SecurityContextPersistenceFilter@2d946bb9, org.springframework.security.web.header.HeaderWriterFilter@67e9ae97, org.springframework.security.web.authentication.logout.LogoutFilter@684604a5, org.springframework.security.web.authentication.UsernamePasswordAuthenticationFilter@4a000450, org.springframework.security.web.savedrequest.RequestCacheAwareFilter@607aeb65, org.springframework.security.web.servletapi.SecurityContextHolderAwareRequestFilter@307c3459, org.springframework.security.web.authentication.AnonymousAuthenticationFilter@21582169, org.springframework.security.web.session.SessionManagementFilter@507b6c52, org.springframework.security.web.access.ExceptionTranslationFilter@506dcf77, org.springframework.security.web.access.intercept.FilterSecurityInterceptor@68f4091d]
2026-06-04 22:19:22.858 [WARN ] spring.jpa.open-in-view is enabled by default. Therefore, database queries may be performed during view rendering. Explicitly configure spring.jpa.open-in-view to disable this warning
2026-06-04 22:19:24.361 [INFO ] LiveReload server is running on port 35729
2026-06-04 22:19:24.394 [INFO ] Starting ProtocolHandler ["http-nio-8700"]
2026-06-04 22:19:24.437 [INFO ] Tomcat started on port(s): 8700 (http) with context path ''
2026-06-04 22:19:24.452 [INFO ] Started RadarWebApplication in 14.027 seconds (JVM running for 16.29)
2026-06-04 22:21:41.655 [INFO ] Closing JPA EntityManagerFactory for persistence unit 'default'
2026-06-04 22:21:41.661 [INFO ] HikariPool-1 - Shutdown initiated...
2026-06-04 22:21:41.671 [INFO ] HikariPool-1 - Shutdown completed.
2026-06-04 22:22:07.543 [INFO ] Starting RadarWebApplication using Java 11.0.2 on haems with PID 29868 (C:\0003_kimsn\kimsn\radar-web\build\classes\java\main started by imeahmik in C:\0003_kimsn\kimsn)
2026-06-04 22:22:07.561 [DEBUG] Running with Spring Boot v2.7.12, Spring v5.3.27
2026-06-04 22:22:07.563 [INFO ] No active profile set, falling back to 1 default profile: "default"
2026-06-04 22:22:08.024 [INFO ] Devtools property defaults active! Set 'spring.devtools.add-properties' to 'false' to disable
2026-06-04 22:22:08.024 [INFO ] For additional web related logging consider setting the 'logging.level.web' property to 'DEBUG'
2026-06-04 22:22:09.391 [INFO ] Bootstrapping Spring Data JPA repositories in DEFAULT mode.
2026-06-04 22:22:09.767 [INFO ] Finished Spring Data repository scanning in 355 ms. Found 24 JPA repository interfaces.
2026-06-04 22:22:11.395 [INFO ] Tomcat initialized with port(s): 8700 (http)
2026-06-04 22:22:11.414 [INFO ] Initializing ProtocolHandler ["http-nio-8700"]
2026-06-04 22:22:11.414 [INFO ] Starting service [Tomcat]
2026-06-04 22:22:11.415 [INFO ] Starting Servlet engine: [Apache Tomcat/9.0.75]
2026-06-04 22:22:11.707 [INFO ] Initializing Spring embedded WebApplicationContext
2026-06-04 22:22:11.707 [INFO ] Root WebApplicationContext: initialization completed in 3682 ms
2026-06-04 22:22:11.923 [INFO ] HikariPool-1 - Starting...
2026-06-04 22:22:12.364 [INFO ] HikariPool-1 - Start completed.
2026-06-04 22:22:12.513 [INFO ] HHH000204: Processing PersistenceUnitInfo [name: default]
2026-06-04 22:22:12.631 [INFO ] HHH000412: Hibernate ORM core version 5.6.15.Final
2026-06-04 22:22:12.966 [INFO ] HCANN000001: Hibernate Commons Annotations {5.1.2.Final}
2026-06-04 22:22:13.233 [INFO ] HHH000400: Using dialect: org.hibernate.dialect.MySQL8Dialect
2026-06-04 22:22:15.718 [INFO ] HHH000490: Using JtaPlatform implementation: [org.hibernate.engine.transaction.jta.platform.internal.NoJtaPlatform]
2026-06-04 22:22:15.823 [INFO ] Initialized JPA EntityManagerFactory for persistence unit 'default'
2026-06-04 22:22:18.414 [INFO ] Will secure any request with [org.springframework.security.web.session.DisableEncodeUrlFilter@45681d18, org.springframework.security.web.context.request.async.WebAsyncManagerIntegrationFilter@64bd3a4e, org.springframework.security.web.context.SecurityContextPersistenceFilter@3c57a9e2, org.springframework.security.web.header.HeaderWriterFilter@42778d92, org.springframework.security.web.authentication.logout.LogoutFilter@4336d7e7, org.springframework.security.web.authentication.UsernamePasswordAuthenticationFilter@66256a9c, org.springframework.security.web.savedrequest.RequestCacheAwareFilter@798a4940, org.springframework.security.web.servletapi.SecurityContextHolderAwareRequestFilter@4a199319, org.springframework.security.web.authentication.AnonymousAuthenticationFilter@2981ddcf, org.springframework.security.web.session.SessionManagementFilter@1b5762e5, org.springframework.security.web.access.ExceptionTranslationFilter@6f77086b, org.springframework.security.web.access.intercept.FilterSecurityInterceptor@63acef1d]
2026-06-04 22:22:18.771 [WARN ] spring.jpa.open-in-view is enabled by default. Therefore, database queries may be performed during view rendering. Explicitly configure spring.jpa.open-in-view to disable this warning
2026-06-04 22:22:20.447 [INFO ] LiveReload server is running on port 35729
2026-06-04 22:22:20.483 [INFO ] Starting ProtocolHandler ["http-nio-8700"]
2026-06-04 22:22:20.525 [INFO ] Tomcat started on port(s): 8700 (http) with context path ''
2026-06-04 22:22:20.542 [INFO ] Started RadarWebApplication in 14.007 seconds (JVM running for 16.594)
2026-06-04 22:23:28.293 [INFO ] Closing JPA EntityManagerFactory for persistence unit 'default'
2026-06-04 22:23:28.296 [INFO ] HikariPool-1 - Shutdown initiated...
2026-06-04 22:23:28.300 [INFO ] HikariPool-1 - Shutdown completed.
2026-06-04 22:23:52.287 [INFO ] Starting RadarWebApplication using Java 11.0.2 on haems with PID 27768 (C:\0003_kimsn\kimsn\radar-web\build\classes\java\main started by imeahmik in C:\0003_kimsn\kimsn)
2026-06-04 22:23:52.303 [DEBUG] Running with Spring Boot v2.7.12, Spring v5.3.27
2026-06-04 22:23:52.306 [INFO ] No active profile set, falling back to 1 default profile: "default"
2026-06-04 22:23:52.663 [INFO ] Devtools property defaults active! Set 'spring.devtools.add-properties' to 'false' to disable
2026-06-04 22:23:52.663 [INFO ] For additional web related logging consider setting the 'logging.level.web' property to 'DEBUG'
2026-06-04 22:23:54.134 [INFO ] Bootstrapping Spring Data JPA repositories in DEFAULT mode.
2026-06-04 22:23:54.474 [INFO ] Finished Spring Data repository scanning in 322 ms. Found 24 JPA repository interfaces.
2026-06-04 22:23:56.315 [INFO ] Tomcat initialized with port(s): 8700 (http)
2026-06-04 22:23:56.331 [INFO ] Initializing ProtocolHandler ["http-nio-8700"]
2026-06-04 22:23:56.331 [INFO ] Starting service [Tomcat]
2026-06-04 22:23:56.332 [INFO ] Starting Servlet engine: [Apache Tomcat/9.0.75]
2026-06-04 22:23:56.607 [INFO ] Initializing Spring embedded WebApplicationContext
2026-06-04 22:23:56.607 [INFO ] Root WebApplicationContext: initialization completed in 3943 ms
2026-06-04 22:23:56.741 [INFO ] HikariPool-1 - Starting...
2026-06-04 22:23:57.312 [INFO ] HikariPool-1 - Start completed.
2026-06-04 22:23:57.575 [INFO ] HHH000204: Processing PersistenceUnitInfo [name: default]
2026-06-04 22:23:57.730 [INFO ] HHH000412: Hibernate ORM core version 5.6.15.Final
2026-06-04 22:23:58.029 [INFO ] HCANN000001: Hibernate Commons Annotations {5.1.2.Final}
2026-06-04 22:23:58.310 [INFO ] HHH000400: Using dialect: org.hibernate.dialect.MySQL8Dialect
2026-06-04 22:23:59.731 [INFO ] HHH000490: Using JtaPlatform implementation: [org.hibernate.engine.transaction.jta.platform.internal.NoJtaPlatform]
2026-06-04 22:23:59.749 [INFO ] Initialized JPA EntityManagerFactory for persistence unit 'default'
2026-06-04 22:24:01.139 [INFO ] Will secure any request with [org.springframework.security.web.session.DisableEncodeUrlFilter@3ec1a8fb, org.springframework.security.web.context.request.async.WebAsyncManagerIntegrationFilter@64a6bd53, org.springframework.security.web.context.SecurityContextPersistenceFilter@49e34ed0, org.springframework.security.web.header.HeaderWriterFilter@256b853, org.springframework.security.web.authentication.logout.LogoutFilter@1ab8dfca, org.springframework.security.web.authentication.UsernamePasswordAuthenticationFilter@3d453674, org.springframework.security.web.savedrequest.RequestCacheAwareFilter@537cdf73, org.springframework.security.web.servletapi.SecurityContextHolderAwareRequestFilter@606e2fea, org.springframework.security.web.authentication.AnonymousAuthenticationFilter@70c4c125, org.springframework.security.web.session.SessionManagementFilter@41784336, org.springframework.security.web.access.ExceptionTranslationFilter@8fc4fbc, org.springframework.security.web.access.intercept.FilterSecurityInterceptor@4c10a593]
2026-06-04 22:24:01.400 [WARN ] spring.jpa.open-in-view is enabled by default. Therefore, database queries may be performed during view rendering. Explicitly configure spring.jpa.open-in-view to disable this warning
2026-06-04 22:24:02.462 [INFO ] LiveReload server is running on port 35729
2026-06-04 22:24:02.482 [INFO ] Starting ProtocolHandler ["http-nio-8700"]
2026-06-04 22:24:02.510 [INFO ] Tomcat started on port(s): 8700 (http) with context path ''
2026-06-04 22:24:02.527 [INFO ] Started RadarWebApplication in 11.142 seconds (JVM running for 13.529)
2026-06-04 22:24:25.911 [INFO ] Initializing Spring DispatcherServlet 'dispatcherServlet'
2026-06-04 22:24:25.911 [INFO ] Initializing Servlet 'dispatcherServlet'
2026-06-04 22:24:25.913 [INFO ] Completed initialization in 2 ms
2026-06-04 22:24:26.184 [INFO ] loginUser ::::: test
2026-06-04 22:29:40.349 [INFO ] loginUser ::::: test
2026-06-04 22:41:42.453 [INFO ] Closing JPA EntityManagerFactory for persistence unit 'default'
2026-06-04 22:41:42.459 [INFO ] HikariPool-1 - Shutdown initiated...
2026-06-04 22:41:42.487 [INFO ] HikariPool-1 - Shutdown completed.
2026-06-04 22:42:16.435 [INFO ] Starting RadarWebApplication using Java 11.0.2 on haems with PID 28976 (C:\0003_kimsn\kimsn\radar-web\build\classes\java\main started by imeahmik in C:\0003_kimsn\kimsn)
2026-06-04 22:42:16.467 [DEBUG] Running with Spring Boot v2.7.12, Spring v5.3.27
2026-06-04 22:42:16.470 [INFO ] No active profile set, falling back to 1 default profile: "default"
2026-06-04 22:42:17.114 [INFO ] Devtools property defaults active! Set 'spring.devtools.add-properties' to 'false' to disable
2026-06-04 22:42:17.115 [INFO ] For additional web related logging consider setting the 'logging.level.web' property to 'DEBUG'
2026-06-04 22:42:18.651 [INFO ] Bootstrapping Spring Data JPA repositories in DEFAULT mode.
2026-06-04 22:42:19.078 [INFO ] Finished Spring Data repository scanning in 409 ms. Found 24 JPA repository interfaces.
2026-06-04 22:42:20.851 [INFO ] Tomcat initialized with port(s): 8700 (http)
2026-06-04 22:42:20.875 [INFO ] Initializing ProtocolHandler ["http-nio-8700"]
2026-06-04 22:42:20.876 [INFO ] Starting service [Tomcat]
2026-06-04 22:42:20.877 [INFO ] Starting Servlet engine: [Apache Tomcat/9.0.75]
2026-06-04 22:42:21.166 [INFO ] Initializing Spring embedded WebApplicationContext
2026-06-04 22:42:21.166 [INFO ] Root WebApplicationContext: initialization completed in 4050 ms
2026-06-04 22:42:21.292 [INFO ] HikariPool-1 - Starting...
2026-06-04 22:42:22.033 [INFO ] HikariPool-1 - Start completed.
2026-06-04 22:42:22.277 [INFO ] HHH000204: Processing PersistenceUnitInfo [name: default]
2026-06-04 22:42:22.409 [INFO ] HHH000412: Hibernate ORM core version 5.6.15.Final
2026-06-04 22:42:22.743 [INFO ] HCANN000001: Hibernate Commons Annotations {5.1.2.Final}
2026-06-04 22:42:23.080 [INFO ] HHH000400: Using dialect: org.hibernate.dialect.MySQL8Dialect
2026-06-04 22:42:24.561 [INFO ] HHH000490: Using JtaPlatform implementation: [org.hibernate.engine.transaction.jta.platform.internal.NoJtaPlatform]
2026-06-04 22:42:24.585 [INFO ] Initialized JPA EntityManagerFactory for persistence unit 'default'
2026-06-04 22:42:26.070 [INFO ] Will secure any request with [org.springframework.security.web.session.DisableEncodeUrlFilter@15224126, org.springframework.security.web.context.request.async.WebAsyncManagerIntegrationFilter@4deccf96, org.springframework.security.web.context.SecurityContextPersistenceFilter@602f70eb, org.springframework.security.web.header.HeaderWriterFilter@4d38e573, org.springframework.security.web.authentication.logout.LogoutFilter@7368bcfa, org.springframework.security.web.authentication.UsernamePasswordAuthenticationFilter@3bd5c5f2, org.springframework.security.web.savedrequest.RequestCacheAwareFilter@2c70db41, org.springframework.security.web.servletapi.SecurityContextHolderAwareRequestFilter@32669ce0, org.springframework.security.web.authentication.AnonymousAuthenticationFilter@5883798c, org.springframework.security.web.session.SessionManagementFilter@2706876e, org.springframework.security.web.access.ExceptionTranslationFilter@79e01b48, org.springframework.security.web.access.intercept.FilterSecurityInterceptor@69f5ae21]
2026-06-04 22:42:26.351 [WARN ] spring.jpa.open-in-view is enabled by default. Therefore, database queries may be performed during view rendering. Explicitly configure spring.jpa.open-in-view to disable this warning
2026-06-04 22:42:27.337 [INFO ] LiveReload server is running on port 35729
2026-06-04 22:42:27.375 [INFO ] Starting ProtocolHandler ["http-nio-8700"]
2026-06-04 22:42:27.425 [INFO ] Tomcat started on port(s): 8700 (http) with context path ''
2026-06-04 22:42:27.439 [INFO ] Started RadarWebApplication in 12.741 seconds (JVM running for 16.789)
2026-06-04 22:42:38.890 [INFO ] Initializing Spring DispatcherServlet 'dispatcherServlet'
2026-06-04 22:42:38.890 [INFO ] Initializing Servlet 'dispatcherServlet'
2026-06-04 22:42:38.893 [INFO ] Completed initialization in 3 ms
2026-06-04 22:42:39.064 [INFO ] loginUser ::::: test
2026-06-04 22:42:41.761 [ERROR] [THYMELEAF][http-nio-8700-exec-1] Exception processing template "views/main/main": An error happened during template parsing (template: "class path resource [templates/views/main/main.html]")
org.thymeleaf.exceptions.TemplateInputException: An error happened during template parsing (template: "class path resource [templates/views/main/main.html]")
	at org.thymeleaf.templateparser.markup.AbstractMarkupTemplateParser.parse(AbstractMarkupTemplateParser.java:241) ~[thymeleaf-3.0.15.RELEASE.jar:3.0.15.RELEASE]
	at org.thymeleaf.templateparser.markup.AbstractMarkupTemplateParser.parseStandalone(AbstractMarkupTemplateParser.java:100) ~[thymeleaf-3.0.15.RELEASE.jar:3.0.15.RELEASE]
	at org.thymeleaf.engine.TemplateManager.parseAndProcess(TemplateManager.java:666) ~[thymeleaf-3.0.15.RELEASE.jar:3.0.15.RELEASE]
	at org.thymeleaf.TemplateEngine.process(TemplateEngine.java:1098) ~[thymeleaf-3.0.15.RELEASE.jar:3.0.15.RELEASE]
	at org.thymeleaf.TemplateEngine.process(TemplateEngine.java:1072) ~[thymeleaf-3.0.15.RELEASE.jar:3.0.15.RELEASE]
	at org.thymeleaf.spring5.view.ThymeleafView.renderFragment(ThymeleafView.java:366) ~[thymeleaf-spring5-3.0.15.RELEASE.jar:3.0.15.RELEASE]
	at org.thymeleaf.spring5.view.ThymeleafView.render(ThymeleafView.java:190) ~[thymeleaf-spring5-3.0.15.RELEASE.jar:3.0.15.RELEASE]
	at org.springframework.web.servlet.DispatcherServlet.render(DispatcherServlet.java:1406) ~[spring-webmvc-5.3.27.jar:5.3.27]
	at org.springframework.web.servlet.DispatcherServlet.processDispatchResult(DispatcherServlet.java:1150) ~[spring-webmvc-5.3.27.jar:5.3.27]
	at org.springframework.web.servlet.DispatcherServlet.doDispatch(DispatcherServlet.java:1089) ~[spring-webmvc-5.3.27.jar:5.3.27]
	at org.springframework.web.servlet.DispatcherServlet.doService(DispatcherServlet.java:965) ~[spring-webmvc-5.3.27.jar:5.3.27]
	at org.springframework.web.servlet.FrameworkServlet.processRequest(FrameworkServlet.java:1006) ~[spring-webmvc-5.3.27.jar:5.3.27]
	at org.springframework.web.servlet.FrameworkServlet.doGet(FrameworkServlet.java:898) ~[spring-webmvc-5.3.27.jar:5.3.27]
	at javax.servlet.http.HttpServlet.service(HttpServlet.java:529) ~[tomcat-embed-core-9.0.75.jar:4.0.FR]
	at org.springframework.web.servlet.FrameworkServlet.service(FrameworkServlet.java:883) ~[spring-webmvc-5.3.27.jar:5.3.27]
	at javax.servlet.http.HttpServlet.service(HttpServlet.java:623) ~[tomcat-embed-core-9.0.75.jar:4.0.FR]
	at org.apache.catalina.core.ApplicationFilterChain.internalDoFilter(ApplicationFilterChain.java:209) ~[tomcat-embed-core-9.0.75.jar:9.0.75]
	at org.apache.catalina.core.ApplicationFilterChain.doFilter(ApplicationFilterChain.java:153) ~[tomcat-embed-core-9.0.75.jar:9.0.75]
	at org.apache.tomcat.websocket.server.WsFilter.doFilter(WsFilter.java:51) ~[tomcat-embed-websocket-9.0.75.jar:9.0.75]
	at org.apache.catalina.core.ApplicationFilterChain.internalDoFilter(ApplicationFilterChain.java:178) ~[tomcat-embed-core-9.0.75.jar:9.0.75]
	at org.apache.catalina.core.ApplicationFilterChain.doFilter(ApplicationFilterChain.java:153) ~[tomcat-embed-core-9.0.75.jar:9.0.75]
	at org.springframework.security.web.FilterChainProxy$VirtualFilterChain.doFilter(FilterChainProxy.java:337) ~[spring-security-web-5.7.8.jar:5.7.8]
	at org.springframework.security.web.access.intercept.FilterSecurityInterceptor.invoke(FilterSecurityInterceptor.java:115) ~[spring-security-web-5.7.8.jar:5.7.8]
	at org.springframework.security.web.access.intercept.FilterSecurityInterceptor.doFilter(FilterSecurityInterceptor.java:81) ~[spring-security-web-5.7.8.jar:5.7.8]
	at org.springframework.security.web.FilterChainProxy$VirtualFilterChain.doFilter(FilterChainProxy.java:346) ~[spring-security-web-5.7.8.jar:5.7.8]
	at org.springframework.security.web.access.ExceptionTranslationFilter.doFilter(ExceptionTranslationFilter.java:122) ~[spring-security-web-5.7.8.jar:5.7.8]
	at org.springframework.security.web.access.ExceptionTranslationFilter.doFilter(ExceptionTranslationFilter.java:116) ~[spring-security-web-5.7.8.jar:5.7.8]
	at org.springframework.security.web.FilterChainProxy$VirtualFilterChain.doFilter(FilterChainProxy.java:346) ~[spring-security-web-5.7.8.jar:5.7.8]
	at org.springframework.security.web.session.SessionManagementFilter.doFilter(SessionManagementFilter.java:126) ~[spring-security-web-5.7.8.jar:5.7.8]
	at org.springframework.security.web.session.SessionManagementFilter.doFilter(SessionManagementFilter.java:81) ~[spring-security-web-5.7.8.jar:5.7.8]
	at org.springframework.security.web.FilterChainProxy$VirtualFilterChain.doFilter(FilterChainProxy.java:346) ~[spring-security-web-5.7.8.jar:5.7.8]
	at org.springframework.security.web.authentication.AnonymousAuthenticationFilter.doFilter(AnonymousAuthenticationFilter.java:109) ~[spring-security-web-5.7.8.jar:5.7.8]
	at org.springframework.security.web.FilterChainProxy$VirtualFilterChain.doFilter(FilterChainProxy.java:346) ~[spring-security-web-5.7.8.jar:5.7.8]
	at org.springframework.security.web.servletapi.SecurityContextHolderAwareRequestFilter.doFilter(SecurityContextHolderAwareRequestFilter.java:149) ~[spring-security-web-5.7.8.jar:5.7.8]
	at org.springframework.security.web.FilterChainProxy$VirtualFilterChain.doFilter(FilterChainProxy.java:346) ~[spring-security-web-5.7.8.jar:5.7.8]
	at org.springframework.security.web.savedrequest.RequestCacheAwareFilter.doFilter(RequestCacheAwareFilter.java:63) ~[spring-security-web-5.7.8.jar:5.7.8]
	at org.springframework.security.web.FilterChainProxy$VirtualFilterChain.doFilter(FilterChainProxy.java:346) ~[spring-security-web-5.7.8.jar:5.7.8]
	at org.springframework.security.web.authentication.AbstractAuthenticationProcessingFilter.doFilter(AbstractAuthenticationProcessingFilter.java:223) ~[spring-security-web-5.7.8.jar:5.7.8]
	at org.springframework.security.web.authentication.AbstractAuthenticationProcessingFilter.doFilter(AbstractAuthenticationProcessingFilter.java:217) ~[spring-security-web-5.7.8.jar:5.7.8]
	at org.springframework.security.web.FilterChainProxy$VirtualFilterChain.doFilter(FilterChainProxy.java:346) ~[spring-security-web-5.7.8.jar:5.7.8]
	at org.springframework.security.web.authentication.logout.LogoutFilter.doFilter(LogoutFilter.java:103) ~[spring-security-web-5.7.8.jar:5.7.8]
	at org.springframework.security.web.authentication.logout.LogoutFilter.doFilter(LogoutFilter.java:89) ~[spring-security-web-5.7.8.jar:5.7.8]
	at org.springframework.security.web.FilterChainProxy$VirtualFilterChain.doFilter(FilterChainProxy.java:346) ~[spring-security-web-5.7.8.jar:5.7.8]
	at org.springframework.security.web.header.HeaderWriterFilter.doHeadersAfter(HeaderWriterFilter.java:90) ~[spring-security-web-5.7.8.jar:5.7.8]
	at org.springframework.security.web.header.HeaderWriterFilter.doFilterInternal(HeaderWriterFilter.java:75) ~[spring-security-web-5.7.8.jar:5.7.8]
	at org.springframework.web.filter.OncePerRequestFilter.doFilter(OncePerRequestFilter.java:117) ~[spring-web-5.3.27.jar:5.3.27]
	at org.springframework.security.web.FilterChainProxy$VirtualFilterChain.doFilter(FilterChainProxy.java:346) ~[spring-security-web-5.7.8.jar:5.7.8]
	at org.springframework.security.web.context.SecurityContextPersistenceFilter.doFilter(SecurityContextPersistenceFilter.java:112) ~[spring-security-web-5.7.8.jar:5.7.8]
	at org.springframework.security.web.context.SecurityContextPersistenceFilter.doFilter(SecurityContextPersistenceFilter.java:82) ~[spring-security-web-5.7.8.jar:5.7.8]
	at org.springframework.security.web.FilterChainProxy$VirtualFilterChain.doFilter(FilterChainProxy.java:346) ~[spring-security-web-5.7.8.jar:5.7.8]
	at org.springframework.security.web.context.request.async.WebAsyncManagerIntegrationFilter.doFilterInternal(WebAsyncManagerIntegrationFilter.java:55) ~[spring-security-web-5.7.8.jar:5.7.8]
	at org.springframework.web.filter.OncePerRequestFilter.doFilter(OncePerRequestFilter.java:117) ~[spring-web-5.3.27.jar:5.3.27]
	at org.springframework.security.web.FilterChainProxy$VirtualFilterChain.doFilter(FilterChainProxy.java:346) ~[spring-security-web-5.7.8.jar:5.7.8]
	at org.springframework.security.web.session.DisableEncodeUrlFilter.doFilterInternal(DisableEncodeUrlFilter.java:42) ~[spring-security-web-5.7.8.jar:5.7.8]
	at org.springframework.web.filter.OncePerRequestFilter.doFilter(OncePerRequestFilter.java:117) ~[spring-web-5.3.27.jar:5.3.27]
	at org.springframework.security.web.FilterChainProxy$VirtualFilterChain.doFilter(FilterChainProxy.java:346) ~[spring-security-web-5.7.8.jar:5.7.8]
	at org.springframework.security.web.FilterChainProxy.doFilterInternal(FilterChainProxy.java:221) ~[spring-security-web-5.7.8.jar:5.7.8]
	at org.springframework.security.web.FilterChainProxy.doFilter(FilterChainProxy.java:186) ~[spring-security-web-5.7.8.jar:5.7.8]
	at org.springframework.web.filter.DelegatingFilterProxy.invokeDelegate(DelegatingFilterProxy.java:354) ~[spring-web-5.3.27.jar:5.3.27]
	at org.springframework.web.filter.DelegatingFilterProxy.doFilter(DelegatingFilterProxy.java:267) ~[spring-web-5.3.27.jar:5.3.27]
	at org.apache.catalina.core.ApplicationFilterChain.internalDoFilter(ApplicationFilterChain.java:178) ~[tomcat-embed-core-9.0.75.jar:9.0.75]
	at org.apache.catalina.core.ApplicationFilterChain.doFilter(ApplicationFilterChain.java:153) ~[tomcat-embed-core-9.0.75.jar:9.0.75]
	at org.springframework.web.filter.RequestContextFilter.doFilterInternal(RequestContextFilter.java:100) ~[spring-web-5.3.27.jar:5.3.27]
	at org.springframework.web.filter.OncePerRequestFilter.doFilter(OncePerRequestFilter.java:117) ~[spring-web-5.3.27.jar:5.3.27]
	at org.apache.catalina.core.ApplicationFilterChain.internalDoFilter(ApplicationFilterChain.java:178) ~[tomcat-embed-core-9.0.75.jar:9.0.75]
	at org.apache.catalina.core.ApplicationFilterChain.doFilter(ApplicationFilterChain.java:153) ~[tomcat-embed-core-9.0.75.jar:9.0.75]
	at org.springframework.web.filter.FormContentFilter.doFilterInternal(FormContentFilter.java:93) ~[spring-web-5.3.27.jar:5.3.27]
	at org.springframework.web.filter.OncePerRequestFilter.doFilter(OncePerRequestFilter.java:117) ~[spring-web-5.3.27.jar:5.3.27]
	at org.apache.catalina.core.ApplicationFilterChain.internalDoFilter(ApplicationFilterChain.java:178) ~[tomcat-embed-core-9.0.75.jar:9.0.75]
	at org.apache.catalina.core.ApplicationFilterChain.doFilter(ApplicationFilterChain.java:153) ~[tomcat-embed-core-9.0.75.jar:9.0.75]
	at org.springframework.web.filter.CharacterEncodingFilter.doFilterInternal(CharacterEncodingFilter.java:201) ~[spring-web-5.3.27.jar:5.3.27]
	at org.springframework.web.filter.OncePerRequestFilter.doFilter(OncePerRequestFilter.java:117) ~[spring-web-5.3.27.jar:5.3.27]
	at org.apache.catalina.core.ApplicationFilterChain.internalDoFilter(ApplicationFilterChain.java:178) ~[tomcat-embed-core-9.0.75.jar:9.0.75]
	at org.apache.catalina.core.ApplicationFilterChain.doFilter(ApplicationFilterChain.java:153) ~[tomcat-embed-core-9.0.75.jar:9.0.75]
	at org.apache.catalina.core.StandardWrapperValve.invoke(StandardWrapperValve.java:167) ~[tomcat-embed-core-9.0.75.jar:9.0.75]
	at org.apache.catalina.core.StandardContextValve.invoke(StandardContextValve.java:90) ~[tomcat-embed-core-9.0.75.jar:9.0.75]
	at org.apache.catalina.authenticator.AuthenticatorBase.invoke(AuthenticatorBase.java:481) ~[tomcat-embed-core-9.0.75.jar:9.0.75]
	at org.apache.catalina.core.StandardHostValve.invoke(StandardHostValve.java:130) ~[tomcat-embed-core-9.0.75.jar:9.0.75]
	at org.apache.catalina.valves.ErrorReportValve.invoke(ErrorReportValve.java:93) ~[tomcat-embed-core-9.0.75.jar:9.0.75]
	at org.apache.catalina.core.StandardEngineValve.invoke(StandardEngineValve.java:74) ~[tomcat-embed-core-9.0.75.jar:9.0.75]
	at org.apache.catalina.connector.CoyoteAdapter.service(CoyoteAdapter.java:343) ~[tomcat-embed-core-9.0.75.jar:9.0.75]
	at org.apache.coyote.http11.Http11Processor.service(Http11Processor.java:390) ~[tomcat-embed-core-9.0.75.jar:9.0.75]
	at org.apache.coyote.AbstractProcessorLight.process(AbstractProcessorLight.java:63) ~[tomcat-embed-core-9.0.75.jar:9.0.75]
	at org.apache.coyote.AbstractProtocol$ConnectionHandler.process(AbstractProtocol.java:926) ~[tomcat-embed-core-9.0.75.jar:9.0.75]
	at org.apache.tomcat.util.net.NioEndpoint$SocketProcessor.doRun(NioEndpoint.java:1791) ~[tomcat-embed-core-9.0.75.jar:9.0.75]
	at org.apache.tomcat.util.net.SocketProcessorBase.run(SocketProcessorBase.java:52) ~[tomcat-embed-core-9.0.75.jar:9.0.75]
	at org.apache.tomcat.util.threads.ThreadPoolExecutor.runWorker(ThreadPoolExecutor.java:1191) ~[tomcat-embed-core-9.0.75.jar:9.0.75]
	at org.apache.tomcat.util.threads.ThreadPoolExecutor$Worker.run(ThreadPoolExecutor.java:659) ~[tomcat-embed-core-9.0.75.jar:9.0.75]
	at org.apache.tomcat.util.threads.TaskThread$WrappingRunnable.run(TaskThread.java:61) ~[tomcat-embed-core-9.0.75.jar:9.0.75]
	at java.lang.Thread.run(Thread.java:834) ~[?:?]
Caused by: org.attoparser.ParseException: Exception evaluating SpringEL expression: "sList.gubun == 1 && sList.siteNum != null && T(Integer).parseInt(sList.siteNum) > 40000 && T(Integer).parseInt(sList.siteNum) < 50000 && mList.id == '2000'" (template: "layout/header" - line 162, col 34)
	at org.attoparser.MarkupParser.parseDocument(MarkupParser.java:393) ~[attoparser-2.0.5.RELEASE.jar:2.0.5.RELEASE]
	at org.attoparser.MarkupParser.parse(MarkupParser.java:257) ~[attoparser-2.0.5.RELEASE.jar:2.0.5.RELEASE]
	at org.thymeleaf.templateparser.markup.AbstractMarkupTemplateParser.parse(AbstractMarkupTemplateParser.java:230) ~[thymeleaf-3.0.15.RELEASE.jar:3.0.15.RELEASE]
	... 89 more
Caused by: org.thymeleaf.exceptions.TemplateProcessingException: Exception evaluating SpringEL expression: "sList.gubun == 1 && sList.siteNum != null && T(Integer).parseInt(sList.siteNum) > 40000 && T(Integer).parseInt(sList.siteNum) < 50000 && mList.id == '2000'" (template: "layout/header" - line 162, col 34)
	at org.thymeleaf.spring5.expression.SPELVariableExpressionEvaluator.evaluate(SPELVariableExpressionEvaluator.java:292) ~[thymeleaf-spring5-3.0.15.RELEASE.jar:3.0.15.RELEASE]
	at org.thymeleaf.standard.expression.VariableExpression.executeVariableExpression(VariableExpression.java:166) ~[thymeleaf-3.0.15.RELEASE.jar:3.0.15.RELEASE]
	at org.thymeleaf.standard.expression.SimpleExpression.executeSimple(SimpleExpression.java:66) ~[thymeleaf-3.0.15.RELEASE.jar:3.0.15.RELEASE]
	at org.thymeleaf.standard.expression.Expression.execute(Expression.java:109) ~[thymeleaf-3.0.15.RELEASE.jar:3.0.15.RELEASE]
	at org.thymeleaf.standard.expression.Expression.execute(Expression.java:138) ~[thymeleaf-3.0.15.RELEASE.jar:3.0.15.RELEASE]
	at org.thymeleaf.standard.expression.Expression.execute(Expression.java:125) ~[thymeleaf-3.0.15.RELEASE.jar:3.0.15.RELEASE]
	at org.thymeleaf.standard.processor.StandardIfTagProcessor.isVisible(StandardIfTagProcessor.java:59) ~[thymeleaf-3.0.15.RELEASE.jar:3.0.15.RELEASE]
	at org.thymeleaf.standard.processor.AbstractStandardConditionalVisibilityTagProcessor.doProcess(AbstractStandardConditionalVisibilityTagProcessor.java:61) ~[thymeleaf-3.0.15.RELEASE.jar:3.0.15.RELEASE]
	at org.thymeleaf.processor.element.AbstractAttributeTagProcessor.doProcess(AbstractAttributeTagProcessor.java:74) ~[thymeleaf-3.0.15.RELEASE.jar:3.0.15.RELEASE]
	at org.thymeleaf.processor.element.AbstractElementTagProcessor.process(AbstractElementTagProcessor.java:95) ~[thymeleaf-3.0.15.RELEASE.jar:3.0.15.RELEASE]
	at org.thymeleaf.util.ProcessorConfigurationUtils$ElementTagProcessorWrapper.process(ProcessorConfigurationUtils.java:633) ~[thymeleaf-3.0.15.RELEASE.jar:3.0.15.RELEASE]
	at org.thymeleaf.engine.ProcessorTemplateHandler.handleOpenElement(ProcessorTemplateHandler.java:1314) ~[thymeleaf-3.0.15.RELEASE.jar:3.0.15.RELEASE]
	at org.thymeleaf.engine.OpenElementTag.beHandled(OpenElementTag.java:205) ~[thymeleaf-3.0.15.RELEASE.jar:3.0.15.RELEASE]
	at org.thymeleaf.engine.Model.process(Model.java:282) ~[thymeleaf-3.0.15.RELEASE.jar:3.0.15.RELEASE]
	at org.thymeleaf.engine.Model.process(Model.java:290) ~[thymeleaf-3.0.15.RELEASE.jar:3.0.15.RELEASE]
	at org.thymeleaf.engine.IteratedGatheringModelProcessable.processIterationModel(IteratedGatheringModelProcessable.java:367) ~[thymeleaf-3.0.15.RELEASE.jar:3.0.15.RELEASE]
	at org.thymeleaf.engine.IteratedGatheringModelProcessable.process(IteratedGatheringModelProcessable.java:221) ~[thymeleaf-3.0.15.RELEASE.jar:3.0.15.RELEASE]
	at org.thymeleaf.engine.ProcessorTemplateHandler.handleCloseElement(ProcessorTemplateHandler.java:1640) ~[thymeleaf-3.0.15.RELEASE.jar:3.0.15.RELEASE]
	at org.thymeleaf.engine.CloseElementTag.beHandled(CloseElementTag.java:139) ~[thymeleaf-3.0.15.RELEASE.jar:3.0.15.RELEASE]
	at org.thymeleaf.engine.Model.process(Model.java:282) ~[thymeleaf-3.0.15.RELEASE.jar:3.0.15.RELEASE]
	at org.thymeleaf.engine.Model.process(Model.java:290) ~[thymeleaf-3.0.15.RELEASE.jar:3.0.15.RELEASE]
	at org.thymeleaf.engine.IteratedGatheringModelProcessable.processIterationModel(IteratedGatheringModelProcessable.java:367) ~[thymeleaf-3.0.15.RELEASE.jar:3.0.15.RELEASE]
	at org.thymeleaf.engine.IteratedGatheringModelProcessable.process(IteratedGatheringModelProcessable.java:293) ~[thymeleaf-3.0.15.RELEASE.jar:3.0.15.RELEASE]
	at org.thymeleaf.engine.ProcessorTemplateHandler.handleCloseElement(ProcessorTemplateHandler.java:1640) ~[thymeleaf-3.0.15.RELEASE.jar:3.0.15.RELEASE]
	at org.thymeleaf.engine.CloseElementTag.beHandled(CloseElementTag.java:139) ~[thymeleaf-3.0.15.RELEASE.jar:3.0.15.RELEASE]
	at org.thymeleaf.engine.Model.process(Model.java:282) ~[thymeleaf-3.0.15.RELEASE.jar:3.0.15.RELEASE]
	at org.thymeleaf.engine.ProcessorTemplateHandler.handleOpenElement(ProcessorTemplateHandler.java:1587) ~[thymeleaf-3.0.15.RELEASE.jar:3.0.15.RELEASE]
	at org.thymeleaf.engine.OpenElementTag.beHandled(OpenElementTag.java:205) ~[thymeleaf-3.0.15.RELEASE.jar:3.0.15.RELEASE]
	at org.thymeleaf.engine.Model.process(Model.java:282) ~[thymeleaf-3.0.15.RELEASE.jar:3.0.15.RELEASE]
	at org.thymeleaf.engine.ProcessorTemplateHandler.handleOpenElement(ProcessorTemplateHandler.java:1587) ~[thymeleaf-3.0.15.RELEASE.jar:3.0.15.RELEASE]
	at org.thymeleaf.engine.OpenElementTag.beHandled(OpenElementTag.java:205) ~[thymeleaf-3.0.15.RELEASE.jar:3.0.15.RELEASE]
	at org.thymeleaf.engine.Model.process(Model.java:282) ~[thymeleaf-3.0.15.RELEASE.jar:3.0.15.RELEASE]
	at org.thymeleaf.engine.Model.process(Model.java:290) ~[thymeleaf-3.0.15.RELEASE.jar:3.0.15.RELEASE]
	at org.thymeleaf.engine.GatheringModelProcessable.process(GatheringModelProcessable.java:78) ~[thymeleaf-3.0.15.RELEASE.jar:3.0.15.RELEASE]
	at org.thymeleaf.engine.ProcessorTemplateHandler.handleCloseElement(ProcessorTemplateHandler.java:1640) ~[thymeleaf-3.0.15.RELEASE.jar:3.0.15.RELEASE]
	at org.thymeleaf.engine.TemplateHandlerAdapterMarkupHandler.handleCloseElementEnd(TemplateHandlerAdapterMarkupHandler.java:388) ~[thymeleaf-3.0.15.RELEASE.jar:3.0.15.RELEASE]
	at org.thymeleaf.templateparser.markup.InlinedOutputExpressionMarkupHandler$InlineMarkupAdapterPreProcessorHandler.handleCloseElementEnd(InlinedOutputExpressionMarkupHandler.java:322) ~[thymeleaf-3.0.15.RELEASE.jar:3.0.15.RELEASE]
	at org.thymeleaf.standard.inline.OutputExpressionInlinePreProcessorHandler.handleCloseElementEnd(OutputExpressionInlinePreProcessorHandler.java:220) ~[thymeleaf-3.0.15.RELEASE.jar:3.0.15.RELEASE]
	at org.thymeleaf.templateparser.markup.InlinedOutputExpressionMarkupHandler.handleCloseElementEnd(InlinedOutputExpressionMarkupHandler.java:164) ~[thymeleaf-3.0.15.RELEASE.jar:3.0.15.RELEASE]
	at org.attoparser.HtmlElement.handleCloseElementEnd(HtmlElement.java:169) ~[attoparser-2.0.5.RELEASE.jar:2.0.5.RELEASE]
	at org.attoparser.HtmlMarkupHandler.handleCloseElementEnd(HtmlMarkupHandler.java:412) ~[attoparser-2.0.5.RELEASE.jar:2.0.5.RELEASE]
	at org.attoparser.MarkupEventProcessorHandler.handleCloseElementEnd(MarkupEventProcessorHandler.java:473) ~[attoparser-2.0.5.RELEASE.jar:2.0.5.RELEASE]
	at org.attoparser.ParsingElementMarkupUtil.parseCloseElement(ParsingElementMarkupUtil.java:201) ~[attoparser-2.0.5.RELEASE.jar:2.0.5.RELEASE]
	at org.attoparser.MarkupParser.parseBuffer(MarkupParser.java:725) ~[attoparser-2.0.5.RELEASE.jar:2.0.5.RELEASE]
	at org.attoparser.MarkupParser.parseDocument(MarkupParser.java:301) ~[attoparser-2.0.5.RELEASE.jar:2.0.5.RELEASE]
	at org.attoparser.MarkupParser.parse(MarkupParser.java:257) ~[attoparser-2.0.5.RELEASE.jar:2.0.5.RELEASE]
	at org.thymeleaf.templateparser.markup.AbstractMarkupTemplateParser.parse(AbstractMarkupTemplateParser.java:230) ~[thymeleaf-3.0.15.RELEASE.jar:3.0.15.RELEASE]
	... 89 more
Caused by: org.springframework.expression.spel.SpelEvaluationException: EL1005E: Type cannot be found 'Integer'
	at org.springframework.expression.spel.support.StandardTypeLocator.findType(StandardTypeLocator.java:117) ~[spring-expression-5.3.27.jar:5.3.27]
	at org.thymeleaf.spring5.expression.ThymeleafEvaluationContext$ThymeleafEvaluationContextACLTypeLocator.findType(ThymeleafEvaluationContext.java:193) ~[thymeleaf-spring5-3.0.15.RELEASE.jar:3.0.15.RELEASE]
	at org.springframework.expression.spel.ExpressionState.findType(ExpressionState.java:180) ~[spring-expression-5.3.27.jar:5.3.27]
	at org.springframework.expression.spel.ast.TypeReference.getValueInternal(TypeReference.java:69) ~[spring-expression-5.3.27.jar:5.3.27]
	at org.springframework.expression.spel.ast.CompoundExpression.getValueRef(CompoundExpression.java:56) ~[spring-expression-5.3.27.jar:5.3.27]
	at org.springframework.expression.spel.ast.CompoundExpression.getValueInternal(CompoundExpression.java:92) ~[spring-expression-5.3.27.jar:5.3.27]
	at org.springframework.expression.spel.ast.OpGT.getValueInternal(OpGT.java:47) ~[spring-expression-5.3.27.jar:5.3.27]
	at org.springframework.expression.spel.ast.OpGT.getValueInternal(OpGT.java:37) ~[spring-expression-5.3.27.jar:5.3.27]
	at org.springframework.expression.spel.ast.SpelNodeImpl.getValue(SpelNodeImpl.java:212) ~[spring-expression-5.3.27.jar:5.3.27]
	at org.springframework.expression.spel.ast.OpAnd.getBooleanValue(OpAnd.java:57) ~[spring-expression-5.3.27.jar:5.3.27]
	at org.springframework.expression.spel.ast.OpAnd.getValueInternal(OpAnd.java:52) ~[spring-expression-5.3.27.jar:5.3.27]
	at org.springframework.expression.spel.ast.SpelNodeImpl.getValue(SpelNodeImpl.java:212) ~[spring-expression-5.3.27.jar:5.3.27]
	at org.springframework.expression.spel.ast.OpAnd.getBooleanValue(OpAnd.java:57) ~[spring-expression-5.3.27.jar:5.3.27]
	at org.springframework.expression.spel.ast.OpAnd.getValueInternal(OpAnd.java:48) ~[spring-expression-5.3.27.jar:5.3.27]
	at org.springframework.expression.spel.ast.SpelNodeImpl.getValue(SpelNodeImpl.java:212) ~[spring-expression-5.3.27.jar:5.3.27]
	at org.springframework.expression.spel.ast.OpAnd.getBooleanValue(OpAnd.java:57) ~[spring-expression-5.3.27.jar:5.3.27]
	at org.springframework.expression.spel.ast.OpAnd.getValueInternal(OpAnd.java:48) ~[spring-expression-5.3.27.jar:5.3.27]
	at org.springframework.expression.spel.ast.SpelNodeImpl.getValue(SpelNodeImpl.java:114) ~[spring-expression-5.3.27.jar:5.3.27]
	at org.springframework.expression.spel.standard.SpelExpression.getValue(SpelExpression.java:338) ~[spring-expression-5.3.27.jar:5.3.27]
	at org.thymeleaf.spring5.expression.SPELVariableExpressionEvaluator.evaluate(SPELVariableExpressionEvaluator.java:265) ~[thymeleaf-spring5-3.0.15.RELEASE.jar:3.0.15.RELEASE]
	at org.thymeleaf.standard.expression.VariableExpression.executeVariableExpression(VariableExpression.java:166) ~[thymeleaf-3.0.15.RELEASE.jar:3.0.15.RELEASE]
	at org.thymeleaf.standard.expression.SimpleExpression.executeSimple(SimpleExpression.java:66) ~[thymeleaf-3.0.15.RELEASE.jar:3.0.15.RELEASE]
	at org.thymeleaf.standard.expression.Expression.execute(Expression.java:109) ~[thymeleaf-3.0.15.RELEASE.jar:3.0.15.RELEASE]
	at org.thymeleaf.standard.expression.Expression.execute(Expression.java:138) ~[thymeleaf-3.0.15.RELEASE.jar:3.0.15.RELEASE]
	at org.thymeleaf.standard.expression.Expression.execute(Expression.java:125) ~[thymeleaf-3.0.15.RELEASE.jar:3.0.15.RELEASE]
	at org.thymeleaf.standard.processor.StandardIfTagProcessor.isVisible(StandardIfTagProcessor.java:59) ~[thymeleaf-3.0.15.RELEASE.jar:3.0.15.RELEASE]
	at org.thymeleaf.standard.processor.AbstractStandardConditionalVisibilityTagProcessor.doProcess(AbstractStandardConditionalVisibilityTagProcessor.java:61) ~[thymeleaf-3.0.15.RELEASE.jar:3.0.15.RELEASE]
	at org.thymeleaf.processor.element.AbstractAttributeTagProcessor.doProcess(AbstractAttributeTagProcessor.java:74) ~[thymeleaf-3.0.15.RELEASE.jar:3.0.15.RELEASE]
	at org.thymeleaf.processor.element.AbstractElementTagProcessor.process(AbstractElementTagProcessor.java:95) ~[thymeleaf-3.0.15.RELEASE.jar:3.0.15.RELEASE]
	at org.thymeleaf.util.ProcessorConfigurationUtils$ElementTagProcessorWrapper.process(ProcessorConfigurationUtils.java:633) ~[thymeleaf-3.0.15.RELEASE.jar:3.0.15.RELEASE]
	at org.thymeleaf.engine.ProcessorTemplateHandler.handleOpenElement(ProcessorTemplateHandler.java:1314) ~[thymeleaf-3.0.15.RELEASE.jar:3.0.15.RELEASE]
	at org.thymeleaf.engine.OpenElementTag.beHandled(OpenElementTag.java:205) ~[thymeleaf-3.0.15.RELEASE.jar:3.0.15.RELEASE]
	at org.thymeleaf.engine.Model.process(Model.java:282) ~[thymeleaf-3.0.15.RELEASE.jar:3.0.15.RELEASE]
	at org.thymeleaf.engine.Model.process(Model.java:290) ~[thymeleaf-3.0.15.RELEASE.jar:3.0.15.RELEASE]
	at org.thymeleaf.engine.IteratedGatheringModelProcessable.processIterationModel(IteratedGatheringModelProcessable.java:367) ~[thymeleaf-3.0.15.RELEASE.jar:3.0.15.RELEASE]
	at org.thymeleaf.engine.IteratedGatheringModelProcessable.process(IteratedGatheringModelProcessable.java:221) ~[thymeleaf-3.0.15.RELEASE.jar:3.0.15.RELEASE]
	at org.thymeleaf.engine.ProcessorTemplateHandler.handleCloseElement(ProcessorTemplateHandler.java:1640) ~[thymeleaf-3.0.15.RELEASE.jar:3.0.15.RELEASE]
	at org.thymeleaf.engine.CloseElementTag.beHandled(CloseElementTag.java:139) ~[thymeleaf-3.0.15.RELEASE.jar:3.0.15.RELEASE]
	at org.thymeleaf.engine.Model.process(Model.java:282) ~[thymeleaf-3.0.15.RELEASE.jar:3.0.15.RELEASE]
	at org.thymeleaf.engine.Model.process(Model.java:290) ~[thymeleaf-3.0.15.RELEASE.jar:3.0.15.RELEASE]
	at org.thymeleaf.engine.IteratedGatheringModelProcessable.processIterationModel(IteratedGatheringModelProcessable.java:367) ~[thymeleaf-3.0.15.RELEASE.jar:3.0.15.RELEASE]
	at org.thymeleaf.engine.IteratedGatheringModelProcessable.process(IteratedGatheringModelProcessable.java:293) ~[thymeleaf-3.0.15.RELEASE.jar:3.0.15.RELEASE]
	at org.thymeleaf.engine.ProcessorTemplateHandler.handleCloseElement(ProcessorTemplateHandler.java:1640) ~[thymeleaf-3.0.15.RELEASE.jar:3.0.15.RELEASE]
	at org.thymeleaf.engine.CloseElementTag.beHandled(CloseElementTag.java:139) ~[thymeleaf-3.0.15.RELEASE.jar:3.0.15.RELEASE]
	at org.thymeleaf.engine.Model.process(Model.java:282) ~[thymeleaf-3.0.15.RELEASE.jar:3.0.15.RELEASE]
	at org.thymeleaf.engine.ProcessorTemplateHandler.handleOpenElement(ProcessorTemplateHandler.java:1587) ~[thymeleaf-3.0.15.RELEASE.jar:3.0.15.RELEASE]
	at org.thymeleaf.engine.OpenElementTag.beHandled(OpenElementTag.java:205) ~[thymeleaf-3.0.15.RELEASE.jar:3.0.15.RELEASE]
	at org.thymeleaf.engine.Model.process(Model.java:282) ~[thymeleaf-3.0.15.RELEASE.jar:3.0.15.RELEASE]
	at org.thymeleaf.engine.ProcessorTemplateHandler.handleOpenElement(ProcessorTemplateHandler.java:1587) ~[thymeleaf-3.0.15.RELEASE.jar:3.0.15.RELEASE]
	at org.thymeleaf.engine.OpenElementTag.beHandled(OpenElementTag.java:205) ~[thymeleaf-3.0.15.RELEASE.jar:3.0.15.RELEASE]
	at org.thymeleaf.engine.Model.process(Model.java:282) ~[thymeleaf-3.0.15.RELEASE.jar:3.0.15.RELEASE]
	at org.thymeleaf.engine.Model.process(Model.java:290) ~[thymeleaf-3.0.15.RELEASE.jar:3.0.15.RELEASE]
	at org.thymeleaf.engine.GatheringModelProcessable.process(GatheringModelProcessable.java:78) ~[thymeleaf-3.0.15.RELEASE.jar:3.0.15.RELEASE]
	at org.thymeleaf.engine.ProcessorTemplateHandler.handleCloseElement(ProcessorTemplateHandler.java:1640) ~[thymeleaf-3.0.15.RELEASE.jar:3.0.15.RELEASE]
	at org.thymeleaf.engine.TemplateHandlerAdapterMarkupHandler.handleCloseElementEnd(TemplateHandlerAdapterMarkupHandler.java:388) ~[thymeleaf-3.0.15.RELEASE.jar:3.0.15.RELEASE]
	at org.thymeleaf.templateparser.markup.InlinedOutputExpressionMarkupHandler$InlineMarkupAdapterPreProcessorHandler.handleCloseElementEnd(InlinedOutputExpressionMarkupHandler.java:322) ~[thymeleaf-3.0.15.RELEASE.jar:3.0.15.RELEASE]
	at org.thymeleaf.standard.inline.OutputExpressionInlinePreProcessorHandler.handleCloseElementEnd(OutputExpressionInlinePreProcessorHandler.java:220) ~[thymeleaf-3.0.15.RELEASE.jar:3.0.15.RELEASE]
	at org.thymeleaf.templateparser.markup.InlinedOutputExpressionMarkupHandler.handleCloseElementEnd(InlinedOutputExpressionMarkupHandler.java:164) ~[thymeleaf-3.0.15.RELEASE.jar:3.0.15.RELEASE]
	at org.attoparser.HtmlElement.handleCloseElementEnd(HtmlElement.java:169) ~[attoparser-2.0.5.RELEASE.jar:2.0.5.RELEASE]
	at org.attoparser.HtmlMarkupHandler.handleCloseElementEnd(HtmlMarkupHandler.java:412) ~[attoparser-2.0.5.RELEASE.jar:2.0.5.RELEASE]
	at org.attoparser.MarkupEventProcessorHandler.handleCloseElementEnd(MarkupEventProcessorHandler.java:473) ~[attoparser-2.0.5.RELEASE.jar:2.0.5.RELEASE]
	at org.attoparser.ParsingElementMarkupUtil.parseCloseElement(ParsingElementMarkupUtil.java:201) ~[attoparser-2.0.5.RELEASE.jar:2.0.5.RELEASE]
	at org.attoparser.MarkupParser.parseBuffer(MarkupParser.java:725) ~[attoparser-2.0.5.RELEASE.jar:2.0.5.RELEASE]
	at org.attoparser.MarkupParser.parseDocument(MarkupParser.java:301) ~[attoparser-2.0.5.RELEASE.jar:2.0.5.RELEASE]
	at org.attoparser.MarkupParser.parse(MarkupParser.java:257) ~[attoparser-2.0.5.RELEASE.jar:2.0.5.RELEASE]
	at org.thymeleaf.templateparser.markup.AbstractMarkupTemplateParser.parse(AbstractMarkupTemplateParser.java:230) ~[thymeleaf-3.0.15.RELEASE.jar:3.0.15.RELEASE]
	... 89 more
2026-06-04 22:42:41.901 [ERROR] Servlet.service() for servlet [dispatcherServlet] in context with path [] threw exception [Request processing failed; nested exception is org.thymeleaf.exceptions.TemplateInputException: An error happened during template parsing (template: "class path resource [templates/views/main/main.html]")] with root cause
org.springframework.expression.spel.SpelEvaluationException: EL1005E: Type cannot be found 'Integer'
	at org.springframework.expression.spel.support.StandardTypeLocator.findType(StandardTypeLocator.java:117) ~[spring-expression-5.3.27.jar:5.3.27]
	at org.thymeleaf.spring5.expression.ThymeleafEvaluationContext$ThymeleafEvaluationContextACLTypeLocator.findType(ThymeleafEvaluationContext.java:193) ~[thymeleaf-spring5-3.0.15.RELEASE.jar:3.0.15.RELEASE]
	at org.springframework.expression.spel.ExpressionState.findType(ExpressionState.java:180) ~[spring-expression-5.3.27.jar:5.3.27]
	at org.springframework.expression.spel.ast.TypeReference.getValueInternal(TypeReference.java:69) ~[spring-expression-5.3.27.jar:5.3.27]
	at org.springframework.expression.spel.ast.CompoundExpression.getValueRef(CompoundExpression.java:56) ~[spring-expression-5.3.27.jar:5.3.27]
	at org.springframework.expression.spel.ast.CompoundExpression.getValueInternal(CompoundExpression.java:92) ~[spring-expression-5.3.27.jar:5.3.27]
	at org.springframework.expression.spel.ast.OpGT.getValueInternal(OpGT.java:47) ~[spring-expression-5.3.27.jar:5.3.27]
	at org.springframework.expression.spel.ast.OpGT.getValueInternal(OpGT.java:37) ~[spring-expression-5.3.27.jar:5.3.27]
	at org.springframework.expression.spel.ast.SpelNodeImpl.getValue(SpelNodeImpl.java:212) ~[spring-expression-5.3.27.jar:5.3.27]
	at org.springframework.expression.spel.ast.OpAnd.getBooleanValue(OpAnd.java:57) ~[spring-expression-5.3.27.jar:5.3.27]
	at org.springframework.expression.spel.ast.OpAnd.getValueInternal(OpAnd.java:52) ~[spring-expression-5.3.27.jar:5.3.27]
	at org.springframework.expression.spel.ast.SpelNodeImpl.getValue(SpelNodeImpl.java:212) ~[spring-expression-5.3.27.jar:5.3.27]
	at org.springframework.expression.spel.ast.OpAnd.getBooleanValue(OpAnd.java:57) ~[spring-expression-5.3.27.jar:5.3.27]
	at org.springframework.expression.spel.ast.OpAnd.getValueInternal(OpAnd.java:48) ~[spring-expression-5.3.27.jar:5.3.27]
	at org.springframework.expression.spel.ast.SpelNodeImpl.getValue(SpelNodeImpl.java:212) ~[spring-expression-5.3.27.jar:5.3.27]
	at org.springframework.expression.spel.ast.OpAnd.getBooleanValue(OpAnd.java:57) ~[spring-expression-5.3.27.jar:5.3.27]
	at org.springframework.expression.spel.ast.OpAnd.getValueInternal(OpAnd.java:48) ~[spring-expression-5.3.27.jar:5.3.27]
	at org.springframework.expression.spel.ast.SpelNodeImpl.getValue(SpelNodeImpl.java:114) ~[spring-expression-5.3.27.jar:5.3.27]
	at org.springframework.expression.spel.standard.SpelExpression.getValue(SpelExpression.java:338) ~[spring-expression-5.3.27.jar:5.3.27]
	at org.thymeleaf.spring5.expression.SPELVariableExpressionEvaluator.evaluate(SPELVariableExpressionEvaluator.java:265) ~[thymeleaf-spring5-3.0.15.RELEASE.jar:3.0.15.RELEASE]
	at org.thymeleaf.standard.expression.VariableExpression.executeVariableExpression(VariableExpression.java:166) ~[thymeleaf-3.0.15.RELEASE.jar:3.0.15.RELEASE]
	at org.thymeleaf.standard.expression.SimpleExpression.executeSimple(SimpleExpression.java:66) ~[thymeleaf-3.0.15.RELEASE.jar:3.0.15.RELEASE]
	at org.thymeleaf.standard.expression.Expression.execute(Expression.java:109) ~[thymeleaf-3.0.15.RELEASE.jar:3.0.15.RELEASE]
	at org.thymeleaf.standard.expression.Expression.execute(Expression.java:138) ~[thymeleaf-3.0.15.RELEASE.jar:3.0.15.RELEASE]
	at org.thymeleaf.standard.expression.Expression.execute(Expression.java:125) ~[thymeleaf-3.0.15.RELEASE.jar:3.0.15.RELEASE]
	at org.thymeleaf.standard.processor.StandardIfTagProcessor.isVisible(StandardIfTagProcessor.java:59) ~[thymeleaf-3.0.15.RELEASE.jar:3.0.15.RELEASE]
	at org.thymeleaf.standard.processor.AbstractStandardConditionalVisibilityTagProcessor.doProcess(AbstractStandardConditionalVisibilityTagProcessor.java:61) ~[thymeleaf-3.0.15.RELEASE.jar:3.0.15.RELEASE]
	at org.thymeleaf.processor.element.AbstractAttributeTagProcessor.doProcess(AbstractAttributeTagProcessor.java:74) ~[thymeleaf-3.0.15.RELEASE.jar:3.0.15.RELEASE]
	at org.thymeleaf.processor.element.AbstractElementTagProcessor.process(AbstractElementTagProcessor.java:95) ~[thymeleaf-3.0.15.RELEASE.jar:3.0.15.RELEASE]
	at org.thymeleaf.util.ProcessorConfigurationUtils$ElementTagProcessorWrapper.process(ProcessorConfigurationUtils.java:633) ~[thymeleaf-3.0.15.RELEASE.jar:3.0.15.RELEASE]
	at org.thymeleaf.engine.ProcessorTemplateHandler.handleOpenElement(ProcessorTemplateHandler.java:1314) ~[thymeleaf-3.0.15.RELEASE.jar:3.0.15.RELEASE]
	at org.thymeleaf.engine.OpenElementTag.beHandled(OpenElementTag.java:205) ~[thymeleaf-3.0.15.RELEASE.jar:3.0.15.RELEASE]
	at org.thymeleaf.engine.Model.process(Model.java:282) ~[thymeleaf-3.0.15.RELEASE.jar:3.0.15.RELEASE]
	at org.thymeleaf.engine.Model.process(Model.java:290) ~[thymeleaf-3.0.15.RELEASE.jar:3.0.15.RELEASE]
	at org.thymeleaf.engine.IteratedGatheringModelProcessable.processIterationModel(IteratedGatheringModelProcessable.java:367) ~[thymeleaf-3.0.15.RELEASE.jar:3.0.15.RELEASE]
	at org.thymeleaf.engine.IteratedGatheringModelProcessable.process(IteratedGatheringModelProcessable.java:221) ~[thymeleaf-3.0.15.RELEASE.jar:3.0.15.RELEASE]
	at org.thymeleaf.engine.ProcessorTemplateHandler.handleCloseElement(ProcessorTemplateHandler.java:1640) ~[thymeleaf-3.0.15.RELEASE.jar:3.0.15.RELEASE]
	at org.thymeleaf.engine.CloseElementTag.beHandled(CloseElementTag.java:139) ~[thymeleaf-3.0.15.RELEASE.jar:3.0.15.RELEASE]
	at org.thymeleaf.engine.Model.process(Model.java:282) ~[thymeleaf-3.0.15.RELEASE.jar:3.0.15.RELEASE]
	at org.thymeleaf.engine.Model.process(Model.java:290) ~[thymeleaf-3.0.15.RELEASE.jar:3.0.15.RELEASE]
	at org.thymeleaf.engine.IteratedGatheringModelProcessable.processIterationModel(IteratedGatheringModelProcessable.java:367) ~[thymeleaf-3.0.15.RELEASE.jar:3.0.15.RELEASE]
	at org.thymeleaf.engine.IteratedGatheringModelProcessable.process(IteratedGatheringModelProcessable.java:293) ~[thymeleaf-3.0.15.RELEASE.jar:3.0.15.RELEASE]
	at org.thymeleaf.engine.ProcessorTemplateHandler.handleCloseElement(ProcessorTemplateHandler.java:1640) ~[thymeleaf-3.0.15.RELEASE.jar:3.0.15.RELEASE]
	at org.thymeleaf.engine.CloseElementTag.beHandled(CloseElementTag.java:139) ~[thymeleaf-3.0.15.RELEASE.jar:3.0.15.RELEASE]
	at org.thymeleaf.engine.Model.process(Model.java:282) ~[thymeleaf-3.0.15.RELEASE.jar:3.0.15.RELEASE]
	at org.thymeleaf.engine.ProcessorTemplateHandler.handleOpenElement(ProcessorTemplateHandler.java:1587) ~[thymeleaf-3.0.15.RELEASE.jar:3.0.15.RELEASE]
	at org.thymeleaf.engine.OpenElementTag.beHandled(OpenElementTag.java:205) ~[thymeleaf-3.0.15.RELEASE.jar:3.0.15.RELEASE]
	at org.thymeleaf.engine.Model.process(Model.java:282) ~[thymeleaf-3.0.15.RELEASE.jar:3.0.15.RELEASE]
	at org.thymeleaf.engine.ProcessorTemplateHandler.handleOpenElement(ProcessorTemplateHandler.java:1587) ~[thymeleaf-3.0.15.RELEASE.jar:3.0.15.RELEASE]
	at org.thymeleaf.engine.OpenElementTag.beHandled(OpenElementTag.java:205) ~[thymeleaf-3.0.15.RELEASE.jar:3.0.15.RELEASE]
	at org.thymeleaf.engine.Model.process(Model.java:282) ~[thymeleaf-3.0.15.RELEASE.jar:3.0.15.RELEASE]
	at org.thymeleaf.engine.Model.process(Model.java:290) ~[thymeleaf-3.0.15.RELEASE.jar:3.0.15.RELEASE]
	at org.thymeleaf.engine.GatheringModelProcessable.process(GatheringModelProcessable.java:78) ~[thymeleaf-3.0.15.RELEASE.jar:3.0.15.RELEASE]
	at org.thymeleaf.engine.ProcessorTemplateHandler.handleCloseElement(ProcessorTemplateHandler.java:1640) ~[thymeleaf-3.0.15.RELEASE.jar:3.0.15.RELEASE]
	at org.thymeleaf.engine.TemplateHandlerAdapterMarkupHandler.handleCloseElementEnd(TemplateHandlerAdapterMarkupHandler.java:388) ~[thymeleaf-3.0.15.RELEASE.jar:3.0.15.RELEASE]
	at org.thymeleaf.templateparser.markup.InlinedOutputExpressionMarkupHandler$InlineMarkupAdapterPreProcessorHandler.handleCloseElementEnd(InlinedOutputExpressionMarkupHandler.java:322) ~[thymeleaf-3.0.15.RELEASE.jar:3.0.15.RELEASE]
	at org.thymeleaf.standard.inline.OutputExpressionInlinePreProcessorHandler.handleCloseElementEnd(OutputExpressionInlinePreProcessorHandler.java:220) ~[thymeleaf-3.0.15.RELEASE.jar:3.0.15.RELEASE]
	at org.thymeleaf.templateparser.markup.InlinedOutputExpressionMarkupHandler.handleCloseElementEnd(InlinedOutputExpressionMarkupHandler.java:164) ~[thymeleaf-3.0.15.RELEASE.jar:3.0.15.RELEASE]
	at org.attoparser.HtmlElement.handleCloseElementEnd(HtmlElement.java:169) ~[attoparser-2.0.5.RELEASE.jar:2.0.5.RELEASE]
	at org.attoparser.HtmlMarkupHandler.handleCloseElementEnd(HtmlMarkupHandler.java:412) ~[attoparser-2.0.5.RELEASE.jar:2.0.5.RELEASE]
	at org.attoparser.MarkupEventProcessorHandler.handleCloseElementEnd(MarkupEventProcessorHandler.java:473) ~[attoparser-2.0.5.RELEASE.jar:2.0.5.RELEASE]
	at org.attoparser.ParsingElementMarkupUtil.parseCloseElement(ParsingElementMarkupUtil.java:201) ~[attoparser-2.0.5.RELEASE.jar:2.0.5.RELEASE]
	at org.attoparser.MarkupParser.parseBuffer(MarkupParser.java:725) ~[attoparser-2.0.5.RELEASE.jar:2.0.5.RELEASE]
	at org.attoparser.MarkupParser.parseDocument(MarkupParser.java:301) ~[attoparser-2.0.5.RELEASE.jar:2.0.5.RELEASE]
	at org.attoparser.MarkupParser.parse(MarkupParser.java:257) ~[attoparser-2.0.5.RELEASE.jar:2.0.5.RELEASE]
	at org.thymeleaf.templateparser.markup.AbstractMarkupTemplateParser.parse(AbstractMarkupTemplateParser.java:230) ~[thymeleaf-3.0.15.RELEASE.jar:3.0.15.RELEASE]
	at org.thymeleaf.templateparser.markup.AbstractMarkupTemplateParser.parseStandalone(AbstractMarkupTemplateParser.java:100) ~[thymeleaf-3.0.15.RELEASE.jar:3.0.15.RELEASE]
	at org.thymeleaf.engine.TemplateManager.parseAndProcess(TemplateManager.java:666) ~[thymeleaf-3.0.15.RELEASE.jar:3.0.15.RELEASE]
	at org.thymeleaf.TemplateEngine.process(TemplateEngine.java:1098) ~[thymeleaf-3.0.15.RELEASE.jar:3.0.15.RELEASE]
	at org.thymeleaf.TemplateEngine.process(TemplateEngine.java:1072) ~[thymeleaf-3.0.15.RELEASE.jar:3.0.15.RELEASE]
	at org.thymeleaf.spring5.view.ThymeleafView.renderFragment(ThymeleafView.java:366) ~[thymeleaf-spring5-3.0.15.RELEASE.jar:3.0.15.RELEASE]
	at org.thymeleaf.spring5.view.ThymeleafView.render(ThymeleafView.java:190) ~[thymeleaf-spring5-3.0.15.RELEASE.jar:3.0.15.RELEASE]
	at org.springframework.web.servlet.DispatcherServlet.render(DispatcherServlet.java:1406) ~[spring-webmvc-5.3.27.jar:5.3.27]
	at org.springframework.web.servlet.DispatcherServlet.processDispatchResult(DispatcherServlet.java:1150) ~[spring-webmvc-5.3.27.jar:5.3.27]
	at org.springframework.web.servlet.DispatcherServlet.doDispatch(DispatcherServlet.java:1089) ~[spring-webmvc-5.3.27.jar:5.3.27]
	at org.springframework.web.servlet.DispatcherServlet.doService(DispatcherServlet.java:965) ~[spring-webmvc-5.3.27.jar:5.3.27]
	at org.springframework.web.servlet.FrameworkServlet.processRequest(FrameworkServlet.java:1006) ~[spring-webmvc-5.3.27.jar:5.3.27]
	at org.springframework.web.servlet.FrameworkServlet.doGet(FrameworkServlet.java:898) ~[spring-webmvc-5.3.27.jar:5.3.27]
	at javax.servlet.http.HttpServlet.service(HttpServlet.java:529) ~[tomcat-embed-core-9.0.75.jar:4.0.FR]
	at org.springframework.web.servlet.FrameworkServlet.service(FrameworkServlet.java:883) ~[spring-webmvc-5.3.27.jar:5.3.27]
	at javax.servlet.http.HttpServlet.service(HttpServlet.java:623) ~[tomcat-embed-core-9.0.75.jar:4.0.FR]
	at org.apache.catalina.core.ApplicationFilterChain.internalDoFilter(ApplicationFilterChain.java:209) ~[tomcat-embed-core-9.0.75.jar:9.0.75]
	at org.apache.catalina.core.ApplicationFilterChain.doFilter(ApplicationFilterChain.java:153) ~[tomcat-embed-core-9.0.75.jar:9.0.75]
	at org.apache.tomcat.websocket.server.WsFilter.doFilter(WsFilter.java:51) ~[tomcat-embed-websocket-9.0.75.jar:9.0.75]
	at org.apache.catalina.core.ApplicationFilterChain.internalDoFilter(ApplicationFilterChain.java:178) ~[tomcat-embed-core-9.0.75.jar:9.0.75]
	at org.apache.catalina.core.ApplicationFilterChain.doFilter(ApplicationFilterChain.java:153) ~[tomcat-embed-core-9.0.75.jar:9.0.75]
	at org.springframework.security.web.FilterChainProxy$VirtualFilterChain.doFilter(FilterChainProxy.java:337) ~[spring-security-web-5.7.8.jar:5.7.8]
	at org.springframework.security.web.access.intercept.FilterSecurityInterceptor.invoke(FilterSecurityInterceptor.java:115) ~[spring-security-web-5.7.8.jar:5.7.8]
	at org.springframework.security.web.access.intercept.FilterSecurityInterceptor.doFilter(FilterSecurityInterceptor.java:81) ~[spring-security-web-5.7.8.jar:5.7.8]
	at org.springframework.security.web.FilterChainProxy$VirtualFilterChain.doFilter(FilterChainProxy.java:346) ~[spring-security-web-5.7.8.jar:5.7.8]
	at org.springframework.security.web.access.ExceptionTranslationFilter.doFilter(ExceptionTranslationFilter.java:122) ~[spring-security-web-5.7.8.jar:5.7.8]
	at org.springframework.security.web.access.ExceptionTranslationFilter.doFilter(ExceptionTranslationFilter.java:116) ~[spring-security-web-5.7.8.jar:5.7.8]
	at org.springframework.security.web.FilterChainProxy$VirtualFilterChain.doFilter(FilterChainProxy.java:346) ~[spring-security-web-5.7.8.jar:5.7.8]
	at org.springframework.security.web.session.SessionManagementFilter.doFilter(SessionManagementFilter.java:126) ~[spring-security-web-5.7.8.jar:5.7.8]
	at org.springframework.security.web.session.SessionManagementFilter.doFilter(SessionManagementFilter.java:81) ~[spring-security-web-5.7.8.jar:5.7.8]
	at org.springframework.security.web.FilterChainProxy$VirtualFilterChain.doFilter(FilterChainProxy.java:346) ~[spring-security-web-5.7.8.jar:5.7.8]
	at org.springframework.security.web.authentication.AnonymousAuthenticationFilter.doFilter(AnonymousAuthenticationFilter.java:109) ~[spring-security-web-5.7.8.jar:5.7.8]
	at org.springframework.security.web.FilterChainProxy$VirtualFilterChain.doFilter(FilterChainProxy.java:346) ~[spring-security-web-5.7.8.jar:5.7.8]
	at org.springframework.security.web.servletapi.SecurityContextHolderAwareRequestFilter.doFilter(SecurityContextHolderAwareRequestFilter.java:149) ~[spring-security-web-5.7.8.jar:5.7.8]
	at org.springframework.security.web.FilterChainProxy$VirtualFilterChain.doFilter(FilterChainProxy.java:346) ~[spring-security-web-5.7.8.jar:5.7.8]
	at org.springframework.security.web.savedrequest.RequestCacheAwareFilter.doFilter(RequestCacheAwareFilter.java:63) ~[spring-security-web-5.7.8.jar:5.7.8]
	at org.springframework.security.web.FilterChainProxy$VirtualFilterChain.doFilter(FilterChainProxy.java:346) ~[spring-security-web-5.7.8.jar:5.7.8]
	at org.springframework.security.web.authentication.AbstractAuthenticationProcessingFilter.doFilter(AbstractAuthenticationProcessingFilter.java:223) ~[spring-security-web-5.7.8.jar:5.7.8]
	at org.springframework.security.web.authentication.AbstractAuthenticationProcessingFilter.doFilter(AbstractAuthenticationProcessingFilter.java:217) ~[spring-security-web-5.7.8.jar:5.7.8]
	at org.springframework.security.web.FilterChainProxy$VirtualFilterChain.doFilter(FilterChainProxy.java:346) ~[spring-security-web-5.7.8.jar:5.7.8]
	at org.springframework.security.web.authentication.logout.LogoutFilter.doFilter(LogoutFilter.java:103) ~[spring-security-web-5.7.8.jar:5.7.8]
	at org.springframework.security.web.authentication.logout.LogoutFilter.doFilter(LogoutFilter.java:89) ~[spring-security-web-5.7.8.jar:5.7.8]
	at org.springframework.security.web.FilterChainProxy$VirtualFilterChain.doFilter(FilterChainProxy.java:346) ~[spring-security-web-5.7.8.jar:5.7.8]
	at org.springframework.security.web.header.HeaderWriterFilter.doHeadersAfter(HeaderWriterFilter.java:90) ~[spring-security-web-5.7.8.jar:5.7.8]
	at org.springframework.security.web.header.HeaderWriterFilter.doFilterInternal(HeaderWriterFilter.java:75) ~[spring-security-web-5.7.8.jar:5.7.8]
	at org.springframework.web.filter.OncePerRequestFilter.doFilter(OncePerRequestFilter.java:117) ~[spring-web-5.3.27.jar:5.3.27]
	at org.springframework.security.web.FilterChainProxy$VirtualFilterChain.doFilter(FilterChainProxy.java:346) ~[spring-security-web-5.7.8.jar:5.7.8]
	at org.springframework.security.web.context.SecurityContextPersistenceFilter.doFilter(SecurityContextPersistenceFilter.java:112) ~[spring-security-web-5.7.8.jar:5.7.8]
	at org.springframework.security.web.context.SecurityContextPersistenceFilter.doFilter(SecurityContextPersistenceFilter.java:82) ~[spring-security-web-5.7.8.jar:5.7.8]
	at org.springframework.security.web.FilterChainProxy$VirtualFilterChain.doFilter(FilterChainProxy.java:346) ~[spring-security-web-5.7.8.jar:5.7.8]
	at org.springframework.security.web.context.request.async.WebAsyncManagerIntegrationFilter.doFilterInternal(WebAsyncManagerIntegrationFilter.java:55) ~[spring-security-web-5.7.8.jar:5.7.8]
	at org.springframework.web.filter.OncePerRequestFilter.doFilter(OncePerRequestFilter.java:117) ~[spring-web-5.3.27.jar:5.3.27]
	at org.springframework.security.web.FilterChainProxy$VirtualFilterChain.doFilter(FilterChainProxy.java:346) ~[spring-security-web-5.7.8.jar:5.7.8]
	at org.springframework.security.web.session.DisableEncodeUrlFilter.doFilterInternal(DisableEncodeUrlFilter.java:42) ~[spring-security-web-5.7.8.jar:5.7.8]
	at org.springframework.web.filter.OncePerRequestFilter.doFilter(OncePerRequestFilter.java:117) ~[spring-web-5.3.27.jar:5.3.27]
	at org.springframework.security.web.FilterChainProxy$VirtualFilterChain.doFilter(FilterChainProxy.java:346) ~[spring-security-web-5.7.8.jar:5.7.8]
	at org.springframework.security.web.FilterChainProxy.doFilterInternal(FilterChainProxy.java:221) ~[spring-security-web-5.7.8.jar:5.7.8]
	at org.springframework.security.web.FilterChainProxy.doFilter(FilterChainProxy.java:186) ~[spring-security-web-5.7.8.jar:5.7.8]
	at org.springframework.web.filter.DelegatingFilterProxy.invokeDelegate(DelegatingFilterProxy.java:354) ~[spring-web-5.3.27.jar:5.3.27]
	at org.springframework.web.filter.DelegatingFilterProxy.doFilter(DelegatingFilterProxy.java:267) ~[spring-web-5.3.27.jar:5.3.27]
	at org.apache.catalina.core.ApplicationFilterChain.internalDoFilter(ApplicationFilterChain.java:178) ~[tomcat-embed-core-9.0.75.jar:9.0.75]
	at org.apache.catalina.core.ApplicationFilterChain.doFilter(ApplicationFilterChain.java:153) ~[tomcat-embed-core-9.0.75.jar:9.0.75]
	at org.springframework.web.filter.RequestContextFilter.doFilterInternal(RequestContextFilter.java:100) ~[spring-web-5.3.27.jar:5.3.27]
	at org.springframework.web.filter.OncePerRequestFilter.doFilter(OncePerRequestFilter.java:117) ~[spring-web-5.3.27.jar:5.3.27]
	at org.apache.catalina.core.ApplicationFilterChain.internalDoFilter(ApplicationFilterChain.java:178) ~[tomcat-embed-core-9.0.75.jar:9.0.75]
	at org.apache.catalina.core.ApplicationFilterChain.doFilter(ApplicationFilterChain.java:153) ~[tomcat-embed-core-9.0.75.jar:9.0.75]
	at org.springframework.web.filter.FormContentFilter.doFilterInternal(FormContentFilter.java:93) ~[spring-web-5.3.27.jar:5.3.27]
	at org.springframework.web.filter.OncePerRequestFilter.doFilter(OncePerRequestFilter.java:117) ~[spring-web-5.3.27.jar:5.3.27]
	at org.apache.catalina.core.ApplicationFilterChain.internalDoFilter(ApplicationFilterChain.java:178) ~[tomcat-embed-core-9.0.75.jar:9.0.75]
	at org.apache.catalina.core.ApplicationFilterChain.doFilter(ApplicationFilterChain.java:153) ~[tomcat-embed-core-9.0.75.jar:9.0.75]
	at org.springframework.web.filter.CharacterEncodingFilter.doFilterInternal(CharacterEncodingFilter.java:201) ~[spring-web-5.3.27.jar:5.3.27]
	at org.springframework.web.filter.OncePerRequestFilter.doFilter(OncePerRequestFilter.java:117) ~[spring-web-5.3.27.jar:5.3.27]
	at org.apache.catalina.core.ApplicationFilterChain.internalDoFilter(ApplicationFilterChain.java:178) ~[tomcat-embed-core-9.0.75.jar:9.0.75]
	at org.apache.catalina.core.ApplicationFilterChain.doFilter(ApplicationFilterChain.java:153) ~[tomcat-embed-core-9.0.75.jar:9.0.75]
	at org.apache.catalina.core.StandardWrapperValve.invoke(StandardWrapperValve.java:167) ~[tomcat-embed-core-9.0.75.jar:9.0.75]
	at org.apache.catalina.core.StandardContextValve.invoke(StandardContextValve.java:90) ~[tomcat-embed-core-9.0.75.jar:9.0.75]
	at org.apache.catalina.authenticator.AuthenticatorBase.invoke(AuthenticatorBase.java:481) ~[tomcat-embed-core-9.0.75.jar:9.0.75]
	at org.apache.catalina.core.StandardHostValve.invoke(StandardHostValve.java:130) ~[tomcat-embed-core-9.0.75.jar:9.0.75]
	at org.apache.catalina.valves.ErrorReportValve.invoke(ErrorReportValve.java:93) ~[tomcat-embed-core-9.0.75.jar:9.0.75]
	at org.apache.catalina.core.StandardEngineValve.invoke(StandardEngineValve.java:74) ~[tomcat-embed-core-9.0.75.jar:9.0.75]
	at org.apache.catalina.connector.CoyoteAdapter.service(CoyoteAdapter.java:343) ~[tomcat-embed-core-9.0.75.jar:9.0.75]
	at org.apache.coyote.http11.Http11Processor.service(Http11Processor.java:390) ~[tomcat-embed-core-9.0.75.jar:9.0.75]
	at org.apache.coyote.AbstractProcessorLight.process(AbstractProcessorLight.java:63) ~[tomcat-embed-core-9.0.75.jar:9.0.75]
	at org.apache.coyote.AbstractProtocol$ConnectionHandler.process(AbstractProtocol.java:926) ~[tomcat-embed-core-9.0.75.jar:9.0.75]
	at org.apache.tomcat.util.net.NioEndpoint$SocketProcessor.doRun(NioEndpoint.java:1791) ~[tomcat-embed-core-9.0.75.jar:9.0.75]
	at org.apache.tomcat.util.net.SocketProcessorBase.run(SocketProcessorBase.java:52) ~[tomcat-embed-core-9.0.75.jar:9.0.75]
	at org.apache.tomcat.util.threads.ThreadPoolExecutor.runWorker(ThreadPoolExecutor.java:1191) ~[tomcat-embed-core-9.0.75.jar:9.0.75]
	at org.apache.tomcat.util.threads.ThreadPoolExecutor$Worker.run(ThreadPoolExecutor.java:659) ~[tomcat-embed-core-9.0.75.jar:9.0.75]
	at org.apache.tomcat.util.threads.TaskThread$WrappingRunnable.run(TaskThread.java:61) ~[tomcat-embed-core-9.0.75.jar:9.0.75]
	at java.lang.Thread.run(Thread.java:834) ~[?:?]
2026-06-04 22:42:42.185 [ERROR] Cannot render error page for request [/] and exception [An error happened during template parsing (template: "class path resource [templates/views/main/main.html]")] as the response has already been committed. As a result, the response may have the wrong status code.
2026-06-04 22:46:45.753 [INFO ] Closing JPA EntityManagerFactory for persistence unit 'default'
2026-06-04 22:46:45.758 [INFO ] HikariPool-1 - Shutdown initiated...
2026-06-04 22:46:45.788 [INFO ] HikariPool-1 - Shutdown completed.
2026-06-04 22:47:10.374 [INFO ] Starting RadarWebApplication using Java 11.0.2 on haems with PID 28248 (C:\0003_kimsn\kimsn\radar-web\build\classes\java\main started by imeahmik in C:\0003_kimsn\kimsn)
2026-06-04 22:47:10.392 [DEBUG] Running with Spring Boot v2.7.12, Spring v5.3.27
2026-06-04 22:47:10.394 [INFO ] No active profile set, falling back to 1 default profile: "default"
2026-06-04 22:47:10.860 [INFO ] Devtools property defaults active! Set 'spring.devtools.add-properties' to 'false' to disable
2026-06-04 22:47:10.861 [INFO ] For additional web related logging consider setting the 'logging.level.web' property to 'DEBUG'
2026-06-04 22:47:12.117 [INFO ] Bootstrapping Spring Data JPA repositories in DEFAULT mode.
2026-06-04 22:47:12.458 [INFO ] Finished Spring Data repository scanning in 324 ms. Found 24 JPA repository interfaces.
2026-06-04 22:47:13.937 [INFO ] Tomcat initialized with port(s): 8700 (http)
2026-06-04 22:47:13.956 [INFO ] Initializing ProtocolHandler ["http-nio-8700"]
2026-06-04 22:47:13.956 [INFO ] Starting service [Tomcat]
2026-06-04 22:47:13.957 [INFO ] Starting Servlet engine: [Apache Tomcat/9.0.75]
2026-06-04 22:47:14.220 [INFO ] Initializing Spring embedded WebApplicationContext
2026-06-04 22:47:14.220 [INFO ] Root WebApplicationContext: initialization completed in 3358 ms
2026-06-04 22:47:14.347 [INFO ] HikariPool-1 - Starting...
2026-06-04 22:47:15.137 [INFO ] HikariPool-1 - Start completed.
2026-06-04 22:47:15.293 [INFO ] HHH000204: Processing PersistenceUnitInfo [name: default]
2026-06-04 22:47:15.405 [INFO ] HHH000412: Hibernate ORM core version 5.6.15.Final
2026-06-04 22:47:15.849 [INFO ] HCANN000001: Hibernate Commons Annotations {5.1.2.Final}
2026-06-04 22:47:16.455 [INFO ] HHH000400: Using dialect: org.hibernate.dialect.MySQL8Dialect
2026-06-04 22:47:18.038 [INFO ] HHH000490: Using JtaPlatform implementation: [org.hibernate.engine.transaction.jta.platform.internal.NoJtaPlatform]
2026-06-04 22:47:18.068 [INFO ] Initialized JPA EntityManagerFactory for persistence unit 'default'
2026-06-04 22:47:19.964 [INFO ] Will secure any request with [org.springframework.security.web.session.DisableEncodeUrlFilter@413898ea, org.springframework.security.web.context.request.async.WebAsyncManagerIntegrationFilter@19cca63d, org.springframework.security.web.context.SecurityContextPersistenceFilter@5262b605, org.springframework.security.web.header.HeaderWriterFilter@17183c9e, org.springframework.security.web.authentication.logout.LogoutFilter@2026d544, org.springframework.security.web.authentication.UsernamePasswordAuthenticationFilter@6e68ec30, org.springframework.security.web.savedrequest.RequestCacheAwareFilter@66ab692b, org.springframework.security.web.servletapi.SecurityContextHolderAwareRequestFilter@7a9afd1b, org.springframework.security.web.authentication.AnonymousAuthenticationFilter@306cd058, org.springframework.security.web.session.SessionManagementFilter@74ab609e, org.springframework.security.web.access.ExceptionTranslationFilter@5e60d73, org.springframework.security.web.access.intercept.FilterSecurityInterceptor@3b85da44]
2026-06-04 22:47:20.182 [WARN ] spring.jpa.open-in-view is enabled by default. Therefore, database queries may be performed during view rendering. Explicitly configure spring.jpa.open-in-view to disable this warning
2026-06-04 22:47:21.363 [INFO ] LiveReload server is running on port 35729
2026-06-04 22:47:21.394 [INFO ] Starting ProtocolHandler ["http-nio-8700"]
2026-06-04 22:47:21.430 [INFO ] Tomcat started on port(s): 8700 (http) with context path ''
2026-06-04 22:47:21.442 [INFO ] Started RadarWebApplication in 11.903 seconds (JVM running for 14.258)
2026-06-04 22:47:37.114 [INFO ] Initializing Spring DispatcherServlet 'dispatcherServlet'
2026-06-04 22:47:37.114 [INFO ] Initializing Servlet 'dispatcherServlet'
2026-06-04 22:47:37.116 [INFO ] Completed initialization in 2 ms
2026-06-04 22:47:37.275 [INFO ] loginUser ::::: test
2026-06-04 22:47:46.897 [INFO ] loginUser ::::: test
2026-06-04 22:48:06.375 [INFO ] Closing JPA EntityManagerFactory for persistence unit 'default'
2026-06-04 22:48:06.378 [INFO ] HikariPool-1 - Shutdown initiated...
2026-06-04 22:48:06.381 [INFO ] HikariPool-1 - Shutdown completed.
2026-06-04 22:48:33.722 [INFO ] Starting RadarWebApplication using Java 11.0.2 on haems with PID 19512 (C:\0003_kimsn\kimsn\radar-web\build\classes\java\main started by imeahmik in C:\0003_kimsn\kimsn)
2026-06-04 22:48:33.737 [DEBUG] Running with Spring Boot v2.7.12, Spring v5.3.27
2026-06-04 22:48:33.738 [INFO ] No active profile set, falling back to 1 default profile: "default"
2026-06-04 22:48:34.124 [INFO ] Devtools property defaults active! Set 'spring.devtools.add-properties' to 'false' to disable
2026-06-04 22:48:34.124 [INFO ] For additional web related logging consider setting the 'logging.level.web' property to 'DEBUG'
2026-06-04 22:48:35.583 [INFO ] Bootstrapping Spring Data JPA repositories in DEFAULT mode.
2026-06-04 22:48:35.890 [INFO ] Finished Spring Data repository scanning in 292 ms. Found 24 JPA repository interfaces.
2026-06-04 22:48:37.449 [INFO ] Tomcat initialized with port(s): 8700 (http)
2026-06-04 22:48:37.464 [INFO ] Initializing ProtocolHandler ["http-nio-8700"]
2026-06-04 22:48:37.464 [INFO ] Starting service [Tomcat]
2026-06-04 22:48:37.465 [INFO ] Starting Servlet engine: [Apache Tomcat/9.0.75]
2026-06-04 22:48:37.709 [INFO ] Initializing Spring embedded WebApplicationContext
2026-06-04 22:48:37.709 [INFO ] Root WebApplicationContext: initialization completed in 3584 ms
2026-06-04 22:48:37.853 [INFO ] HikariPool-1 - Starting...
2026-06-04 22:48:38.661 [INFO ] HikariPool-1 - Start completed.
2026-06-04 22:48:38.843 [INFO ] HHH000204: Processing PersistenceUnitInfo [name: default]
2026-06-04 22:48:38.980 [INFO ] HHH000412: Hibernate ORM core version 5.6.15.Final
2026-06-04 22:48:39.282 [INFO ] HCANN000001: Hibernate Commons Annotations {5.1.2.Final}
2026-06-04 22:48:39.606 [INFO ] HHH000400: Using dialect: org.hibernate.dialect.MySQL8Dialect
2026-06-04 22:48:41.189 [INFO ] HHH000490: Using JtaPlatform implementation: [org.hibernate.engine.transaction.jta.platform.internal.NoJtaPlatform]
2026-06-04 22:48:41.212 [INFO ] Initialized JPA EntityManagerFactory for persistence unit 'default'
2026-06-04 22:48:43.106 [INFO ] Will secure any request with [org.springframework.security.web.session.DisableEncodeUrlFilter@1eccb6d9, org.springframework.security.web.context.request.async.WebAsyncManagerIntegrationFilter@3c118f02, org.springframework.security.web.context.SecurityContextPersistenceFilter@7e67e2d8, org.springframework.security.web.header.HeaderWriterFilter@37f5138f, org.springframework.security.web.authentication.logout.LogoutFilter@379ae3e0, org.springframework.security.web.authentication.UsernamePasswordAuthenticationFilter@5b15dd83, org.springframework.security.web.savedrequest.RequestCacheAwareFilter@441e14c3, org.springframework.security.web.servletapi.SecurityContextHolderAwareRequestFilter@3dc5d061, org.springframework.security.web.authentication.AnonymousAuthenticationFilter@491db4c6, org.springframework.security.web.session.SessionManagementFilter@49e4b055, org.springframework.security.web.access.ExceptionTranslationFilter@51d0378b, org.springframework.security.web.access.intercept.FilterSecurityInterceptor@1162cafc]
2026-06-04 22:48:43.411 [WARN ] spring.jpa.open-in-view is enabled by default. Therefore, database queries may be performed during view rendering. Explicitly configure spring.jpa.open-in-view to disable this warning
2026-06-04 22:48:44.981 [INFO ] LiveReload server is running on port 35729
2026-06-04 22:48:45.007 [INFO ] Starting ProtocolHandler ["http-nio-8700"]
2026-06-04 22:48:45.040 [INFO ] Tomcat started on port(s): 8700 (http) with context path ''
2026-06-04 22:48:45.052 [INFO ] Started RadarWebApplication in 12.304 seconds (JVM running for 15.497)
2026-06-04 22:48:57.863 [INFO ] Initializing Spring DispatcherServlet 'dispatcherServlet'
2026-06-04 22:48:57.863 [INFO ] Initializing Servlet 'dispatcherServlet'
2026-06-04 22:48:57.864 [INFO ] Completed initialization in 1 ms
2026-06-04 22:48:57.994 [INFO ] loginUser ::::: test
2026-06-04 22:52:11.996 [INFO ] Closing JPA EntityManagerFactory for persistence unit 'default'
2026-06-04 22:52:11.999 [INFO ] HikariPool-1 - Shutdown initiated...
2026-06-04 22:52:12.002 [INFO ] HikariPool-1 - Shutdown completed.
2026-06-04 22:52:37.464 [INFO ] Starting RadarWebApplication using Java 11.0.2 on haems with PID 15592 (C:\0003_kimsn\kimsn\radar-web\build\classes\java\main started by imeahmik in C:\0003_kimsn\kimsn)
2026-06-04 22:52:37.478 [DEBUG] Running with Spring Boot v2.7.12, Spring v5.3.27
2026-06-04 22:52:37.479 [INFO ] No active profile set, falling back to 1 default profile: "default"
2026-06-04 22:52:37.910 [INFO ] Devtools property defaults active! Set 'spring.devtools.add-properties' to 'false' to disable
2026-06-04 22:52:37.910 [INFO ] For additional web related logging consider setting the 'logging.level.web' property to 'DEBUG'
2026-06-04 22:52:39.056 [INFO ] Bootstrapping Spring Data JPA repositories in DEFAULT mode.
2026-06-04 22:52:39.378 [INFO ] Finished Spring Data repository scanning in 306 ms. Found 24 JPA repository interfaces.
2026-06-04 22:52:40.690 [INFO ] Tomcat initialized with port(s): 8700 (http)
2026-06-04 22:52:40.704 [INFO ] Initializing ProtocolHandler ["http-nio-8700"]
2026-06-04 22:52:40.704 [INFO ] Starting service [Tomcat]
2026-06-04 22:52:40.705 [INFO ] Starting Servlet engine: [Apache Tomcat/9.0.75]
2026-06-04 22:52:40.948 [INFO ] Initializing Spring embedded WebApplicationContext
2026-06-04 22:52:40.948 [INFO ] Root WebApplicationContext: initialization completed in 3036 ms
2026-06-04 22:52:41.083 [INFO ] HikariPool-1 - Starting...
2026-06-04 22:52:41.758 [INFO ] HikariPool-1 - Start completed.
2026-06-04 22:52:41.879 [INFO ] HHH000204: Processing PersistenceUnitInfo [name: default]
2026-06-04 22:52:41.967 [INFO ] HHH000412: Hibernate ORM core version 5.6.15.Final
2026-06-04 22:52:42.233 [INFO ] HCANN000001: Hibernate Commons Annotations {5.1.2.Final}
2026-06-04 22:52:42.538 [INFO ] HHH000400: Using dialect: org.hibernate.dialect.MySQL8Dialect
2026-06-04 22:52:43.945 [INFO ] HHH000490: Using JtaPlatform implementation: [org.hibernate.engine.transaction.jta.platform.internal.NoJtaPlatform]
2026-06-04 22:52:43.967 [INFO ] Initialized JPA EntityManagerFactory for persistence unit 'default'
2026-06-04 22:52:45.823 [INFO ] Will secure any request with [org.springframework.security.web.session.DisableEncodeUrlFilter@3d4d9cd1, org.springframework.security.web.context.request.async.WebAsyncManagerIntegrationFilter@46e32e23, org.springframework.security.web.context.SecurityContextPersistenceFilter@543f4d0a, org.springframework.security.web.header.HeaderWriterFilter@1f3371b3, org.springframework.security.web.authentication.logout.LogoutFilter@61b4b088, org.springframework.security.web.authentication.UsernamePasswordAuthenticationFilter@72569b54, org.springframework.security.web.savedrequest.RequestCacheAwareFilter@3e82707d, org.springframework.security.web.servletapi.SecurityContextHolderAwareRequestFilter@671eb0eb, org.springframework.security.web.authentication.AnonymousAuthenticationFilter@298190, org.springframework.security.web.session.SessionManagementFilter@1ccf23a4, org.springframework.security.web.access.ExceptionTranslationFilter@705416bc, org.springframework.security.web.access.intercept.FilterSecurityInterceptor@3b4789d3]
2026-06-04 22:52:46.084 [WARN ] spring.jpa.open-in-view is enabled by default. Therefore, database queries may be performed during view rendering. Explicitly configure spring.jpa.open-in-view to disable this warning
2026-06-04 22:52:47.225 [INFO ] LiveReload server is running on port 35729
2026-06-04 22:52:47.247 [INFO ] Starting ProtocolHandler ["http-nio-8700"]
2026-06-04 22:52:47.269 [INFO ] Tomcat started on port(s): 8700 (http) with context path ''
2026-06-04 22:52:47.279 [INFO ] Started RadarWebApplication in 10.605 seconds (JVM running for 13.356)
2026-06-04 22:53:04.072 [INFO ] Initializing Spring DispatcherServlet 'dispatcherServlet'
2026-06-04 22:53:04.073 [INFO ] Initializing Servlet 'dispatcherServlet'
2026-06-04 22:53:04.075 [INFO ] Completed initialization in 2 ms
2026-06-04 22:53:04.229 [INFO ] loginUser ::::: test
2026-06-04 22:54:00.446 [INFO ] Closing JPA EntityManagerFactory for persistence unit 'default'
2026-06-04 22:54:00.449 [INFO ] HikariPool-1 - Shutdown initiated...
2026-06-04 22:54:00.453 [INFO ] HikariPool-1 - Shutdown completed.
2026-06-04 22:54:24.296 [INFO ] Starting RadarWebApplication using Java 11.0.2 on haems with PID 29600 (C:\0003_kimsn\kimsn\radar-web\build\classes\java\main started by imeahmik in C:\0003_kimsn\kimsn)
2026-06-04 22:54:24.311 [DEBUG] Running with Spring Boot v2.7.12, Spring v5.3.27
2026-06-04 22:54:24.312 [INFO ] No active profile set, falling back to 1 default profile: "default"
2026-06-04 22:54:24.731 [INFO ] Devtools property defaults active! Set 'spring.devtools.add-properties' to 'false' to disable
2026-06-04 22:54:24.731 [INFO ] For additional web related logging consider setting the 'logging.level.web' property to 'DEBUG'
2026-06-04 22:54:25.948 [INFO ] Bootstrapping Spring Data JPA repositories in DEFAULT mode.
2026-06-04 22:54:26.213 [INFO ] Finished Spring Data repository scanning in 249 ms. Found 24 JPA repository interfaces.
2026-06-04 22:54:27.561 [INFO ] Tomcat initialized with port(s): 8700 (http)
2026-06-04 22:54:27.573 [INFO ] Initializing ProtocolHandler ["http-nio-8700"]
2026-06-04 22:54:27.574 [INFO ] Starting service [Tomcat]
2026-06-04 22:54:27.574 [INFO ] Starting Servlet engine: [Apache Tomcat/9.0.75]
2026-06-04 22:54:27.792 [INFO ] Initializing Spring embedded WebApplicationContext
2026-06-04 22:54:27.793 [INFO ] Root WebApplicationContext: initialization completed in 3061 ms
2026-06-04 22:54:27.912 [INFO ] HikariPool-1 - Starting...
2026-06-04 22:54:28.562 [INFO ] HikariPool-1 - Start completed.
2026-06-04 22:54:28.722 [INFO ] HHH000204: Processing PersistenceUnitInfo [name: default]
2026-06-04 22:54:28.829 [INFO ] HHH000412: Hibernate ORM core version 5.6.15.Final
2026-06-04 22:54:29.114 [INFO ] HCANN000001: Hibernate Commons Annotations {5.1.2.Final}
2026-06-04 22:54:29.395 [INFO ] HHH000400: Using dialect: org.hibernate.dialect.MySQL8Dialect
2026-06-04 22:54:30.782 [INFO ] HHH000490: Using JtaPlatform implementation: [org.hibernate.engine.transaction.jta.platform.internal.NoJtaPlatform]
2026-06-04 22:54:30.803 [INFO ] Initialized JPA EntityManagerFactory for persistence unit 'default'
2026-06-04 22:54:32.429 [INFO ] Will secure any request with [org.springframework.security.web.session.DisableEncodeUrlFilter@638907f5, org.springframework.security.web.context.request.async.WebAsyncManagerIntegrationFilter@3a0e1b99, org.springframework.security.web.context.SecurityContextPersistenceFilter@74ee35f8, org.springframework.security.web.header.HeaderWriterFilter@4d68c1b6, org.springframework.security.web.authentication.logout.LogoutFilter@17183c9e, org.springframework.security.web.authentication.UsernamePasswordAuthenticationFilter@5a58d497, org.springframework.security.web.savedrequest.RequestCacheAwareFilter@3e926cc2, org.springframework.security.web.servletapi.SecurityContextHolderAwareRequestFilter@63a5d5ea, org.springframework.security.web.authentication.AnonymousAuthenticationFilter@26ee9c23, org.springframework.security.web.session.SessionManagementFilter@6681475f, org.springframework.security.web.access.ExceptionTranslationFilter@25250a33, org.springframework.security.web.access.intercept.FilterSecurityInterceptor@63a40ac1]
2026-06-04 22:54:32.666 [WARN ] spring.jpa.open-in-view is enabled by default. Therefore, database queries may be performed during view rendering. Explicitly configure spring.jpa.open-in-view to disable this warning
2026-06-04 22:54:33.892 [INFO ] LiveReload server is running on port 35729
2026-06-04 22:54:33.912 [INFO ] Starting ProtocolHandler ["http-nio-8700"]
2026-06-04 22:54:33.944 [INFO ] Tomcat started on port(s): 8700 (http) with context path ''
2026-06-04 22:54:33.955 [INFO ] Started RadarWebApplication in 10.452 seconds (JVM running for 12.769)
2026-06-04 22:55:01.330 [INFO ] Initializing Spring DispatcherServlet 'dispatcherServlet'
2026-06-04 22:55:01.330 [INFO ] Initializing Servlet 'dispatcherServlet'
2026-06-04 22:55:01.332 [INFO ] Completed initialization in 2 ms
2026-06-04 22:55:01.510 [INFO ] loginUser ::::: test
2026-06-04 22:57:01.529 [INFO ] Closing JPA EntityManagerFactory for persistence unit 'default'
2026-06-04 22:57:01.532 [INFO ] HikariPool-1 - Shutdown initiated...
2026-06-04 22:57:01.535 [INFO ] HikariPool-1 - Shutdown completed.
2026-06-04 22:57:23.868 [INFO ] Starting RadarWebApplication using Java 11.0.2 on haems with PID 22788 (C:\0003_kimsn\kimsn\radar-web\build\classes\java\main started by imeahmik in C:\0003_kimsn\kimsn)
2026-06-04 22:57:23.885 [DEBUG] Running with Spring Boot v2.7.12, Spring v5.3.27
2026-06-04 22:57:23.887 [INFO ] No active profile set, falling back to 1 default profile: "default"
2026-06-04 22:57:24.282 [INFO ] Devtools property defaults active! Set 'spring.devtools.add-properties' to 'false' to disable
2026-06-04 22:57:24.283 [INFO ] For additional web related logging consider setting the 'logging.level.web' property to 'DEBUG'
2026-06-04 22:57:25.605 [INFO ] Bootstrapping Spring Data JPA repositories in DEFAULT mode.
2026-06-04 22:57:25.912 [INFO ] Finished Spring Data repository scanning in 291 ms. Found 24 JPA repository interfaces.
2026-06-04 22:57:27.444 [INFO ] Tomcat initialized with port(s): 8700 (http)
2026-06-04 22:57:27.464 [INFO ] Initializing ProtocolHandler ["http-nio-8700"]
2026-06-04 22:57:27.465 [INFO ] Starting service [Tomcat]
2026-06-04 22:57:27.465 [INFO ] Starting Servlet engine: [Apache Tomcat/9.0.75]
2026-06-04 22:57:27.756 [INFO ] Initializing Spring embedded WebApplicationContext
2026-06-04 22:57:27.756 [INFO ] Root WebApplicationContext: initialization completed in 3472 ms
2026-06-04 22:57:27.884 [INFO ] HikariPool-1 - Starting...
2026-06-04 22:57:29.130 [INFO ] HikariPool-1 - Start completed.
2026-06-04 22:57:29.263 [INFO ] HHH000204: Processing PersistenceUnitInfo [name: default]
2026-06-04 22:57:29.352 [INFO ] HHH000412: Hibernate ORM core version 5.6.15.Final
2026-06-04 22:57:29.660 [INFO ] HCANN000001: Hibernate Commons Annotations {5.1.2.Final}
2026-06-04 22:57:29.969 [INFO ] HHH000400: Using dialect: org.hibernate.dialect.MySQL8Dialect
2026-06-04 22:57:31.438 [INFO ] HHH000490: Using JtaPlatform implementation: [org.hibernate.engine.transaction.jta.platform.internal.NoJtaPlatform]
2026-06-04 22:57:31.468 [INFO ] Initialized JPA EntityManagerFactory for persistence unit 'default'
2026-06-04 22:57:33.039 [INFO ] Will secure any request with [org.springframework.security.web.session.DisableEncodeUrlFilter@e61f582, org.springframework.security.web.context.request.async.WebAsyncManagerIntegrationFilter@18669ead, org.springframework.security.web.context.SecurityContextPersistenceFilter@51f1aca, org.springframework.security.web.header.HeaderWriterFilter@e99d083, org.springframework.security.web.authentication.logout.LogoutFilter@1398fd9e, org.springframework.security.web.authentication.UsernamePasswordAuthenticationFilter@3d0f7104, org.springframework.security.web.savedrequest.RequestCacheAwareFilter@7d71ee46, org.springframework.security.web.servletapi.SecurityContextHolderAwareRequestFilter@5ed93784, org.springframework.security.web.authentication.AnonymousAuthenticationFilter@5ea74bf4, org.springframework.security.web.session.SessionManagementFilter@2d4b1a08, org.springframework.security.web.access.ExceptionTranslationFilter@5de56dd7, org.springframework.security.web.access.intercept.FilterSecurityInterceptor@21d05235]
2026-06-04 22:57:33.284 [WARN ] spring.jpa.open-in-view is enabled by default. Therefore, database queries may be performed during view rendering. Explicitly configure spring.jpa.open-in-view to disable this warning
2026-06-04 22:57:34.386 [INFO ] LiveReload server is running on port 35729
2026-06-04 22:57:34.403 [INFO ] Starting ProtocolHandler ["http-nio-8700"]
2026-06-04 22:57:34.430 [INFO ] Tomcat started on port(s): 8700 (http) with context path ''
2026-06-04 22:57:34.441 [INFO ] Started RadarWebApplication in 11.483 seconds (JVM running for 13.829)
2026-06-04 22:58:34.441 [INFO ] Initializing Spring DispatcherServlet 'dispatcherServlet'
2026-06-04 22:58:34.442 [INFO ] Initializing Servlet 'dispatcherServlet'
2026-06-04 22:58:34.444 [INFO ] Completed initialization in 2 ms
2026-06-04 22:58:34.633 [INFO ] loginUser ::::: test
2026-06-04 22:59:17.923 [INFO ] Closing JPA EntityManagerFactory for persistence unit 'default'
2026-06-04 22:59:17.931 [INFO ] HikariPool-1 - Shutdown initiated...
2026-06-04 22:59:17.997 [INFO ] HikariPool-1 - Shutdown completed.
2026-06-04 22:59:54.658 [INFO ] Starting RadarWebApplication using Java 11.0.2 on haems with PID 28660 (C:\0003_kimsn\kimsn\radar-web\build\classes\java\main started by imeahmik in C:\0003_kimsn\kimsn)
2026-06-04 22:59:54.670 [DEBUG] Running with Spring Boot v2.7.12, Spring v5.3.27
2026-06-04 22:59:54.671 [INFO ] No active profile set, falling back to 1 default profile: "default"
2026-06-04 22:59:55.046 [INFO ] Devtools property defaults active! Set 'spring.devtools.add-properties' to 'false' to disable
2026-06-04 22:59:55.046 [INFO ] For additional web related logging consider setting the 'logging.level.web' property to 'DEBUG'
2026-06-04 22:59:56.459 [INFO ] Bootstrapping Spring Data JPA repositories in DEFAULT mode.
2026-06-04 22:59:56.804 [INFO ] Finished Spring Data repository scanning in 330 ms. Found 24 JPA repository interfaces.
2026-06-04 22:59:58.438 [INFO ] Tomcat initialized with port(s): 8700 (http)
2026-06-04 22:59:58.452 [INFO ] Initializing ProtocolHandler ["http-nio-8700"]
2026-06-04 22:59:58.453 [INFO ] Starting service [Tomcat]
2026-06-04 22:59:58.453 [INFO ] Starting Servlet engine: [Apache Tomcat/9.0.75]
2026-06-04 22:59:58.694 [INFO ] Initializing Spring embedded WebApplicationContext
2026-06-04 22:59:58.694 [INFO ] Root WebApplicationContext: initialization completed in 3647 ms
2026-06-04 22:59:58.839 [INFO ] HikariPool-1 - Starting...
2026-06-04 22:59:59.632 [INFO ] HikariPool-1 - Start completed.
2026-06-04 22:59:59.813 [INFO ] HHH000204: Processing PersistenceUnitInfo [name: default]
2026-06-04 22:59:59.932 [INFO ] HHH000412: Hibernate ORM core version 5.6.15.Final
2026-06-04 23:00:00.213 [INFO ] HCANN000001: Hibernate Commons Annotations {5.1.2.Final}
2026-06-04 23:00:00.519 [INFO ] HHH000400: Using dialect: org.hibernate.dialect.MySQL8Dialect
2026-06-04 23:00:02.151 [INFO ] HHH000490: Using JtaPlatform implementation: [org.hibernate.engine.transaction.jta.platform.internal.NoJtaPlatform]
2026-06-04 23:00:02.175 [INFO ] Initialized JPA EntityManagerFactory for persistence unit 'default'
2026-06-04 23:00:04.022 [INFO ] Will secure any request with [org.springframework.security.web.session.DisableEncodeUrlFilter@4610b505, org.springframework.security.web.context.request.async.WebAsyncManagerIntegrationFilter@4fc45f53, org.springframework.security.web.context.SecurityContextPersistenceFilter@7edfccfa, org.springframework.security.web.header.HeaderWriterFilter@3a8cb1fd, org.springframework.security.web.authentication.logout.LogoutFilter@4be2ce6, org.springframework.security.web.authentication.UsernamePasswordAuthenticationFilter@12b18318, org.springframework.security.web.savedrequest.RequestCacheAwareFilter@2c1a2db1, org.springframework.security.web.servletapi.SecurityContextHolderAwareRequestFilter@1254430e, org.springframework.security.web.authentication.AnonymousAuthenticationFilter@5173bcf0, org.springframework.security.web.session.SessionManagementFilter@65068c14, org.springframework.security.web.access.ExceptionTranslationFilter@3a2784e3, org.springframework.security.web.access.intercept.FilterSecurityInterceptor@68ddd4d]
2026-06-04 23:00:04.302 [WARN ] spring.jpa.open-in-view is enabled by default. Therefore, database queries may be performed during view rendering. Explicitly configure spring.jpa.open-in-view to disable this warning
2026-06-04 23:00:05.596 [INFO ] LiveReload server is running on port 35729
2026-06-04 23:00:05.619 [INFO ] Starting ProtocolHandler ["http-nio-8700"]
2026-06-04 23:00:05.652 [INFO ] Tomcat started on port(s): 8700 (http) with context path ''
2026-06-04 23:00:05.662 [INFO ] Started RadarWebApplication in 11.996 seconds (JVM running for 14.533)
2026-06-04 23:06:06.591 [INFO ] Closing JPA EntityManagerFactory for persistence unit 'default'
2026-06-04 23:06:06.595 [INFO ] HikariPool-1 - Shutdown initiated...
2026-06-04 23:06:06.601 [INFO ] HikariPool-1 - Shutdown completed.
2026-06-04 23:06:30.214 [INFO ] Starting RadarWebApplication using Java 11.0.2 on haems with PID 22224 (C:\0003_kimsn\kimsn\radar-web\build\classes\java\main started by imeahmik in C:\0003_kimsn\kimsn)
2026-06-04 23:06:30.232 [DEBUG] Running with Spring Boot v2.7.12, Spring v5.3.27
2026-06-04 23:06:30.233 [INFO ] No active profile set, falling back to 1 default profile: "default"
2026-06-04 23:06:30.624 [INFO ] Devtools property defaults active! Set 'spring.devtools.add-properties' to 'false' to disable
2026-06-04 23:06:30.624 [INFO ] For additional web related logging consider setting the 'logging.level.web' property to 'DEBUG'
2026-06-04 23:06:31.881 [INFO ] Bootstrapping Spring Data JPA repositories in DEFAULT mode.
2026-06-04 23:06:32.164 [INFO ] Finished Spring Data repository scanning in 268 ms. Found 24 JPA repository interfaces.
2026-06-04 23:06:33.744 [INFO ] Tomcat initialized with port(s): 8700 (http)
2026-06-04 23:06:33.774 [INFO ] Initializing ProtocolHandler ["http-nio-8700"]
2026-06-04 23:06:33.775 [INFO ] Starting service [Tomcat]
2026-06-04 23:06:33.775 [INFO ] Starting Servlet engine: [Apache Tomcat/9.0.75]
2026-06-04 23:06:34.134 [INFO ] Initializing Spring embedded WebApplicationContext
2026-06-04 23:06:34.134 [INFO ] Root WebApplicationContext: initialization completed in 3509 ms
2026-06-04 23:06:34.310 [INFO ] HikariPool-1 - Starting...
2026-06-04 23:06:35.467 [INFO ] HikariPool-1 - Start completed.
2026-06-04 23:06:35.593 [INFO ] HHH000204: Processing PersistenceUnitInfo [name: default]
2026-06-04 23:06:35.681 [INFO ] HHH000412: Hibernate ORM core version 5.6.15.Final
2026-06-04 23:06:35.959 [INFO ] HCANN000001: Hibernate Commons Annotations {5.1.2.Final}
2026-06-04 23:06:36.560 [INFO ] HHH000400: Using dialect: org.hibernate.dialect.MySQL8Dialect
2026-06-04 23:06:37.822 [INFO ] HHH000490: Using JtaPlatform implementation: [org.hibernate.engine.transaction.jta.platform.internal.NoJtaPlatform]
2026-06-04 23:06:37.841 [INFO ] Initialized JPA EntityManagerFactory for persistence unit 'default'
2026-06-04 23:06:39.364 [INFO ] Will secure any request with [org.springframework.security.web.session.DisableEncodeUrlFilter@4e044383, org.springframework.security.web.context.request.async.WebAsyncManagerIntegrationFilter@31adefb8, org.springframework.security.web.context.SecurityContextPersistenceFilter@38430034, org.springframework.security.web.header.HeaderWriterFilter@5ff144e0, org.springframework.security.web.authentication.logout.LogoutFilter@2d8bb700, org.springframework.security.web.authentication.UsernamePasswordAuthenticationFilter@5eb6cdde, org.springframework.security.web.savedrequest.RequestCacheAwareFilter@1da297a2, org.springframework.security.web.servletapi.SecurityContextHolderAwareRequestFilter@53c1ccc9, org.springframework.security.web.authentication.AnonymousAuthenticationFilter@591d1c6e, org.springframework.security.web.session.SessionManagementFilter@5f3fabd7, org.springframework.security.web.access.ExceptionTranslationFilter@3db12031, org.springframework.security.web.access.intercept.FilterSecurityInterceptor@dc9f0bd]
2026-06-04 23:06:39.574 [WARN ] spring.jpa.open-in-view is enabled by default. Therefore, database queries may be performed during view rendering. Explicitly configure spring.jpa.open-in-view to disable this warning
2026-06-04 23:06:40.726 [INFO ] LiveReload server is running on port 35729
2026-06-04 23:06:40.745 [INFO ] Starting ProtocolHandler ["http-nio-8700"]
2026-06-04 23:06:40.772 [INFO ] Tomcat started on port(s): 8700 (http) with context path ''
2026-06-04 23:06:40.781 [INFO ] Started RadarWebApplication in 11.429 seconds (JVM running for 14.241)
2026-06-04 23:06:54.413 [INFO ] Initializing Spring DispatcherServlet 'dispatcherServlet'
2026-06-04 23:06:54.414 [INFO ] Initializing Servlet 'dispatcherServlet'
2026-06-04 23:06:54.416 [INFO ] Completed initialization in 2 ms
2026-06-04 23:06:54.560 [INFO ] loginUser ::::: test
2026-06-04 23:08:11.518 [INFO ] Closing JPA EntityManagerFactory for persistence unit 'default'
2026-06-04 23:08:11.522 [INFO ] HikariPool-1 - Shutdown initiated...
2026-06-04 23:08:11.526 [INFO ] HikariPool-1 - Shutdown completed.
2026-06-04 23:08:39.166 [INFO ] Starting RadarWebApplication using Java 11.0.2 on haems with PID 27452 (C:\0003_kimsn\kimsn\radar-web\build\classes\java\main started by imeahmik in C:\0003_kimsn\kimsn)
2026-06-04 23:08:39.179 [DEBUG] Running with Spring Boot v2.7.12, Spring v5.3.27
2026-06-04 23:08:39.181 [INFO ] No active profile set, falling back to 1 default profile: "default"
2026-06-04 23:08:39.533 [INFO ] Devtools property defaults active! Set 'spring.devtools.add-properties' to 'false' to disable
2026-06-04 23:08:39.533 [INFO ] For additional web related logging consider setting the 'logging.level.web' property to 'DEBUG'
2026-06-04 23:08:40.738 [INFO ] Bootstrapping Spring Data JPA repositories in DEFAULT mode.
2026-06-04 23:08:41.003 [INFO ] Finished Spring Data repository scanning in 254 ms. Found 24 JPA repository interfaces.
2026-06-04 23:08:43.202 [INFO ] Tomcat initialized with port(s): 8700 (http)
2026-06-04 23:08:43.232 [INFO ] Initializing ProtocolHandler ["http-nio-8700"]
2026-06-04 23:08:43.233 [INFO ] Starting service [Tomcat]
2026-06-04 23:08:43.234 [INFO ] Starting Servlet engine: [Apache Tomcat/9.0.75]
2026-06-04 23:08:43.660 [INFO ] Initializing Spring embedded WebApplicationContext
2026-06-04 23:08:43.660 [INFO ] Root WebApplicationContext: initialization completed in 4125 ms
2026-06-04 23:08:43.929 [INFO ] HikariPool-1 - Starting...
2026-06-04 23:08:45.273 [INFO ] HikariPool-1 - Start completed.
2026-06-04 23:08:45.498 [INFO ] HHH000204: Processing PersistenceUnitInfo [name: default]
2026-06-04 23:08:45.742 [INFO ] HHH000412: Hibernate ORM core version 5.6.15.Final
2026-06-04 23:08:46.130 [INFO ] HCANN000001: Hibernate Commons Annotations {5.1.2.Final}
2026-06-04 23:08:46.568 [INFO ] HHH000400: Using dialect: org.hibernate.dialect.MySQL8Dialect
2026-06-04 23:08:48.546 [INFO ] HHH000490: Using JtaPlatform implementation: [org.hibernate.engine.transaction.jta.platform.internal.NoJtaPlatform]
2026-06-04 23:08:48.587 [INFO ] Initialized JPA EntityManagerFactory for persistence unit 'default'
2026-06-04 23:08:50.537 [INFO ] Will secure any request with [org.springframework.security.web.session.DisableEncodeUrlFilter@180eab6e, org.springframework.security.web.context.request.async.WebAsyncManagerIntegrationFilter@f8a5f9c, org.springframework.security.web.context.SecurityContextPersistenceFilter@79222a03, org.springframework.security.web.header.HeaderWriterFilter@769131ac, org.springframework.security.web.authentication.logout.LogoutFilter@6fa4d951, org.springframework.security.web.authentication.UsernamePasswordAuthenticationFilter@6f1a05c4, org.springframework.security.web.savedrequest.RequestCacheAwareFilter@8110ffe, org.springframework.security.web.servletapi.SecurityContextHolderAwareRequestFilter@4892c5c3, org.springframework.security.web.authentication.AnonymousAuthenticationFilter@30815f8c, org.springframework.security.web.session.SessionManagementFilter@f0b7500, org.springframework.security.web.access.ExceptionTranslationFilter@7cc52634, org.springframework.security.web.access.intercept.FilterSecurityInterceptor@2c748dbb]
2026-06-04 23:08:50.817 [WARN ] spring.jpa.open-in-view is enabled by default. Therefore, database queries may be performed during view rendering. Explicitly configure spring.jpa.open-in-view to disable this warning
2026-06-04 23:08:52.378 [INFO ] LiveReload server is running on port 35729
2026-06-04 23:08:52.401 [INFO ] Starting ProtocolHandler ["http-nio-8700"]
2026-06-04 23:08:52.432 [INFO ] Tomcat started on port(s): 8700 (http) with context path ''
2026-06-04 23:08:52.446 [INFO ] Started RadarWebApplication in 14.151 seconds (JVM running for 16.922)
2026-06-04 23:09:11.493 [INFO ] Initializing Spring DispatcherServlet 'dispatcherServlet'
2026-06-04 23:09:11.493 [INFO ] Initializing Servlet 'dispatcherServlet'
2026-06-04 23:09:11.496 [INFO ] Completed initialization in 3 ms
2026-06-04 23:09:11.637 [INFO ] loginUser ::::: test
2026-06-04 23:09:52.645 [INFO ] loginUser ::::: test
2026-06-04 23:10:07.233 [INFO ] Closing JPA EntityManagerFactory for persistence unit 'default'
2026-06-04 23:10:07.236 [INFO ] HikariPool-1 - Shutdown initiated...
2026-06-04 23:10:07.239 [INFO ] HikariPool-1 - Shutdown completed.
2026-06-04 23:10:34.401 [INFO ] Starting RadarWebApplication using Java 11.0.2 on haems with PID 30196 (C:\0003_kimsn\kimsn\radar-web\build\classes\java\main started by imeahmik in C:\0003_kimsn\kimsn)
2026-06-04 23:10:34.411 [DEBUG] Running with Spring Boot v2.7.12, Spring v5.3.27
2026-06-04 23:10:34.413 [INFO ] No active profile set, falling back to 1 default profile: "default"
2026-06-04 23:10:34.829 [INFO ] Devtools property defaults active! Set 'spring.devtools.add-properties' to 'false' to disable
2026-06-04 23:10:34.830 [INFO ] For additional web related logging consider setting the 'logging.level.web' property to 'DEBUG'
2026-06-04 23:10:35.995 [INFO ] Bootstrapping Spring Data JPA repositories in DEFAULT mode.
2026-06-04 23:10:36.287 [INFO ] Finished Spring Data repository scanning in 278 ms. Found 24 JPA repository interfaces.
2026-06-04 23:10:37.625 [INFO ] Tomcat initialized with port(s): 8700 (http)
2026-06-04 23:10:37.640 [INFO ] Initializing ProtocolHandler ["http-nio-8700"]
2026-06-04 23:10:37.640 [INFO ] Starting service [Tomcat]
2026-06-04 23:10:37.640 [INFO ] Starting Servlet engine: [Apache Tomcat/9.0.75]
2026-06-04 23:10:37.832 [INFO ] Initializing Spring embedded WebApplicationContext
2026-06-04 23:10:37.832 [INFO ] Root WebApplicationContext: initialization completed in 3001 ms
2026-06-04 23:10:37.962 [INFO ] HikariPool-1 - Starting...
2026-06-04 23:10:38.886 [INFO ] HikariPool-1 - Start completed.
2026-06-04 23:10:39.002 [INFO ] HHH000204: Processing PersistenceUnitInfo [name: default]
2026-06-04 23:10:39.080 [INFO ] HHH000412: Hibernate ORM core version 5.6.15.Final
2026-06-04 23:10:39.310 [INFO ] HCANN000001: Hibernate Commons Annotations {5.1.2.Final}
2026-06-04 23:10:39.840 [INFO ] HHH000400: Using dialect: org.hibernate.dialect.MySQL8Dialect
2026-06-04 23:10:40.968 [INFO ] HHH000490: Using JtaPlatform implementation: [org.hibernate.engine.transaction.jta.platform.internal.NoJtaPlatform]
2026-06-04 23:10:40.985 [INFO ] Initialized JPA EntityManagerFactory for persistence unit 'default'
2026-06-04 23:10:42.419 [INFO ] Will secure any request with [org.springframework.security.web.session.DisableEncodeUrlFilter@61f9ccdd, org.springframework.security.web.context.request.async.WebAsyncManagerIntegrationFilter@7b958db3, org.springframework.security.web.context.SecurityContextPersistenceFilter@46402f34, org.springframework.security.web.header.HeaderWriterFilter@6f9a0f5a, org.springframework.security.web.authentication.logout.LogoutFilter@1b0c21f0, org.springframework.security.web.authentication.UsernamePasswordAuthenticationFilter@33574ef7, org.springframework.security.web.savedrequest.RequestCacheAwareFilter@675d1ba6, org.springframework.security.web.servletapi.SecurityContextHolderAwareRequestFilter@2162b519, org.springframework.security.web.authentication.AnonymousAuthenticationFilter@72bc54c0, org.springframework.security.web.session.SessionManagementFilter@1be75ea5, org.springframework.security.web.access.ExceptionTranslationFilter@6613c9d1, org.springframework.security.web.access.intercept.FilterSecurityInterceptor@55935b]
2026-06-04 23:10:42.650 [WARN ] spring.jpa.open-in-view is enabled by default. Therefore, database queries may be performed during view rendering. Explicitly configure spring.jpa.open-in-view to disable this warning
2026-06-04 23:10:43.857 [INFO ] LiveReload server is running on port 35729
2026-06-04 23:10:43.878 [INFO ] Starting ProtocolHandler ["http-nio-8700"]
2026-06-04 23:10:43.908 [INFO ] Tomcat started on port(s): 8700 (http) with context path ''
2026-06-04 23:10:43.920 [INFO ] Started RadarWebApplication in 10.277 seconds (JVM running for 12.691)
2026-06-04 23:11:22.040 [INFO ] Initializing Spring DispatcherServlet 'dispatcherServlet'
2026-06-04 23:11:22.040 [INFO ] Initializing Servlet 'dispatcherServlet'
2026-06-04 23:11:22.042 [INFO ] Completed initialization in 2 ms
2026-06-04 23:11:22.236 [INFO ] loginUser ::::: test
2026-06-04 23:12:27.217 [INFO ] Closing JPA EntityManagerFactory for persistence unit 'default'
2026-06-04 23:12:27.221 [INFO ] HikariPool-1 - Shutdown initiated...
2026-06-04 23:12:27.226 [INFO ] HikariPool-1 - Shutdown completed.
2026-06-04 23:12:51.295 [INFO ] Starting RadarWebApplication using Java 11.0.2 on haems with PID 17380 (C:\0003_kimsn\kimsn\radar-web\build\classes\java\main started by imeahmik in C:\0003_kimsn\kimsn)
2026-06-04 23:12:51.316 [DEBUG] Running with Spring Boot v2.7.12, Spring v5.3.27
2026-06-04 23:12:51.318 [INFO ] No active profile set, falling back to 1 default profile: "default"
2026-06-04 23:12:51.698 [INFO ] Devtools property defaults active! Set 'spring.devtools.add-properties' to 'false' to disable
2026-06-04 23:12:51.698 [INFO ] For additional web related logging consider setting the 'logging.level.web' property to 'DEBUG'
2026-06-04 23:12:52.922 [INFO ] Bootstrapping Spring Data JPA repositories in DEFAULT mode.
2026-06-04 23:12:53.249 [INFO ] Finished Spring Data repository scanning in 310 ms. Found 24 JPA repository interfaces.
2026-06-04 23:12:54.576 [INFO ] Tomcat initialized with port(s): 8700 (http)
2026-06-04 23:12:54.593 [INFO ] Initializing ProtocolHandler ["http-nio-8700"]
2026-06-04 23:12:54.594 [INFO ] Starting service [Tomcat]
2026-06-04 23:12:54.594 [INFO ] Starting Servlet engine: [Apache Tomcat/9.0.75]
2026-06-04 23:12:54.830 [INFO ] Initializing Spring embedded WebApplicationContext
2026-06-04 23:12:54.830 [INFO ] Root WebApplicationContext: initialization completed in 3130 ms
2026-06-04 23:12:54.966 [INFO ] HikariPool-1 - Starting...
2026-06-04 23:12:55.817 [INFO ] HikariPool-1 - Start completed.
2026-06-04 23:12:55.936 [INFO ] HHH000204: Processing PersistenceUnitInfo [name: default]
2026-06-04 23:12:56.059 [INFO ] HHH000412: Hibernate ORM core version 5.6.15.Final
2026-06-04 23:12:56.369 [INFO ] HCANN000001: Hibernate Commons Annotations {5.1.2.Final}
2026-06-04 23:12:56.768 [INFO ] HHH000400: Using dialect: org.hibernate.dialect.MySQL8Dialect
2026-06-04 23:12:58.130 [INFO ] HHH000490: Using JtaPlatform implementation: [org.hibernate.engine.transaction.jta.platform.internal.NoJtaPlatform]
2026-06-04 23:12:58.157 [INFO ] Initialized JPA EntityManagerFactory for persistence unit 'default'
2026-06-04 23:12:59.693 [INFO ] Will secure any request with [org.springframework.security.web.session.DisableEncodeUrlFilter@639e907b, org.springframework.security.web.context.request.async.WebAsyncManagerIntegrationFilter@4cae27f1, org.springframework.security.web.context.SecurityContextPersistenceFilter@2162b519, org.springframework.security.web.header.HeaderWriterFilter@743e821d, org.springframework.security.web.authentication.logout.LogoutFilter@5a085f59, org.springframework.security.web.authentication.UsernamePasswordAuthenticationFilter@7b958db3, org.springframework.security.web.savedrequest.RequestCacheAwareFilter@1b0b5a59, org.springframework.security.web.servletapi.SecurityContextHolderAwareRequestFilter@1484f2b5, org.springframework.security.web.authentication.AnonymousAuthenticationFilter@1b81d3c2, org.springframework.security.web.session.SessionManagementFilter@46402f34, org.springframework.security.web.access.ExceptionTranslationFilter@17bf113d, org.springframework.security.web.access.intercept.FilterSecurityInterceptor@5d4ef4d3]
2026-06-04 23:13:00.000 [WARN ] spring.jpa.open-in-view is enabled by default. Therefore, database queries may be performed during view rendering. Explicitly configure spring.jpa.open-in-view to disable this warning
2026-06-04 23:13:01.099 [INFO ] LiveReload server is running on port 35729
2026-06-04 23:13:01.125 [INFO ] Starting ProtocolHandler ["http-nio-8700"]
2026-06-04 23:13:01.163 [INFO ] Tomcat started on port(s): 8700 (http) with context path ''
2026-06-04 23:13:01.178 [INFO ] Started RadarWebApplication in 10.854 seconds (JVM running for 13.654)
2026-06-04 23:13:33.844 [INFO ] Initializing Spring DispatcherServlet 'dispatcherServlet'
2026-06-04 23:13:33.844 [INFO ] Initializing Servlet 'dispatcherServlet'
2026-06-04 23:13:33.845 [INFO ] Completed initialization in 1 ms
2026-06-04 23:13:34.007 [INFO ] loginUser ::::: test
2026-06-04 23:14:52.435 [WARN ] Creation of SecureRandom instance for session ID generation using [SHA1PRNG] took [613] milliseconds.
2026-06-04 23:15:03.479 [INFO ] loginUser ::::: test
2026-06-04 23:15:03.972 [INFO ] loginUser ::::: test
2026-06-04 23:15:07.420 [INFO ] rsDto.getDataKind() : RDR
2026-06-04 23:15:07.420 [INFO ] rsDto.getDataType() : NQC
2026-06-04 23:15:07.421 [INFO ] site : KWK
2026-06-04 23:15:07.519 [INFO ] rdrMap :::: []
2026-06-04 23:15:07.529 [INFO ] keySet ::::::: {NQC=[2026.06.04_23:15, 2026.06.04_23:10, 2026.06.04_23:05, 2026.06.04_23:00, 2026.06.04_22:55, 2026.06.04_22:50, 2026.06.04_22:45, 2026.06.04_22:40, 2026.06.04_22:35, 2026.06.04_22:30, 2026.06.04_22:25, 2026.06.04_22:20, 2026.06.04_22:15, 2026.06.04_22:10, 2026.06.04_22:05, 2026.06.04_22:00, 2026.06.04_21:55, 2026.06.04_21:50, 2026.06.04_21:45, 2026.06.04_21:40, 2026.06.04_21:35, 2026.06.04_21:30, 2026.06.04_21:25, 2026.06.04_21:20, 2026.06.04_21:15, 2026.06.04_21:10, 2026.06.04_21:05, 2026.06.04_21:00, 2026.06.04_20:55, 2026.06.04_20:50, 2026.06.04_20:45, 2026.06.04_20:40, 2026.06.04_20:35, 2026.06.04_20:30, 2026.06.04_20:25, 2026.06.04_20:20]}
2026-06-04 23:15:38.449 [INFO ] rsDto.getDataKind() : RDR
2026-06-04 23:15:38.449 [INFO ] rsDto.getDataType() : NQC
2026-06-04 23:15:38.449 [INFO ] site : KWK
2026-06-04 23:15:38.509 [INFO ] rdrMap :::: []
2026-06-04 23:15:38.510 [INFO ] keySet ::::::: {NQC=[2026.06.04_23:15, 2026.06.04_23:10, 2026.06.04_23:05, 2026.06.04_23:00, 2026.06.04_22:55, 2026.06.04_22:50, 2026.06.04_22:45, 2026.06.04_22:40, 2026.06.04_22:35, 2026.06.04_22:30, 2026.06.04_22:25, 2026.06.04_22:20, 2026.06.04_22:15, 2026.06.04_22:10, 2026.06.04_22:05, 2026.06.04_22:00, 2026.06.04_21:55, 2026.06.04_21:50, 2026.06.04_21:45, 2026.06.04_21:40, 2026.06.04_21:35, 2026.06.04_21:30, 2026.06.04_21:25, 2026.06.04_21:20, 2026.06.04_21:15, 2026.06.04_21:10, 2026.06.04_21:05, 2026.06.04_21:00, 2026.06.04_20:55, 2026.06.04_20:50, 2026.06.04_20:45, 2026.06.04_20:40, 2026.06.04_20:35, 2026.06.04_20:30, 2026.06.04_20:25, 2026.06.04_20:20]}
2026-06-04 23:16:09.490 [INFO ] rsDto.getDataKind() : RDR
2026-06-04 23:16:09.490 [INFO ] rsDto.getDataType() : NQC
2026-06-04 23:16:09.490 [INFO ] site : KWK
2026-06-04 23:16:09.538 [INFO ] rdrMap :::: []
2026-06-04 23:16:09.541 [INFO ] keySet ::::::: {NQC=[2026.06.04_23:15, 2026.06.04_23:10, 2026.06.04_23:05, 2026.06.04_23:00, 2026.06.04_22:55, 2026.06.04_22:50, 2026.06.04_22:45, 2026.06.04_22:40, 2026.06.04_22:35, 2026.06.04_22:30, 2026.06.04_22:25, 2026.06.04_22:20, 2026.06.04_22:15, 2026.06.04_22:10, 2026.06.04_22:05, 2026.06.04_22:00, 2026.06.04_21:55, 2026.06.04_21:50, 2026.06.04_21:45, 2026.06.04_21:40, 2026.06.04_21:35, 2026.06.04_21:30, 2026.06.04_21:25, 2026.06.04_21:20, 2026.06.04_21:15, 2026.06.04_21:10, 2026.06.04_21:05, 2026.06.04_21:00, 2026.06.04_20:55, 2026.06.04_20:50, 2026.06.04_20:45, 2026.06.04_20:40, 2026.06.04_20:35, 2026.06.04_20:30, 2026.06.04_20:25, 2026.06.04_20:20]}
2026-06-04 23:16:40.539 [INFO ] rsDto.getDataKind() : RDR
2026-06-04 23:16:40.539 [INFO ] rsDto.getDataType() : NQC
2026-06-04 23:16:40.539 [INFO ] site : KWK
2026-06-04 23:16:40.590 [INFO ] rdrMap :::: []
2026-06-04 23:16:40.592 [INFO ] keySet ::::::: {NQC=[2026.06.04_23:15, 2026.06.04_23:10, 2026.06.04_23:05, 2026.06.04_23:00, 2026.06.04_22:55, 2026.06.04_22:50, 2026.06.04_22:45, 2026.06.04_22:40, 2026.06.04_22:35, 2026.06.04_22:30, 2026.06.04_22:25, 2026.06.04_22:20, 2026.06.04_22:15, 2026.06.04_22:10, 2026.06.04_22:05, 2026.06.04_22:00, 2026.06.04_21:55, 2026.06.04_21:50, 2026.06.04_21:45, 2026.06.04_21:40, 2026.06.04_21:35, 2026.06.04_21:30, 2026.06.04_21:25, 2026.06.04_21:20, 2026.06.04_21:15, 2026.06.04_21:10, 2026.06.04_21:05, 2026.06.04_21:00, 2026.06.04_20:55, 2026.06.04_20:50, 2026.06.04_20:45, 2026.06.04_20:40, 2026.06.04_20:35, 2026.06.04_20:30, 2026.06.04_20:25, 2026.06.04_20:20]}
2026-06-04 23:16:50.028 [INFO ] Closing JPA EntityManagerFactory for persistence unit 'default'
2026-06-04 23:16:50.060 [INFO ] HikariPool-1 - Shutdown initiated...
2026-06-04 23:16:50.259 [INFO ] HikariPool-1 - Shutdown completed.
2026-06-04 23:17:18.183 [INFO ] Starting RadarWebApplication using Java 11.0.2 on haems with PID 16400 (C:\0003_kimsn\kimsn\radar-web\build\classes\java\main started by imeahmik in C:\0003_kimsn\kimsn)
2026-06-04 23:17:18.207 [DEBUG] Running with Spring Boot v2.7.12, Spring v5.3.27
2026-06-04 23:17:18.210 [INFO ] No active profile set, falling back to 1 default profile: "default"
2026-06-04 23:17:18.939 [INFO ] Devtools property defaults active! Set 'spring.devtools.add-properties' to 'false' to disable
2026-06-04 23:17:18.939 [INFO ] For additional web related logging consider setting the 'logging.level.web' property to 'DEBUG'
2026-06-04 23:17:21.303 [INFO ] Bootstrapping Spring Data JPA repositories in DEFAULT mode.
2026-06-04 23:17:21.936 [INFO ] Finished Spring Data repository scanning in 599 ms. Found 24 JPA repository interfaces.
2026-06-04 23:17:24.376 [INFO ] Tomcat initialized with port(s): 8700 (http)
2026-06-04 23:17:24.394 [INFO ] Initializing ProtocolHandler ["http-nio-8700"]
2026-06-04 23:17:24.396 [INFO ] Starting service [Tomcat]
2026-06-04 23:17:24.396 [INFO ] Starting Servlet engine: [Apache Tomcat/9.0.75]
2026-06-04 23:17:24.777 [INFO ] Initializing Spring embedded WebApplicationContext
2026-06-04 23:17:24.777 [INFO ] Root WebApplicationContext: initialization completed in 5835 ms
2026-06-04 23:17:24.964 [WARN ] Cannot deserialize session attribute [SPRING_SECURITY_CONTEXT] for session [A8063127E3835B34B85B0B052D3C1F1C]
2026-06-04 23:17:25.062 [INFO ] HikariPool-1 - Starting...
2026-06-04 23:17:26.276 [INFO ] HikariPool-1 - Start completed.
2026-06-04 23:17:26.535 [INFO ] HHH000204: Processing PersistenceUnitInfo [name: default]
2026-06-04 23:17:26.759 [INFO ] HHH000412: Hibernate ORM core version 5.6.15.Final
2026-06-04 23:17:27.381 [INFO ] HCANN000001: Hibernate Commons Annotations {5.1.2.Final}
2026-06-04 23:17:28.035 [INFO ] HHH000400: Using dialect: org.hibernate.dialect.MySQL8Dialect
2026-06-04 23:17:30.022 [INFO ] HHH000490: Using JtaPlatform implementation: [org.hibernate.engine.transaction.jta.platform.internal.NoJtaPlatform]
2026-06-04 23:17:30.056 [INFO ] Initialized JPA EntityManagerFactory for persistence unit 'default'
2026-06-04 23:17:32.835 [INFO ] Will secure any request with [org.springframework.security.web.session.DisableEncodeUrlFilter@3fc4130, org.springframework.security.web.context.request.async.WebAsyncManagerIntegrationFilter@5515fcd2, org.springframework.security.web.context.SecurityContextPersistenceFilter@253e3e69, org.springframework.security.web.header.HeaderWriterFilter@35907a33, org.springframework.security.web.authentication.logout.LogoutFilter@41556c85, org.springframework.security.web.authentication.UsernamePasswordAuthenticationFilter@121e9fd8, org.springframework.security.web.savedrequest.RequestCacheAwareFilter@3d5c8545, org.springframework.security.web.servletapi.SecurityContextHolderAwareRequestFilter@7d050aa5, org.springframework.security.web.authentication.AnonymousAuthenticationFilter@331349f7, org.springframework.security.web.session.SessionManagementFilter@47829892, org.springframework.security.web.access.ExceptionTranslationFilter@60f1e68d, org.springframework.security.web.access.intercept.FilterSecurityInterceptor@4d653a87]
2026-06-04 23:17:33.248 [WARN ] spring.jpa.open-in-view is enabled by default. Therefore, database queries may be performed during view rendering. Explicitly configure spring.jpa.open-in-view to disable this warning
2026-06-04 23:17:35.229 [INFO ] LiveReload server is running on port 35729
2026-06-04 23:17:35.272 [INFO ] Starting ProtocolHandler ["http-nio-8700"]
2026-06-04 23:17:35.325 [INFO ] Tomcat started on port(s): 8700 (http) with context path ''
2026-06-04 23:17:35.347 [INFO ] Started RadarWebApplication in 18.611 seconds (JVM running for 21.732)
2026-06-04 23:17:54.049 [INFO ] Initializing Spring DispatcherServlet 'dispatcherServlet'
2026-06-04 23:17:54.049 [INFO ] Initializing Servlet 'dispatcherServlet'
2026-06-04 23:17:54.051 [INFO ] Completed initialization in 2 ms
2026-06-04 23:18:00.849 [WARN ] Creation of SecureRandom instance for session ID generation using [SHA1PRNG] took [338] milliseconds.
2026-06-04 23:18:00.889 [INFO ] loginUser ::::: test
2026-06-04 23:19:36.623 [INFO ] loginUser ::::: test
2026-06-04 23:19:45.050 [INFO ] Closing JPA EntityManagerFactory for persistence unit 'default'
2026-06-04 23:19:45.055 [INFO ] HikariPool-1 - Shutdown initiated...
2026-06-04 23:19:45.063 [INFO ] HikariPool-1 - Shutdown completed.
2026-06-04 23:20:10.426 [INFO ] Starting RadarWebApplication using Java 11.0.2 on haems with PID 18940 (C:\0003_kimsn\kimsn\radar-web\build\classes\java\main started by imeahmik in C:\0003_kimsn\kimsn)
2026-06-04 23:20:10.440 [DEBUG] Running with Spring Boot v2.7.12, Spring v5.3.27
2026-06-04 23:20:10.441 [INFO ] No active profile set, falling back to 1 default profile: "default"
2026-06-04 23:20:10.842 [INFO ] Devtools property defaults active! Set 'spring.devtools.add-properties' to 'false' to disable
2026-06-04 23:20:10.842 [INFO ] For additional web related logging consider setting the 'logging.level.web' property to 'DEBUG'
2026-06-04 23:20:12.015 [INFO ] Bootstrapping Spring Data JPA repositories in DEFAULT mode.
2026-06-04 23:20:12.329 [INFO ] Finished Spring Data repository scanning in 299 ms. Found 24 JPA repository interfaces.
2026-06-04 23:20:13.734 [INFO ] Tomcat initialized with port(s): 8700 (http)
2026-06-04 23:20:13.748 [INFO ] Initializing ProtocolHandler ["http-nio-8700"]
2026-06-04 23:20:13.749 [INFO ] Starting service [Tomcat]
2026-06-04 23:20:13.749 [INFO ] Starting Servlet engine: [Apache Tomcat/9.0.75]
2026-06-04 23:20:13.964 [INFO ] Initializing Spring embedded WebApplicationContext
2026-06-04 23:20:13.964 [INFO ] Root WebApplicationContext: initialization completed in 3121 ms
2026-06-04 23:20:14.082 [WARN ] Cannot deserialize session attribute [SPRING_SECURITY_CONTEXT] for session [F749971401DEF5BD02F17E105AB6530D]
2026-06-04 23:20:14.084 [ERROR] Exception loading sessions from persistent storage
java.lang.ClassCastException: class java.io.ObjectStreamClass cannot be cast to class java.lang.String (java.io.ObjectStreamClass and java.lang.String are in module java.base of loader 'bootstrap')
	at java.io.ObjectInputStream.readTypeString(ObjectInputStream.java:1671) ~[?:?]
	at java.io.ObjectStreamClass.readNonProxy(ObjectStreamClass.java:793) ~[?:?]
	at java.io.ObjectInputStream.readClassDescriptor(ObjectInputStream.java:902) ~[?:?]
	at java.io.ObjectInputStream.readNonProxyDesc(ObjectInputStream.java:1875) ~[?:?]
	at java.io.ObjectInputStream.readClassDesc(ObjectInputStream.java:1772) ~[?:?]
	at java.io.ObjectInputStream.readOrdinaryObject(ObjectInputStream.java:2060) ~[?:?]
	at java.io.ObjectInputStream.readObject0(ObjectInputStream.java:1594) ~[?:?]
	at java.io.ObjectInputStream.readObject(ObjectInputStream.java:430) ~[?:?]
	at org.apache.catalina.session.StandardSession.doReadObject(StandardSession.java:1635) ~[tomcat-embed-core-9.0.75.jar:9.0.75]
	at org.apache.catalina.session.StandardSession.readObjectData(StandardSession.java:1050) ~[tomcat-embed-core-9.0.75.jar:9.0.75]
	at org.apache.catalina.session.StandardManager.doLoad(StandardManager.java:219) ~[tomcat-embed-core-9.0.75.jar:9.0.75]
	at org.apache.catalina.session.StandardManager.load(StandardManager.java:162) ~[tomcat-embed-core-9.0.75.jar:9.0.75]
	at org.apache.catalina.session.StandardManager.startInternal(StandardManager.java:356) ~[tomcat-embed-core-9.0.75.jar:9.0.75]
	at org.apache.catalina.util.LifecycleBase.start(LifecycleBase.java:183) ~[tomcat-embed-core-9.0.75.jar:9.0.75]
	at org.apache.catalina.core.StandardContext.startInternal(StandardContext.java:4963) ~[tomcat-embed-core-9.0.75.jar:9.0.75]
	at org.apache.catalina.util.LifecycleBase.start(LifecycleBase.java:183) ~[tomcat-embed-core-9.0.75.jar:9.0.75]
	at org.apache.catalina.core.ContainerBase$StartChild.call(ContainerBase.java:1332) ~[tomcat-embed-core-9.0.75.jar:9.0.75]
	at org.apache.catalina.core.ContainerBase$StartChild.call(ContainerBase.java:1322) ~[tomcat-embed-core-9.0.75.jar:9.0.75]
	at java.util.concurrent.FutureTask.run(FutureTask.java:264) ~[?:?]
	at org.apache.tomcat.util.threads.InlineExecutorService.execute(InlineExecutorService.java:75) ~[tomcat-embed-core-9.0.75.jar:9.0.75]
	at java.util.concurrent.AbstractExecutorService.submit(AbstractExecutorService.java:140) ~[?:?]
	at org.apache.catalina.core.ContainerBase.startInternal(ContainerBase.java:871) ~[tomcat-embed-core-9.0.75.jar:9.0.75]
	at org.apache.catalina.core.StandardHost.startInternal(StandardHost.java:795) ~[tomcat-embed-core-9.0.75.jar:9.0.75]
	at org.apache.catalina.util.LifecycleBase.start(LifecycleBase.java:183) ~[tomcat-embed-core-9.0.75.jar:9.0.75]
	at org.apache.catalina.core.ContainerBase$StartChild.call(ContainerBase.java:1332) ~[tomcat-embed-core-9.0.75.jar:9.0.75]
	at org.apache.catalina.core.ContainerBase$StartChild.call(ContainerBase.java:1322) ~[tomcat-embed-core-9.0.75.jar:9.0.75]
	at java.util.concurrent.FutureTask.run(FutureTask.java:264) ~[?:?]
	at org.apache.tomcat.util.threads.InlineExecutorService.execute(InlineExecutorService.java:75) ~[tomcat-embed-core-9.0.75.jar:9.0.75]
	at java.util.concurrent.AbstractExecutorService.submit(AbstractExecutorService.java:140) ~[?:?]
	at org.apache.catalina.core.ContainerBase.startInternal(ContainerBase.java:871) ~[tomcat-embed-core-9.0.75.jar:9.0.75]
	at org.apache.catalina.core.StandardEngine.startInternal(StandardEngine.java:249) ~[tomcat-embed-core-9.0.75.jar:9.0.75]
	at org.apache.catalina.util.LifecycleBase.start(LifecycleBase.java:183) ~[tomcat-embed-core-9.0.75.jar:9.0.75]
	at org.apache.catalina.core.StandardService.startInternal(StandardService.java:428) ~[tomcat-embed-core-9.0.75.jar:9.0.75]
	at org.apache.catalina.util.LifecycleBase.start(LifecycleBase.java:183) ~[tomcat-embed-core-9.0.75.jar:9.0.75]
	at org.apache.catalina.core.StandardServer.startInternal(StandardServer.java:914) ~[tomcat-embed-core-9.0.75.jar:9.0.75]
	at org.apache.catalina.util.LifecycleBase.start(LifecycleBase.java:183) ~[tomcat-embed-core-9.0.75.jar:9.0.75]
	at org.apache.catalina.startup.Tomcat.start(Tomcat.java:486) ~[tomcat-embed-core-9.0.75.jar:9.0.75]
	at org.springframework.boot.web.embedded.tomcat.TomcatWebServer.initialize(TomcatWebServer.java:123) ~[spring-boot-2.7.12.jar:2.7.12]
	at org.springframework.boot.web.embedded.tomcat.TomcatWebServer.<init>(TomcatWebServer.java:104) ~[spring-boot-2.7.12.jar:2.7.12]
	at org.springframework.boot.web.embedded.tomcat.TomcatServletWebServerFactory.getTomcatWebServer(TomcatServletWebServerFactory.java:481) ~[spring-boot-2.7.12.jar:2.7.12]
	at org.springframework.boot.web.embedded.tomcat.TomcatServletWebServerFactory.getWebServer(TomcatServletWebServerFactory.java:211) ~[spring-boot-2.7.12.jar:2.7.12]
	at org.springframework.boot.web.servlet.context.ServletWebServerApplicationContext.createWebServer(ServletWebServerApplicationContext.java:184) ~[spring-boot-2.7.12.jar:2.7.12]
	at org.springframework.boot.web.servlet.context.ServletWebServerApplicationContext.onRefresh(ServletWebServerApplicationContext.java:162) ~[spring-boot-2.7.12.jar:2.7.12]
	at org.springframework.context.support.AbstractApplicationContext.refresh(AbstractApplicationContext.java:577) ~[spring-context-5.3.27.jar:5.3.27]
	at org.springframework.boot.web.servlet.context.ServletWebServerApplicationContext.refresh(ServletWebServerApplicationContext.java:147) ~[spring-boot-2.7.12.jar:2.7.12]
	at org.springframework.boot.SpringApplication.refresh(SpringApplication.java:731) ~[spring-boot-2.7.12.jar:2.7.12]
	at org.springframework.boot.SpringApplication.refreshContext(SpringApplication.java:408) ~[spring-boot-2.7.12.jar:2.7.12]
	at org.springframework.boot.SpringApplication.run(SpringApplication.java:307) ~[spring-boot-2.7.12.jar:2.7.12]
	at org.springframework.boot.SpringApplication.run(SpringApplication.java:1303) ~[spring-boot-2.7.12.jar:2.7.12]
	at org.springframework.boot.SpringApplication.run(SpringApplication.java:1292) ~[spring-boot-2.7.12.jar:2.7.12]
	at kr.or.kimsn.radar.web.RadarWebApplication.main(RadarWebApplication.java:14) ~[main/:?]
	at jdk.internal.reflect.NativeMethodAccessorImpl.invoke0(Native Method) ~[?:?]
	at jdk.internal.reflect.NativeMethodAccessorImpl.invoke(NativeMethodAccessorImpl.java:62) ~[?:?]
	at jdk.internal.reflect.DelegatingMethodAccessorImpl.invoke(DelegatingMethodAccessorImpl.java:43) ~[?:?]
	at java.lang.reflect.Method.invoke(Method.java:566) ~[?:?]
	at org.springframework.boot.devtools.restart.RestartLauncher.run(RestartLauncher.java:49) ~[spring-boot-devtools-2.7.12.jar:2.7.12]
2026-06-04 23:20:14.149 [INFO ] HikariPool-1 - Starting...
2026-06-04 23:20:15.078 [INFO ] HikariPool-1 - Start completed.
2026-06-04 23:20:15.205 [INFO ] HHH000204: Processing PersistenceUnitInfo [name: default]
2026-06-04 23:20:15.298 [INFO ] HHH000412: Hibernate ORM core version 5.6.15.Final
2026-06-04 23:20:15.605 [INFO ] HCANN000001: Hibernate Commons Annotations {5.1.2.Final}
2026-06-04 23:20:16.003 [INFO ] HHH000400: Using dialect: org.hibernate.dialect.MySQL8Dialect
2026-06-04 23:20:17.156 [INFO ] HHH000490: Using JtaPlatform implementation: [org.hibernate.engine.transaction.jta.platform.internal.NoJtaPlatform]
2026-06-04 23:20:17.180 [INFO ] Initialized JPA EntityManagerFactory for persistence unit 'default'
2026-06-04 23:20:18.860 [INFO ] Will secure any request with [org.springframework.security.web.session.DisableEncodeUrlFilter@17ff8263, org.springframework.security.web.context.request.async.WebAsyncManagerIntegrationFilter@6b8c2c1f, org.springframework.security.web.context.SecurityContextPersistenceFilter@574d0716, org.springframework.security.web.header.HeaderWriterFilter@2dd88ba3, org.springframework.security.web.authentication.logout.LogoutFilter@75fb2723, org.springframework.security.web.authentication.UsernamePasswordAuthenticationFilter@300078ea, org.springframework.security.web.savedrequest.RequestCacheAwareFilter@65a7d37c, org.springframework.security.web.servletapi.SecurityContextHolderAwareRequestFilter@58edaaec, org.springframework.security.web.authentication.AnonymousAuthenticationFilter@5878ceac, org.springframework.security.web.session.SessionManagementFilter@3e371493, org.springframework.security.web.access.ExceptionTranslationFilter@3f02b376, org.springframework.security.web.access.intercept.FilterSecurityInterceptor@157ed35a]
2026-06-04 23:20:19.144 [WARN ] spring.jpa.open-in-view is enabled by default. Therefore, database queries may be performed during view rendering. Explicitly configure spring.jpa.open-in-view to disable this warning
2026-06-04 23:20:20.241 [INFO ] LiveReload server is running on port 35729
2026-06-04 23:20:20.261 [INFO ] Starting ProtocolHandler ["http-nio-8700"]
2026-06-04 23:20:20.286 [INFO ] Tomcat started on port(s): 8700 (http) with context path ''
2026-06-04 23:20:20.296 [INFO ] Started RadarWebApplication in 10.918 seconds (JVM running for 13.227)
2026-06-04 23:21:07.792 [INFO ] Initializing Spring DispatcherServlet 'dispatcherServlet'
2026-06-04 23:21:07.793 [INFO ] Initializing Servlet 'dispatcherServlet'
2026-06-04 23:21:07.795 [INFO ] Completed initialization in 2 ms
2026-06-04 23:21:08.017 [INFO ] loginUser ::::: test
2026-06-04 23:22:38.113 [INFO ] Closing JPA EntityManagerFactory for persistence unit 'default'
2026-06-04 23:22:38.117 [INFO ] HikariPool-1 - Shutdown initiated...
2026-06-04 23:22:38.122 [INFO ] HikariPool-1 - Shutdown completed.
2026-06-04 23:23:03.241 [INFO ] Starting RadarWebApplication using Java 11.0.2 on haems with PID 14088 (C:\0003_kimsn\kimsn\radar-web\build\classes\java\main started by imeahmik in C:\0003_kimsn\kimsn)
2026-06-04 23:23:03.252 [DEBUG] Running with Spring Boot v2.7.12, Spring v5.3.27
2026-06-04 23:23:03.253 [INFO ] No active profile set, falling back to 1 default profile: "default"
2026-06-04 23:23:03.603 [INFO ] Devtools property defaults active! Set 'spring.devtools.add-properties' to 'false' to disable
2026-06-04 23:23:03.603 [INFO ] For additional web related logging consider setting the 'logging.level.web' property to 'DEBUG'
2026-06-04 23:23:04.972 [INFO ] Bootstrapping Spring Data JPA repositories in DEFAULT mode.
2026-06-04 23:23:05.271 [INFO ] Finished Spring Data repository scanning in 283 ms. Found 24 JPA repository interfaces.
2026-06-04 23:23:06.808 [INFO ] Tomcat initialized with port(s): 8700 (http)
2026-06-04 23:23:06.822 [INFO ] Initializing ProtocolHandler ["http-nio-8700"]
2026-06-04 23:23:06.822 [INFO ] Starting service [Tomcat]
2026-06-04 23:23:06.823 [INFO ] Starting Servlet engine: [Apache Tomcat/9.0.75]
2026-06-04 23:23:07.055 [INFO ] Initializing Spring embedded WebApplicationContext
2026-06-04 23:23:07.055 [INFO ] Root WebApplicationContext: initialization completed in 3451 ms
2026-06-04 23:23:07.189 [INFO ] HikariPool-1 - Starting...
2026-06-04 23:23:08.173 [INFO ] HikariPool-1 - Start completed.
2026-06-04 23:23:08.294 [INFO ] HHH000204: Processing PersistenceUnitInfo [name: default]
2026-06-04 23:23:08.394 [INFO ] HHH000412: Hibernate ORM core version 5.6.15.Final
2026-06-04 23:23:08.676 [INFO ] HCANN000001: Hibernate Commons Annotations {5.1.2.Final}
2026-06-04 23:23:09.114 [INFO ] HHH000400: Using dialect: org.hibernate.dialect.MySQL8Dialect
2026-06-04 23:23:10.488 [INFO ] HHH000490: Using JtaPlatform implementation: [org.hibernate.engine.transaction.jta.platform.internal.NoJtaPlatform]
2026-06-04 23:23:10.512 [INFO ] Initialized JPA EntityManagerFactory for persistence unit 'default'
2026-06-04 23:23:11.947 [INFO ] Will secure any request with [org.springframework.security.web.session.DisableEncodeUrlFilter@84d4c6a, org.springframework.security.web.context.request.async.WebAsyncManagerIntegrationFilter@6cabf5f6, org.springframework.security.web.context.SecurityContextPersistenceFilter@e29d545, org.springframework.security.web.header.HeaderWriterFilter@6e52623f, org.springframework.security.web.authentication.logout.LogoutFilter@67c203eb, org.springframework.security.web.authentication.UsernamePasswordAuthenticationFilter@52bc865, org.springframework.security.web.savedrequest.RequestCacheAwareFilter@814f600, org.springframework.security.web.servletapi.SecurityContextHolderAwareRequestFilter@450e68d9, org.springframework.security.web.authentication.AnonymousAuthenticationFilter@371870e6, org.springframework.security.web.session.SessionManagementFilter@4610d420, org.springframework.security.web.access.ExceptionTranslationFilter@2dea5f03, org.springframework.security.web.access.intercept.FilterSecurityInterceptor@2ac50a33]
2026-06-04 23:23:12.184 [WARN ] spring.jpa.open-in-view is enabled by default. Therefore, database queries may be performed during view rendering. Explicitly configure spring.jpa.open-in-view to disable this warning
2026-06-04 23:23:13.299 [INFO ] LiveReload server is running on port 35729
2026-06-04 23:23:13.322 [INFO ] Starting ProtocolHandler ["http-nio-8700"]
2026-06-04 23:23:13.355 [INFO ] Tomcat started on port(s): 8700 (http) with context path ''
2026-06-04 23:23:13.365 [INFO ] Started RadarWebApplication in 10.903 seconds (JVM running for 13.272)
2026-06-04 23:23:27.445 [INFO ] Initializing Spring DispatcherServlet 'dispatcherServlet'
2026-06-04 23:23:27.445 [INFO ] Initializing Servlet 'dispatcherServlet'
2026-06-04 23:23:27.446 [INFO ] Completed initialization in 1 ms
2026-06-04 23:23:27.604 [INFO ] loginUser ::::: test
2026-06-04 23:25:46.872 [INFO ] Closing JPA EntityManagerFactory for persistence unit 'default'
2026-06-04 23:25:46.876 [INFO ] HikariPool-1 - Shutdown initiated...
2026-06-04 23:25:46.880 [INFO ] HikariPool-1 - Shutdown completed.
2026-06-04 23:26:09.041 [INFO ] Starting RadarWebApplication using Java 11.0.2 on haems with PID 17232 (C:\0003_kimsn\kimsn\radar-web\build\classes\java\main started by imeahmik in C:\0003_kimsn\kimsn)
2026-06-04 23:26:09.054 [DEBUG] Running with Spring Boot v2.7.12, Spring v5.3.27
2026-06-04 23:26:09.055 [INFO ] No active profile set, falling back to 1 default profile: "default"
2026-06-04 23:26:09.406 [INFO ] Devtools property defaults active! Set 'spring.devtools.add-properties' to 'false' to disable
2026-06-04 23:26:09.408 [INFO ] For additional web related logging consider setting the 'logging.level.web' property to 'DEBUG'
2026-06-04 23:26:10.675 [INFO ] Bootstrapping Spring Data JPA repositories in DEFAULT mode.
2026-06-04 23:26:10.979 [INFO ] Finished Spring Data repository scanning in 286 ms. Found 24 JPA repository interfaces.
2026-06-04 23:26:12.299 [INFO ] Tomcat initialized with port(s): 8700 (http)
2026-06-04 23:26:12.315 [INFO ] Initializing ProtocolHandler ["http-nio-8700"]
2026-06-04 23:26:12.315 [INFO ] Starting service [Tomcat]
2026-06-04 23:26:12.316 [INFO ] Starting Servlet engine: [Apache Tomcat/9.0.75]
2026-06-04 23:26:12.573 [INFO ] Initializing Spring embedded WebApplicationContext
2026-06-04 23:26:12.573 [INFO ] Root WebApplicationContext: initialization completed in 3164 ms
2026-06-04 23:26:12.691 [INFO ] HikariPool-1 - Starting...
2026-06-04 23:26:13.516 [INFO ] HikariPool-1 - Start completed.
2026-06-04 23:26:13.674 [INFO ] HHH000204: Processing PersistenceUnitInfo [name: default]
2026-06-04 23:26:13.777 [INFO ] HHH000412: Hibernate ORM core version 5.6.15.Final
2026-06-04 23:26:14.073 [INFO ] HCANN000001: Hibernate Commons Annotations {5.1.2.Final}
2026-06-04 23:26:14.450 [INFO ] HHH000400: Using dialect: org.hibernate.dialect.MySQL8Dialect
2026-06-04 23:26:15.970 [INFO ] HHH000490: Using JtaPlatform implementation: [org.hibernate.engine.transaction.jta.platform.internal.NoJtaPlatform]
2026-06-04 23:26:15.998 [INFO ] Initialized JPA EntityManagerFactory for persistence unit 'default'
2026-06-04 23:26:17.758 [INFO ] Will secure any request with [org.springframework.security.web.session.DisableEncodeUrlFilter@38706140, org.springframework.security.web.context.request.async.WebAsyncManagerIntegrationFilter@5d6226d4, org.springframework.security.web.context.SecurityContextPersistenceFilter@53828dd9, org.springframework.security.web.header.HeaderWriterFilter@101ccb9a, org.springframework.security.web.authentication.logout.LogoutFilter@e7ef3, org.springframework.security.web.authentication.UsernamePasswordAuthenticationFilter@32d73ef6, org.springframework.security.web.savedrequest.RequestCacheAwareFilter@d78d785, org.springframework.security.web.servletapi.SecurityContextHolderAwareRequestFilter@6b9cefbf, org.springframework.security.web.authentication.AnonymousAuthenticationFilter@56498300, org.springframework.security.web.session.SessionManagementFilter@7ac0ccd4, org.springframework.security.web.access.ExceptionTranslationFilter@4a487388, org.springframework.security.web.access.intercept.FilterSecurityInterceptor@675333d1]
2026-06-04 23:26:18.054 [WARN ] spring.jpa.open-in-view is enabled by default. Therefore, database queries may be performed during view rendering. Explicitly configure spring.jpa.open-in-view to disable this warning
2026-06-04 23:26:19.246 [INFO ] LiveReload server is running on port 35729
2026-06-04 23:26:19.266 [INFO ] Starting ProtocolHandler ["http-nio-8700"]
2026-06-04 23:26:19.296 [INFO ] Tomcat started on port(s): 8700 (http) with context path ''
2026-06-04 23:26:19.306 [INFO ] Started RadarWebApplication in 11.107 seconds (JVM running for 13.476)
2026-06-04 23:27:21.093 [INFO ] Initializing Spring DispatcherServlet 'dispatcherServlet'
2026-06-04 23:27:21.095 [INFO ] Initializing Servlet 'dispatcherServlet'
2026-06-04 23:27:21.096 [INFO ] Completed initialization in 1 ms
2026-06-04 23:27:21.263 [INFO ] loginUser ::::: test
2026-06-04 23:35:49.667 [INFO ] Closing JPA EntityManagerFactory for persistence unit 'default'
2026-06-04 23:35:49.686 [INFO ] HikariPool-1 - Shutdown initiated...
2026-06-04 23:35:49.790 [INFO ] HikariPool-1 - Shutdown completed.
2026-06-04 23:36:11.797 [INFO ] Starting RadarWebApplication using Java 11.0.2 on haems with PID 14128 (C:\0003_kimsn\kimsn\radar-web\build\classes\java\main started by imeahmik in C:\0003_kimsn\kimsn)
2026-06-04 23:36:11.813 [DEBUG] Running with Spring Boot v2.7.12, Spring v5.3.27
2026-06-04 23:36:11.814 [INFO ] No active profile set, falling back to 1 default profile: "default"
2026-06-04 23:36:12.237 [INFO ] Devtools property defaults active! Set 'spring.devtools.add-properties' to 'false' to disable
2026-06-04 23:36:12.238 [INFO ] For additional web related logging consider setting the 'logging.level.web' property to 'DEBUG'
2026-06-04 23:36:13.407 [INFO ] Bootstrapping Spring Data JPA repositories in DEFAULT mode.
2026-06-04 23:36:13.710 [INFO ] Finished Spring Data repository scanning in 288 ms. Found 24 JPA repository interfaces.
2026-06-04 23:36:15.032 [INFO ] Tomcat initialized with port(s): 8700 (http)
2026-06-04 23:36:15.045 [INFO ] Initializing ProtocolHandler ["http-nio-8700"]
2026-06-04 23:36:15.045 [INFO ] Starting service [Tomcat]
2026-06-04 23:36:15.046 [INFO ] Starting Servlet engine: [Apache Tomcat/9.0.75]
2026-06-04 23:36:15.289 [INFO ] Initializing Spring embedded WebApplicationContext
2026-06-04 23:36:15.289 [INFO ] Root WebApplicationContext: initialization completed in 3050 ms
2026-06-04 23:36:15.444 [INFO ] HikariPool-1 - Starting...
2026-06-04 23:36:16.292 [INFO ] HikariPool-1 - Start completed.
2026-06-04 23:36:16.452 [INFO ] HHH000204: Processing PersistenceUnitInfo [name: default]
2026-06-04 23:36:16.545 [INFO ] HHH000412: Hibernate ORM core version 5.6.15.Final
2026-06-04 23:36:16.816 [INFO ] HCANN000001: Hibernate Commons Annotations {5.1.2.Final}
2026-06-04 23:36:17.304 [INFO ] HHH000400: Using dialect: org.hibernate.dialect.MySQL8Dialect
2026-06-04 23:36:18.627 [INFO ] HHH000490: Using JtaPlatform implementation: [org.hibernate.engine.transaction.jta.platform.internal.NoJtaPlatform]
2026-06-04 23:36:18.657 [INFO ] Initialized JPA EntityManagerFactory for persistence unit 'default'
2026-06-04 23:36:20.317 [INFO ] Will secure any request with [org.springframework.security.web.session.DisableEncodeUrlFilter@21e8b275, org.springframework.security.web.context.request.async.WebAsyncManagerIntegrationFilter@3283a03c, org.springframework.security.web.context.SecurityContextPersistenceFilter@2ee82dc1, org.springframework.security.web.header.HeaderWriterFilter@2d2b54bd, org.springframework.security.web.authentication.logout.LogoutFilter@7c2afc96, org.springframework.security.web.authentication.UsernamePasswordAuthenticationFilter@2bad1954, org.springframework.security.web.savedrequest.RequestCacheAwareFilter@f556359, org.springframework.security.web.servletapi.SecurityContextHolderAwareRequestFilter@4186f22a, org.springframework.security.web.authentication.AnonymousAuthenticationFilter@71277881, org.springframework.security.web.session.SessionManagementFilter@6a977de1, org.springframework.security.web.access.ExceptionTranslationFilter@63f24d8b, org.springframework.security.web.access.intercept.FilterSecurityInterceptor@4588c35a]
2026-06-04 23:36:20.611 [WARN ] spring.jpa.open-in-view is enabled by default. Therefore, database queries may be performed during view rendering. Explicitly configure spring.jpa.open-in-view to disable this warning
2026-06-04 23:36:21.771 [INFO ] LiveReload server is running on port 35729
2026-06-04 23:36:21.788 [INFO ] Starting ProtocolHandler ["http-nio-8700"]
2026-06-04 23:36:21.814 [INFO ] Tomcat started on port(s): 8700 (http) with context path ''
2026-06-04 23:36:21.830 [INFO ] Started RadarWebApplication in 10.779 seconds (JVM running for 13.072)
2026-06-04 23:36:57.835 [INFO ] Initializing Spring DispatcherServlet 'dispatcherServlet'
2026-06-04 23:36:57.836 [INFO ] Initializing Servlet 'dispatcherServlet'
2026-06-04 23:36:57.838 [INFO ] Completed initialization in 2 ms
2026-06-04 23:36:58.406 [INFO ] loginUser ::::: test
2026-06-04 23:41:07.177 [INFO ] Closing JPA EntityManagerFactory for persistence unit 'default'
2026-06-04 23:41:07.192 [INFO ] HikariPool-1 - Shutdown initiated...
2026-06-04 23:41:07.244 [INFO ] HikariPool-1 - Shutdown completed.
